"country","cur_name","cur_code","city","urban_class","wage_eur","cap_eur","cap_index","milk_eur"
"Denmark","Danish Krone","DKK","Copenhagen","Urban",18.72766,12.03921,0.642857142857143,2.13
"China","Yuan Renminbi","CNY","Shenzhen","Urban",3.901068,11.1830616,2.86666666666667,1.77
"USA","US dollar","USD","West Richland","Suburban",15.5952936,10.46664,0.671140939597315,1.06
"Switzerland","Swiss Franc","CHF","St. Moritz","Rural",28.226172,9.51444,0.337078651685393,2.22
"Denmark","Danish Krone","DKK","Copenhagen","Urban",18.72766,8.694985,0.464285714285714,2.13
"Singapore","Singapore Dollar","SGD","Singapore","Urban",13.174772732,8.11909868,0.616261004660798,3.08
"France","Euro","EUR","Paris","Urban",15,8,0.533333333333333,1.37
"Switzerland","Swiss Franc","CHF","Bern","Suburban",24.31468,7.188688,0.295652173913043,2.22
"Saudi Arabia","Saudi Riyal","SAR","Jeddah","Urban",4.8753222,7.4290624,1.52380952380952,1.72
"Denmark","Danish Krone","DKK","Copenhagen","Urban",25.3492255,7.357295,0.29023746701847,2.13
"Denmark","Danish Krone","DKK","Copenhagen","Urban",18.72766,7.223526,0.385714285714286,2.13
"Switzerland","Swiss Franc","CHF","Geneva","Urban",28.54332,6.87154,0.240740740740741,2.22
"Switzerland","Swiss Franc","CHF","Geneva","Urban",25.953278,6.87154,0.264765784114053,2.22
"France","Euro","EUR","Paris","Urban",14,7,0.5,1.37
"Denmark","Danish Krone","DKK","Aalborg","Urban",21.40304,6.955988,0.325,2.13
"Denmark","Danish Krone","DKK","Copenhagen","Urban",18.058815,6.955988,0.385185185185185,2.13
"UK","Pound Sterling","GBP","Cambridge","Urban",15.132845,6.98439,0.461538461538462,1.69
"USA","US dollar","USD","Holland","Suburban",11.4435264,6.97776,0.609756097560976,1.06
"UK","Pound Sterling","GBP","Montclair","Suburban",17.460975,6.751577,0.386666666666667,1.69
"Denmark","Danish Krone","DKK","Copenhagen","Urban",16.721125,6.68845,0.4,2.13
"Denmark","Danish Krone","DKK","Copenhagen","Urban",18.72766,6.68845,0.357142857142857,2.13
"Denmark","Danish Krone","DKK","Copenhagen","Urban",19.396505,6.68845,0.344827586206897,2.13
"Denmark","Danish Krone","DKK","Copenhagen","Urban",22.071885,6.68845,0.303030303030303,2.13
"UK","Pound Sterling","GBP","London","Urban",15.132845,6.6118892,0.436923076923077,1.69
"Switzerland","Swiss Franc","CHF","Zürich","Urban",29.60048,6.34296,0.214285714285714,2.22
"Switzerland","Swiss Franc","CHF","Zürich","Urban",28.54332,6.34296,0.222222222222222,2.22
"Denmark","Danish Krone","DKK","Copenhagen","Suburban",29.161642,6.554681,0.224770642201835,2.13
"Switzerland","Swiss Franc","CHF","Zürich","Urban",21.1432,6.237244,0.295,2.22
"Denmark","Danish Krone","DKK","Copenhagen","Urban",18.72766,6.420912,0.342857142857143,2.13
"Denmark","Danish Krone","DKK","Copenhagen","Urban",20.06535,6.420912,0.32,2.13
"Denmark","Danish Krone","DKK","Vedbæk","Suburban",20.734195,6.420912,0.309677419354839,2.13
"UK","Pound Sterling","GBP","Newcastle","Urban",14.21323365,6.4023575,0.45045045045045,1.69
"Switzerland","Swiss Franc","CHF","Olten","Urban",21.883212,6.131528,0.280193236714976,2.22
"USA","US dollar","USD","","Suburban",13.95552,6.3933726,0.458125,1.06
"Switzerland","Swiss Franc","CHF","Zürich","Urban",26.429,6.025812,0.228,2.22
"Denmark","Danish Krone","DKK","Copenhagen","Urban",19.396505,6.153374,0.317241379310345,2.13
"Denmark","Danish Krone","DKK","Copenhagen","Urban",22.071885,6.153374,0.278787878787879,2.13
"Switzerland","Swiss Franc","CHF","Bern","Urban",27.48616,5.920096,0.215384615384615,2.22
"Switzerland","Swiss Franc","CHF","Zürich","Urban",25.1181216,5.920096,0.235690235690236,2.22
"Iceland","Iceland Krona","ISK","Reykjavik","Urban",20.2651380512,6.305983552,0.311173974540311,NA
"USA","US dollar","USD","Waikiki","Urban",15.69996,6.10554,0.388888888888889,1.06
"USA","US dollar","USD","Catskill, NY","Rural",23.54994,6.10554,0.259259259259259,1.06
"USA","US dollar","USD","Los Angeles","Urban",15.26385,6.10554,0.4,1.06
"USA","US dollar","USD","Seattle","Urban",18.31662,6.10554,0.333333333333333,1.06
"USA","US dollar","USD","New York City","Urban",17.4444,6.10554,0.35,1.06
"USA","US dollar","USD","New York City","Urban",26.1666,6.10554,0.233333333333333,1.06
"USA","US dollar","USD","Dallas","Urban",11.33886,6.10554,0.538461538461538,1.06
"USA","US dollar","USD","Austin","Urban",10.46664,6.10554,0.583333333333333,1.06
"USA","US dollar","USD","New York City","Urban",17.00829,6.10554,0.358974358974359,1.06
"USA","US dollar","USD","San Francisco","Urban",21.8055,6.10554,0.28,1.06
"USA","US dollar","USD","Prescott","Urban",21.8055,6.10554,0.28,1.06
"Denmark","Danish Krone","DKK","Aarhus","Urban",11.102827,6.019605,0.542168674698795,2.13
"Denmark","Danish Krone","DKK","Copenhagen","Urban",12.03921,6.019605,0.5,2.13
"Denmark","Danish Krone","DKK","Copenhagen","Urban",19.396505,6.019605,0.310344827586207,2.13
"Denmark","Danish Krone","DKK","Copenhagen","Urban",20.06535,6.019605,0.3,2.13
"Denmark","Danish Krone","DKK","Svendborg","Suburban",17.38997,6.019605,0.346153846153846,2.13
"Denmark","Danish Krone","DKK","Copenhagen","Suburban",20.06535,6.019605,0.3,2.13
"Switzerland","Swiss Franc","CHF","Aarau",NA,26.429,5.81438,0.22,2.22
"Switzerland","Swiss Franc","CHF","Zürich","Urban",22.20036,5.81438,0.261904761904762,2.22
"Switzerland","Swiss Franc","CHF","St.Gallen","Urban",28.437604,5.81438,0.204460966542751,2.22
"Finland","Euro","EUR","Helsinki","Urban",15.64,6,0.383631713554987,1.37
"Germany","Euro","EUR","Stuttgart","Urban",50,6,0.12,1.35
"France","Euro","EUR","Toulouse","Suburban",13,6,0.461538461538462,1.37
"USA","US dollar","USD","Saint Paul, MN","Urban",14.2782414,5.9921514,0.419670128283445,1.06
"Qatar","Qatari Rial","QAR","Doha","Urban",1.909976,5.968675,3.125,2.12
"Switzerland","Swiss Franc","CHF","Lausanne","Urban",24.31468,5.708664,0.234782608695652,2.22
"Iceland","Iceland Krona","ISK","Akureyri","Urban",13.61519176,6.09100684,0.447368421052632,NA
"Russia","Russian Ruble","RUB","Moscow","Urban",3.10572,5.69382,1.83333333333333,1.18
"UAE","UAE Dirham","AED","Abu Dhabi","Urban",4.74958,5.936975,1.25,1.75
"UAE","UAE Dirham","AED","Umm al quwain","Rural",3.562185,5.936975,1.66666666666667,1.75
"Finland","Euro","EUR","Helsinki","Urban",15,5.8,0.386666666666667,1.37
"UK","Pound Sterling","GBP","London","Urban",16.29691,5.820325,0.357142857142857,1.69
"Denmark","Danish Krone","DKK","Copenhagen","Urban",18.995198,5.752067,0.302816901408451,2.13
"USA","US dollar","USD","Seattle","Urban",20.06106,5.7740964,0.287826086956522,1.06
"UK","Pound Sterling","GBP","London","Urban",20.3711375,5.7039185,0.28,1.69
"UK","Pound Sterling","GBP","London","Urban",16.29691,5.7039185,0.35,1.69
"USA","US dollar","USD","League City, TX","Suburban",13.737465,5.713041,0.415873015873016,1.06
"Turkey","Turkish Lira","TRY","Istanbul","Urban",0.9915075,5.18085,5.22522522522523,1.05
"Denmark","Danish Krone","DKK","Aarhus","Urban",23.142037,5.618298,0.242774566473988,2.13
"Denmark","Danish Krone","DKK","Ebeltoft","Suburban",18.058815,5.618298,0.311111111111111,2.13
"Denmark","Danish Krone","DKK","Copenhagen","Urban",24.07842,5.618298,0.233333333333333,2.13
"Denmark","Danish Krone","DKK","","Urban",18.72766,5.618298,0.3,2.13
"Denmark","Danish Krone","DKK","Aarhus","Urban",18.72766,5.618298,0.3,2.13
"Denmark","Danish Krone","DKK","Copenhagen","Urban",20.06535,5.618298,0.28,2.13
"USA","US dollar","USD","New York City","Urban",17.4444,5.66943,0.325,1.06
"USA","US dollar","USD","Colorado Springs","Urban",10.46664,5.66943,0.541666666666667,1.06
"USA","US dollar","USD","","Rural",19.18884,5.66943,0.295454545454545,1.06
"USA","US dollar","USD","Wenatchee","Suburban",14.9411286,5.66943,0.379451255107998,1.06
"USA","US dollar","USD","New York City","Urban",10.46664,5.66943,0.541666666666667,1.06
"USA","US dollar","USD","Berkeley","Urban",19.62495,5.66943,0.288888888888889,1.06
"USA","US dollar","USD","Los Angeles","Urban",17.4444,5.66943,0.325,1.06
"USA","US dollar","USD","New York City","Urban",15.69996,5.66943,0.361111111111111,1.06
"USA","US dollar","USD","San Francisco","Urban",17.662455,5.66943,0.320987654320988,1.06
"Norway","Norwegian Krone","NOK","Bergen",NA,15.7226302,5.82662178,0.370588235294118,2.49
"UK","Pound Sterling","GBP","Sheffield","Urban",14.21323365,5.587512,0.393120393120393,1.69
"UK","Pound Sterling","GBP","London","Urban",17.460975,5.587512,0.32,1.69
"UK","Pound Sterling","GBP","","Rural",16.29691,5.587512,0.342857142857143,1.69
"Sweden","Swedish Krona","SEK","Malmö","Urban",15.0428495,5.309241,0.352941176470588,1.66
"Sweden","Swedish Krona","SEK","Stockholm","Suburban",10.35301995,5.309241,0.512820512820513,1.66
"Sweden","Swedish Krona","SEK","Malmö","Urban",14.24646335,5.309241,0.372670807453416,1.66
"Sweden","Swedish Krona","SEK","Malmö","Urban",14.42343805,5.309241,0.368098159509202,1.66
"Czechia","Czech Koruna","CZK","Prague","Urban",6.57328,5.546205,0.84375,1.2
"USA","US dollar","USD","Fort Myers, FL","Suburban",13.0833,5.5647636,0.425333333333333,1.06
"France","Euro","EUR","Paris","Urban",15,5.5,0.366666666666667,1.37
"Netherlands","Euro","EUR","Rotterdam",NA,14.4,5.5,0.381944444444444,1.35
"Netherlands","Euro","EUR","Rotterdam","Urban",22.5,5.5,0.244444444444444,1.35
"France","Euro","EUR","Versailles","Urban",8,5.5,0.6875,1.37
"France","Euro","EUR","Paris","Urban",12.02,5.5,0.45757071547421,1.37
"France","Euro","EUR","Paris","Urban",13,5.5,0.423076923076923,1.37
"USA","US dollar","USD","Los Angeles","Urban",17.4444,5.538597,0.3175,1.06
"Switzerland","Swiss Franc","CHF","Nyon","Urban",28.01474,5.2858,0.188679245283019,2.22
"Switzerland","Swiss Franc","CHF","Lausanne","Urban",26.429,5.2858,0.2,2.22
"UK","Pound Sterling","GBP","London","Urban",21.5352025,5.4711055,0.254054054054054,1.69
"UK","Pound Sterling","GBP","London","Urban",17.1117555,5.4711055,0.319727891156463,1.69
"Taiwan","New Taiwan Dollar","TWD","Taichung","Urban",6.0308138,5.482558,0.909090909090909,3.07
"USA","US dollar","USD","Los Angeles","Urban",19.18884,5.451375,0.284090909090909,1.06
"USA","US dollar","USD","Long Island, NY","Suburban",13.301355,5.451375,0.40983606557377,1.06
"USA","US dollar","USD","Boston","Urban",16.57218,5.451375,0.328947368421053,1.06
"USA","US dollar","USD","San Francisco","Urban",18.8137854,5.451375,0.289754288363468,1.06
"USA","US dollar","USD","Westlake Village","Suburban",15.6476268,5.451375,0.348383500557414,1.06
"USA","US dollar","USD","Los Angeles","Urban",17.4444,5.451375,0.3125,1.06
"Denmark","Danish Krone","DKK","Copenhagen","Urban",20.06535,5.35076,0.266666666666667,2.13
"Denmark","Danish Krone","DKK","Copenhagen","Urban",17.38997,5.35076,0.307692307692308,2.13
"France","Euro","EUR","Lyon","Urban",10,5.35,0.535,1.37
"Norway","Norwegian Krone","NOK","Stavanger","Urban",18.9402202274,5.5491636,0.292983055813272,2.49
"Norway","Norwegian Krone","NOK","Bergen","Urban",18.9596423,5.5491636,0.292682926829268,2.49
"Uruguay","Peso Uruguayo","UYU","Salto","Urban",3.4744,5.42875,1.5625,1.2
"USA","US dollar","USD","Kirkland Washington","Urban",16.57218,5.3728752,0.32421052631579,1.06
"UK","Pound Sterling","GBP","Lincoln","Urban",17.26308395,5.354699,0.31018206338503,1.69
"UK","Pound Sterling","GBP","Liverpool","Urban",14.44604665,5.354699,0.370668815471394,1.69
"UK","Pound Sterling","GBP","Liverpool","Urban",14.7836255,5.354699,0.362204724409449,1.69
"UK","Pound Sterling","GBP","London","Urban",18.62504,5.354699,0.2875,1.69
"Belgium","Euro","EUR","Leuven","Urban",15.21,5.3,0.348454963839579,1.33
"Turkey","Turkish Lira","TRY","Istanbul","Urban",2.32245,4.82355,2.07692307692308,1.05
"Norway","Norwegian Krone","NOK","Sandnes","Urban",17.34113625,5.45667754,0.314666666666667,2.49
"Norway","Norwegian Krone","NOK","Bodø","Urban",18.9402202274,5.45667754,0.288100004883051,2.49
"Netherlands","Euro","EUR","Tilburg","Urban",18.5,5.25,0.283783783783784,1.35
"Switzerland","Swiss Franc","CHF","Lucerne","Suburban",24.31468,5.074368,0.208695652173913,2.22
"USA","US dollar","USD","Sacramento","Urban",14.740518,5.2856532,0.358579881656805,1.06
"Denmark","Danish Krone","DKK","Vejle","Urban",18.72766,5.216991,0.278571428571429,2.13
"USA","US dollar","USD","Nashville, TN","Urban",8.7222,5.2682088,0.604,1.06
"USA","US dollar","USD","Nashville, Tn","Urban",11.33886,5.2682088,0.464615384615385,1.06
"Ireland","Euro","EUR","Waterford","Urban",14.05,5.2,0.370106761565836,1.62
"UK","Pound Sterling","GBP","Leeds","Urban",14.21323365,5.2382925,0.368550368550369,1.69
"UK","Pound Sterling","GBP","Near York","Rural",15.7148775,5.2382925,0.333333333333333,1.69
"UK","Pound Sterling","GBP","London","Urban",15.7148775,5.2382925,0.333333333333333,1.69
"UK","Pound Sterling","GBP","Glasgow","Suburban",17.460975,5.2382925,0.3,1.69
"UK","Pound Sterling","GBP","","Rural",14.25979625,5.2382925,0.36734693877551,1.69
"UK","Pound Sterling","GBP","London","Urban",16.58792625,5.2382925,0.31578947368421,1.69
"UK","Pound Sterling","GBP","London","Urban",19.49808875,5.2382925,0.26865671641791,1.69
"UK","Pound Sterling","GBP","London","Urban",19.789105,5.2382925,0.264705882352941,1.69
"UK","Pound Sterling","GBP","London","Urban",23.048487,5.2382925,0.227272727272727,1.69
"UK","Pound Sterling","GBP","London","Urban",16.29691,5.2382925,0.321428571428571,1.69
"UK","Pound Sterling","GBP","","Rural",16.00589375,5.2382925,0.327272727272727,1.69
"UK","Pound Sterling","GBP","Ballymena","Suburban",17.460975,5.2382925,0.3,1.69
"UK","Pound Sterling","GBP","Bristol","Urban",15.7148775,5.2382925,0.333333333333333,1.69
"UK","Pound Sterling","GBP","London","Urban",16.12230025,5.2382925,0.324909747292419,1.69
"USA","US dollar","USD","Dripping Springs, Texas","Suburban",13.0833,5.23332,0.4,1.06
"USA","US dollar","USD","Renton","Suburban",20.93328,5.23332,0.25,1.06
"USA","US dollar","USD","Napa, Ca","Urban",14.740518,5.23332,0.355029585798817,1.06
"USA","US dollar","USD","San Marcos, TX","Urban",5.451375,5.23332,0.96,1.06
"USA","US dollar","USD","Phoenix","Suburban",11.33886,5.23332,0.461538461538462,1.06
"USA","US dollar","USD","West Hollywood, CA","Urban",20.322726,5.23332,0.257510729613734,1.06
"USA","US dollar","USD","Minneapolis","Urban",13.9293534,5.23332,0.375704445835942,1.06
"USA","US dollar","USD","Salt Lake City","Urban",13.95552,5.23332,0.375,1.06
"USA","US dollar","USD","Houghton","Rural",14.653296,5.23332,0.357142857142857,1.06
"USA","US dollar","USD","Houghton, MI","Rural",14.086353,5.23332,0.371517027863777,1.06
"USA","US dollar","USD","Speedway, Indiana","Suburban",16.57218,5.23332,0.31578947368421,1.06
"USA","US dollar","USD","Staunton, VA","Urban",15.69996,5.23332,0.333333333333333,1.06
"USA","US dollar","USD","San Francisco","Urban",21.36939,5.23332,0.244897959183673,1.06
"USA","US dollar","USD","Tulsa, OK","Urban",13.95552,5.23332,0.375,1.06
"USA","US dollar","USD","Nashville","Urban",18.31662,5.23332,0.285714285714286,1.06
"USA","US dollar","USD","New York City","Urban",18.31662,5.23332,0.285714285714286,1.06
"USA","US dollar","USD","Aurora IL","Suburban",15.69996,5.23332,0.333333333333333,1.06
"USA","US dollar","USD","Fayetteville, Ar","Urban",10.46664,5.23332,0.5,1.06
"USA","US dollar","USD","New York City","Urban",17.4444,5.23332,0.3,1.06
"USA","US dollar","USD","San Luis Obispo","Suburban",17.4444,5.23332,0.3,1.06
"USA","US dollar","USD","Los Angeles","Urban",18.31662,5.23332,0.285714285714286,1.06
"USA","US dollar","USD","Wilmington, DE","Suburban",10.90275,5.23332,0.48,1.06
"USA","US dollar","USD","Boston","Urban",16.57218,5.23332,0.31578947368421,1.06
"USA","US dollar","USD","Washington DC","Urban",14.82774,5.23332,0.352941176470588,1.06
"USA","US dollar","USD","Dallas","Urban",13.0833,5.23332,0.4,1.06
"USA","US dollar","USD","","Urban",14.82774,5.23332,0.352941176470588,1.06
"USA","US dollar","USD","Alexandria Virginia","Suburban",17.4444,5.23332,0.3,1.06
"USA","US dollar","USD","","Suburban",15.69996,5.23332,0.333333333333333,1.06
"USA","US dollar","USD","Nashville","Suburban",28.78326,5.23332,0.181818181818182,1.06
"USA","US dollar","USD","","Rural",9.59442,5.23332,0.545454545454545,1.06
"USA","US dollar","USD","New York City","Urban",15.69996,5.23332,0.333333333333333,1.06
"USA","US dollar","USD","Los Angeles","Suburban",15.69996,5.23332,0.333333333333333,1.06
"USA","US dollar","USD","Nashville, TN","Urban",15.69996,5.23332,0.333333333333333,1.06
"USA","US dollar","USD","","Suburban",14.39163,5.23332,0.363636363636364,1.06
"USA","US dollar","USD","New York City","Urban",16.13607,5.2245978,0.323783783783784,1.06
"USA","US dollar","USD","New York City","Urban",12.21108,5.2245978,0.427857142857143,1.06
"Norway","Norwegian Krone","NOK","Oslo","Urban",20.3469332,5.36419148,0.263636363636364,2.49
"Norway","Norwegian Krone","NOK","Oslo","Urban",18.497212,5.36419148,0.29,2.49
"Poland","Zloty","PLN","Warsaw","Urban",10.08414,5.04207,0.5,1.05
"USA","US dollar","USD","Boston","Urban",10.03053,5.189709,0.517391304347826,1.06
"USA","US dollar","USD","Branson",NA,13.95552,5.189709,0.371875,1.06
"USA","US dollar","USD","Los Angeles","Urban",14.82774,5.189709,0.35,1.06
"USA","US dollar","USD","Burlingame","Urban",20.93328,5.1809868,0.2475,1.06
"USA","US dollar","USD","Milwaukee, WI","Urban",27.256875,5.1635424,0.18944,1.06
"Finland","Euro","EUR","Helsinki","Suburban",24,5.1,0.2125,1.37
"Austria","Euro","EUR","Salzburg","Urban",17,5.1,0.3,1.74
"USA","US dollar","USD","Hollywood, FL","Urban",10.46664,5.1373758,0.490833333333333,1.06
"Denmark","Danish Krone","DKK","Silkeborg","Urban",18.72766,5.083222,0.271428571428571,2.13
"UK","Pound Sterling","GBP","London","Urban",17.28636525,5.121886,0.296296296296296,1.69
"UK","Pound Sterling","GBP","London","Urban",15.7148775,5.121886,0.325925925925926,1.69
"UK","Pound Sterling","GBP","Falmouth",NA,16.6461295,5.121886,0.307692307692308,1.69
"UK","Pound Sterling","GBP","Derby","Urban",14.00370195,5.121886,0.365752285951787,1.69
"UK","Pound Sterling","GBP","Edinburgh","Urban",15.4820645,5.121886,0.330827067669173,1.69
"UK","Pound Sterling","GBP","Doncaster","Suburban",14.900032,5.121886,0.34375,1.69
"UK","Pound Sterling","GBP","","Suburban",15.9476905,5.121886,0.321167883211679,1.69
"UK","Pound Sterling","GBP","London","Urban",14.21323365,5.121886,0.36036036036036,1.69
"UK","Pound Sterling","GBP","Cambridge","Urban",14.21323365,5.121886,0.36036036036036,1.69
"UK","Pound Sterling","GBP","Edinburgh","Urban",15.132845,5.121886,0.338461538461538,1.69
"UK","Pound Sterling","GBP","London","Urban",19.2070725,5.121886,0.266666666666667,1.69
"UK","Pound Sterling","GBP","London","Urban",14.3179995,5.121886,0.357723577235772,1.69
"UK","Pound Sterling","GBP","London","Urban",19.9055115,5.121886,0.257309941520468,1.69
"UK","Pound Sterling","GBP","Southampton","Urban",14.42276535,5.121886,0.355125100887813,1.69
"UK","Pound Sterling","GBP","","Urban",14.434406,5.121886,0.354838709677419,1.69
"UK","Pound Sterling","GBP","Southampton","Urban",14.5508125,5.121886,0.352,1.69
"UK","Pound Sterling","GBP","Edinburgh","Urban",14.5508125,5.121886,0.352,1.69
"Sweden","Swedish Krona","SEK","Malmö","Urban",13.71553925,4.86680425,0.354838709677419,1.66
"Sweden","Swedish Krona","SEK","Sundsvall","Urban",13.18461515,4.86680425,0.369127516778524,1.66
"China","Hong Kong Dollar","HKD","Hong Kong","Urban",8.89444,5.114303,0.575,1.77
"Norway","Norwegian Krone","NOK","Bergen","Urban",20.06947502,5.27170542,0.262672811059908,2.49
"Norway","Norwegian Krone","NOK","Trondheim","Urban",18.86715624,5.27170542,0.279411764705882,2.49
"USA","US dollar","USD","New York City","Urban",14.82774,5.0763204,0.342352941176471,1.06
"Canada","Canadian Dollar","CAD","Calgary","Urban",11.20725,4.981,0.444444444444444,2.24
"USA","US dollar","USD","Seattle","Urban",18.1072872,5.0501538,0.278901734104046,1.06
"France","Euro","EUR","Paris","Urban",11.5,5,0.434782608695652,1.37
"France","Euro","EUR","Paris","Urban",12,5,0.416666666666667,1.37
"Germany","Euro","EUR","Berlin","Urban",15,5,0.333333333333333,1.35
"Lithuania","Euro","EUR","Vilnius","Urban",8,5,0.625,1.57
"Greece","Euro","EUR","Athens","Urban",6,5,0.833333333333333,1.75
"France","Euro","EUR","Paris","Urban",12.6,5,0.396825396825397,1.37
"France","Euro","EUR","Paris","Urban",25,5,0.2,1.37
"Germany","Euro","EUR","Hamburg","Urban",32,5,0.15625,1.35
"Finland","Euro","EUR","Helsinki","Urban",16,5,0.3125,1.37
"Germany","Euro","EUR","Dortmund","Urban",20,5,0.25,1.35
"Greece","Euro","EUR","Athens","Urban",2,5,2.5,1.75
"France","Euro","EUR","Paris","Urban",11.83,5,0.422654268808115,1.37
"Netherlands","Euro","EUR","Amsterdam","Urban",23,5,0.217391304347826,1.35
"USA","US dollar","USD","Los Angeles","Urban",17.4444,5.015265,0.2875,1.06
"USA","US dollar","USD","Santa Barbara, CA","Urban",15.69996,5.015265,0.319444444444444,1.06
"USA","US dollar","USD","Seatac","Urban",17.5926774,5.015265,0.285076846802181,1.06
"USA","US dollar","USD","Gresham Oregon","Suburban",14.39163,5.015265,0.348484848484849,1.06
"USA","US dollar","USD","Merced, CA",NA,14.740518,5.015265,0.340236686390533,1.06
"USA","US dollar","USD","Pasadena, CA","Suburban",15.7348488,5.015265,0.318736141906874,1.06
"UK","Pound Sterling","GBP","London","Urban",16.12230025,5.0054795,0.310469314079422,1.69
"UK","Pound Sterling","GBP","London","Urban",19.789105,5.0054795,0.252941176470588,1.69
"UK","Pound Sterling","GBP","London","Urban",18.0430075,5.0054795,0.27741935483871,1.69
"UK","Pound Sterling","GBP","Bath","Urban",15.7148775,5.0054795,0.318518518518518,1.69
"UK","Pound Sterling","GBP","London","Urban",15.0164385,5.0054795,0.333333333333333,1.69
"UK","Pound Sterling","GBP","London","Urban",18.62504,5.0054795,0.26875,1.69
"UK","Pound Sterling","GBP","Belfast","Urban",14.4809686,5.0054795,0.345659163987138,1.69
"China","Hong Kong Dollar","HKD","Hong Kong","Urban",8.3385375,5.0031225,0.6,1.77
"UAE","UAE Dirham","AED","Dubai","Urban",17.098488,4.987059,0.291666666666667,1.75
"USA","US dollar","USD","Seattle","Urban",18.578286,4.971654,0.267605633802817,1.06
"USA","US dollar","USD","Bowing Green Ohio","Rural",8.7222,4.9629318,0.569,1.06
"UK","Pound Sterling","GBP","Edinburgh","Urban",15.132845,4.94727625,0.326923076923077,1.69
"UK","Pound Sterling","GBP","Manchester","Urban",14.21323365,4.94727625,0.348075348075348,1.69
"UK","Pound Sterling","GBP","","Urban",20.3711375,4.94727625,0.242857142857143,1.69
"USA","US dollar","USD","Austin","Urban",16.397736,4.9542096,0.302127659574468,1.06
"Germany","Euro","EUR","Hamburg","Urban",15,4.9,0.326666666666667,1.35
"Germany","Euro","EUR","Oldenburg","Urban",13.9,4.9,0.352517985611511,1.35
"Netherlands","Euro","EUR","Amsterdam","Urban",14.7,4.9,0.333333333333333,1.35
"France","Euro","EUR","Paris","Urban",9.55,4.9,0.513089005235602,1.37
"France","Euro","EUR","Paris","Urban",15,4.9,0.326666666666667,1.37
"USA","US dollar","USD","Boston",NA,15.69996,4.9454874,0.315,1.06
"Norway","Norwegian Krone","NOK","Oslo","Urban",23.121515,5.0867333,0.22,2.49
"Norway","Norwegian Krone","NOK","Stavanger","Urban",18.0347817,5.0867333,0.282051282051282,2.49
"Norway","Norwegian Krone","NOK","Bergen","Urban",21.2717938,5.0867333,0.239130434782609,2.49
"USA","US dollar","USD","Santa Clara","Suburban",20.06106,4.928043,0.245652173913044,1.06
"USA","US dollar","USD","Near Denver CO","Suburban",13.301355,4.928043,0.370491803278689,1.06
"USA","US dollar","USD","Seattle","Urban",19.014396,4.928043,0.259174311926606,1.06
"USA","US dollar","USD","Phoenix","Urban",12.21108,4.9193208,0.402857142857143,1.06
"USA","US dollar","USD","Thousand Oaks","Suburban",15.26385,4.9105986,0.321714285714286,1.06
"UK","Pound Sterling","GBP","Portsmouth","Suburban",15.132845,4.889073,0.323076923076923,1.69
"UK","Pound Sterling","GBP","Bath","Urban",14.5508125,4.889073,0.336,1.69
"UK","Pound Sterling","GBP","London","Urban",14.21323365,4.889073,0.343980343980344,1.69
"UK","Pound Sterling","GBP","Liverpool","Suburban",14.21323365,4.889073,0.343980343980344,1.69
"UK","Pound Sterling","GBP","Lewes","Suburban",15.7148775,4.889073,0.311111111111111,1.69
"UK","Pound Sterling","GBP","Bristol","Urban",16.29691,4.889073,0.3,1.69
"UK","Pound Sterling","GBP","London","Suburban",18.62504,4.889073,0.2625,1.69
"UK","Pound Sterling","GBP","Hastings","Urban",14.21323365,4.889073,0.343980343980344,1.69
"UK","Pound Sterling","GBP","London","Urban",16.12230025,4.889073,0.303249097472924,1.69
"UK","Pound Sterling","GBP","Bristol","Urban",15.132845,4.889073,0.323076923076923,1.69
"UK","Pound Sterling","GBP","Glasgow","Urban",14.79526615,4.889073,0.33044846577498,1.69
"UK","Pound Sterling","GBP","London","Urban",16.29691,4.889073,0.3,1.69
"UK","Pound Sterling","GBP","Poole","Suburban",8.78869075,4.889073,0.556291390728477,1.69
"UK","Pound Sterling","GBP","Newcastle Upon Tyne","Urban",14.21323365,4.889073,0.343980343980344,1.69
"UK","Pound Sterling","GBP","Edinburgh","Urban",14.900032,4.889073,0.328125,1.69
"UK","Pound Sterling","GBP","Manchester","Urban",14.7137816,4.889073,0.332278481012658,1.69
"UK","Pound Sterling","GBP","London","Urban",22.38496995,4.889073,0.218408736349454,1.69
"UK","Pound Sterling","GBP","London","Urban",19.789105,4.889073,0.247058823529412,1.69
"UK","Pound Sterling","GBP","Leeds",NA,14.21323365,4.889073,0.343980343980344,1.69
"UK","Pound Sterling","GBP","Cambridge","Suburban",15.365658,4.889073,0.318181818181818,1.69
"UK","Pound Sterling","GBP","","Rural",15.6450336,4.889073,0.3125,1.69
"UK","Pound Sterling","GBP","London","Urban",14.5508125,4.889073,0.336,1.69
"UK","Pound Sterling","GBP","London","Urban",17.228162,4.889073,0.283783783783784,1.69
"UK","Pound Sterling","GBP","London","Urban",17.1117555,4.889073,0.285714285714286,1.69
"UK","Pound Sterling","GBP","London","Urban",17.460975,4.889073,0.28,1.69
"UK","Pound Sterling","GBP","Belfast","Urban",14.21323365,4.889073,0.343980343980344,1.69
"UK","Pound Sterling","GBP","Farnham","Suburban",16.762536,4.889073,0.291666666666667,1.69
"UK","Pound Sterling","GBP","Bristol","Urban",14.21323365,4.889073,0.343980343980344,1.69
"UK","Pound Sterling","GBP","Cardiff",NA,14.21323365,4.889073,0.343980343980344,1.69
"UK","Pound Sterling","GBP","Aberdeen","Urban",15.132845,4.889073,0.323076923076923,1.69
"UK","Pound Sterling","GBP","London","Urban",16.8789425,4.889073,0.289655172413793,1.69
"UK","Pound Sterling","GBP","Edinburgh","Urban",15.132845,4.889073,0.323076923076923,1.69
"UK","Pound Sterling","GBP","Bristol","Urban",14.5508125,4.889073,0.336,1.69
"UK","Pound Sterling","GBP","Cambridge","Suburban",15.7148775,4.889073,0.311111111111111,1.69
"UK","Pound Sterling","GBP","London","Urban",15.07464175,4.889073,0.324324324324324,1.69
"UK","Pound Sterling","GBP","Birmingham","Urban",14.3179995,4.889073,0.341463414634146,1.69
"USA","US dollar","USD","Washington DC","Urban",11.77497,4.8931542,0.415555555555556,1.06
"Norway","Norwegian Krone","NOK","Oslo","Suburban",23.121515,4.99424724,0.216,2.49
"Norway","Norwegian Krone","NOK","Bergen","Suburban",20.3469332,4.99424724,0.245454545454545,2.49
"Norway","Norwegian Krone","NOK","Oslo","Urban",18.31223988,4.99424724,0.272727272727273,2.49
"Norway","Norwegian Krone","NOK","Oslo","Urban",21.36427986,4.99424724,0.233766233766234,2.49
"Sweden","Swedish Krona","SEK","Stockholm","Urban",14.77738745,4.6013422,0.311377245508982,1.66
"Sweden","Swedish Krona","SEK","Skövde","Urban",14.24646335,4.6013422,0.322981366459627,1.66
"Sweden","Swedish Krona","SEK","Stora Höga","Suburban",14.6889001,4.6013422,0.313253012048193,1.66
"Austria","Euro","EUR","Vienna","Urban",18.7,4.8,0.25668449197861,1.74
"Netherlands","Euro","EUR","Eindhoven","Urban",13.32,4.8,0.36036036036036,1.35
"Austria","Euro","EUR","Vienna","Urban",11,4.8,0.436363636363636,1.74
"Germany","Euro","EUR","Hamburg","Urban",18.4,4.8,0.260869565217391,1.35
"Germany","Euro","EUR","Hamburg","Urban",13.9,4.8,0.345323741007194,1.35
"Ireland","Euro","EUR","Dublin","Suburban",18,4.8,0.266666666666667,1.62
"Netherlands","Euro","EUR","Utrecht","Urban",16.4,4.8,0.292682926829268,1.35
"Germany","Euro","EUR","Luebeck","Suburban",12.5,4.8,0.384,1.35
"UK","Pound Sterling","GBP","Liverpool","Urban",14.79526615,4.83086975,0.326514555468135,1.69
"USA","US dollar","USD","Seattle","Urban",18.927174,4.8059322,0.253917050691244,1.06
"USA","US dollar","USD","Deland","Urban",13.0833,4.79721,0.366666666666667,1.06
"USA","US dollar","USD","New York City","Urban",14.82774,4.79721,0.323529411764706,1.06
"USA","US dollar","USD","Berkeley","Urban",18.31662,4.79721,0.261904761904762,1.06
"USA","US dollar","USD","Charleston","Urban",17.4444,4.79721,0.275,1.06
"USA","US dollar","USD","Fairfax","Suburban",13.0833,4.79721,0.366666666666667,1.06
"USA","US dollar","USD","Austin","Urban",13.0833,4.79721,0.366666666666667,1.06
"USA","US dollar","USD","San José","Urban",16.13607,4.79721,0.297297297297297,1.06
"USA","US dollar","USD","Chicago","Urban",14.39163,4.79721,0.333333333333333,1.06
"USA","US dollar","USD","Normal, IL",NA,12.21108,4.79721,0.392857142857143,1.06
"USA","US dollar","USD","Santa Barbara, CA","Urban",23.54994,4.79721,0.203703703703704,1.06
"USA","US dollar","USD","Los Angeles","Urban",15.525516,4.79721,0.308988764044944,1.06
"USA","US dollar","USD","Seattle","Urban",18.578286,4.79721,0.258215962441315,1.06
"USA","US dollar","USD","Detroit","Urban",17.4444,4.79721,0.275,1.06
"USA","US dollar","USD","Washington DC","Urban",13.0833,4.79721,0.366666666666667,1.06
"USA","US dollar","USD","Los Angeles","Urban",17.4444,4.79721,0.275,1.06
"USA","US dollar","USD","Seattle","Urban",18.31662,4.79721,0.261904761904762,1.06
"USA","US dollar","USD","Menlo Park","Suburban",20.06106,4.79721,0.239130434782609,1.06
"USA","US dollar","USD","New York City","Urban",13.51941,4.79721,0.354838709677419,1.06
"USA","US dollar","USD","Biloxi","Suburban",11.33886,4.79721,0.423076923076923,1.06
"USA","US dollar","USD","Nashville","Urban",12.952467,4.79721,0.37037037037037,1.06
"USA","US dollar","USD","Venice","Suburban",17.357178,4.79721,0.276381909547739,1.06
"USA","US dollar","USD","Uxbridge, MA","Suburban",13.51941,4.79721,0.354838709677419,1.06
"USA","US dollar","USD","Newport Beach","Suburban",17.4444,4.79721,0.275,1.06
"USA","US dollar","USD","","Suburban",13.95552,4.79721,0.34375,1.06
"USA","US dollar","USD","Dearborn Heights","Suburban",21.8055,4.79721,0.22,1.06
"USA","US dollar","USD","New York City","Urban",18.31662,4.79721,0.261904761904762,1.06
"USA","US dollar","USD","Indianapolis","Urban",14.82774,4.79721,0.323529411764706,1.06
"USA","US dollar","USD","Dana Point","Suburban",19.18884,4.79721,0.25,1.06
"USA","US dollar","USD","Minneapolis","Urban",14.304408,4.79721,0.335365853658537,1.06
"USA","US dollar","USD","Glendale, CA","Suburban",17.4444,4.79721,0.275,1.06
"USA","US dollar","USD","Seattle","Urban",20.06106,4.79721,0.239130434782609,1.06
"USA","US dollar","USD","Dallas","Suburban",8.7222,4.79721,0.55,1.06
"USA","US dollar","USD","Saint Louis, MO","Urban",9.59442,4.79721,0.5,1.06
"USA","US dollar","USD","San Antonio","Urban",9.812475,4.79721,0.488888888888889,1.06
"USA","US dollar","USD","Washington DC","Urban",16.57218,4.79721,0.289473684210526,1.06
"USA","US dollar","USD","Baltimore","Urban",15.26385,4.79721,0.314285714285714,1.06
"USA","US dollar","USD","Huntington Beach, California","Suburban",14.39163,4.79721,0.333333333333333,1.06
"USA","US dollar","USD","Richmond, VA","Urban",11.77497,4.79721,0.407407407407407,1.06
"USA","US dollar","USD","Huntington Beach","Suburban",15.26385,4.79721,0.314285714285714,1.06
"USA","US dollar","USD","Atlanta","Urban",9.59442,4.79721,0.5,1.06
"USA","US dollar","USD","Weatherford, Texas","Suburban",10.46664,4.79721,0.458333333333333,1.06
"USA","US dollar","USD","Long Beach","Urban",16.57218,4.79721,0.289473684210526,1.06
"USA","US dollar","USD","Philadelphia","Urban",22.67772,4.79721,0.211538461538462,1.06
"USA","US dollar","USD","St. Louis","Urban",10.46664,4.79721,0.458333333333333,1.06
"USA","US dollar","USD","New Orleans","Urban",13.0833,4.79721,0.366666666666667,1.06
"USA","US dollar","USD","New York City","Urban",14.5311852,4.79721,0.330132052821128,1.06
"USA","US dollar","USD","Princeton","Suburban",13.95552,4.79721,0.34375,1.06
"Netherlands","Euro","EUR","Rotterdam",NA,20,4.75,0.2375,1.35
"USA","US dollar","USD","","Suburban",13.95552,4.7884878,0.343125,1.06
"USA","US dollar","USD","Germantown","Suburban",8.7222,4.7884878,0.549,1.06
"USA","US dollar","USD","Washington DC","Urban",16.57218,4.7884878,0.288947368421053,1.06
"USA","US dollar","USD","Los Angeles","Urban",17.4444,4.7884878,0.2745,1.06
"UK","Pound Sterling","GBP","Reading",NA,16.8789425,4.7726665,0.282758620689655,1.69
"UK","Pound Sterling","GBP","Stafford","Urban",14.21323365,4.7726665,0.335790335790336,1.69
"UK","Pound Sterling","GBP","Edinburgh","Urban",14.434406,4.7726665,0.330645161290323,1.69
"UK","Pound Sterling","GBP","London","Urban",16.8789425,4.7726665,0.282758620689655,1.69
"UK","Pound Sterling","GBP","Huddersfield","Rural",17.8101945,4.7726665,0.26797385620915,1.69
"UK","Pound Sterling","GBP","London","Suburban",13.96878,4.7726665,0.341666666666667,1.69
"UK","Pound Sterling","GBP","Huddersfield","Urban",14.56245315,4.7726665,0.327737809752198,1.69
"UK","Pound Sterling","GBP","Shrewsbury, Shropshire","Urban",14.21323365,4.7726665,0.335790335790336,1.69
"UK","Pound Sterling","GBP","Bristol","Urban",14.434406,4.7726665,0.330645161290323,1.69
"UK","Pound Sterling","GBP","Eastbourne","Suburban",12.2226825,4.7726665,0.39047619047619,1.69
"UK","Pound Sterling","GBP","Oxford","Urban",15.132845,4.7726665,0.315384615384615,1.69
"UK","Pound Sterling","GBP","Swansea","Urban",15.132845,4.7726665,0.315384615384615,1.69
"UK","Pound Sterling","GBP","Edinburgh","Urban",14.667219,4.7726665,0.325396825396825,1.69
"UK","Pound Sterling","GBP","Bath","Urban",14.434406,4.7726665,0.330645161290323,1.69
"UK","Pound Sterling","GBP","Cardiff","Urban",14.667219,4.7726665,0.325396825396825,1.69
"UK","Pound Sterling","GBP","London","Urban",17.460975,4.7726665,0.273333333333333,1.69
"UK","Pound Sterling","GBP","Leeds","Suburban",14.21323365,4.7726665,0.335790335790336,1.69
"UK","Pound Sterling","GBP","Aberdeen","Suburban",14.21323365,4.7726665,0.335790335790336,1.69
"UK","Pound Sterling","GBP","Bath","Urban",14.3179995,4.7726665,0.333333333333333,1.69
"UK","Pound Sterling","GBP","Oxford",NA,14.667219,4.7726665,0.325396825396825,1.69
"UK","Pound Sterling","GBP","York","Urban",15.132845,4.7726665,0.315384615384615,1.69
"UK","Pound Sterling","GBP","Southampton","Urban",14.21323365,4.7726665,0.335790335790336,1.69
"UK","Pound Sterling","GBP","London","Suburban",14.84182875,4.7726665,0.32156862745098,1.69
"UK","Pound Sterling","GBP","London","Urban",15.30745475,4.7726665,0.311787072243346,1.69
"UK","Pound Sterling","GBP","Leeds","Urban",14.3179995,4.7726665,0.333333333333333,1.69
"UK","Pound Sterling","GBP","Leeds","Urban",14.5508125,4.7726665,0.328,1.69
"USA","US dollar","USD","Kalamazoo, MI",NA,13.301355,4.753599,0.357377049180328,1.06
"USA","US dollar","USD","Chico, Ca","Suburban",14.39163,4.753599,0.33030303030303,1.06
"USA","US dollar","USD","Newark, CA","Suburban",17.662455,4.753599,0.269135802469136,1.06
"USA","US dollar","USD","Brooklyn","Urban",20.93328,4.7448768,0.226666666666667,1.06
"USA","US dollar","USD","Buffalo, NY","Urban",15.69996,4.7448768,0.302222222222222,1.06
"Germany","Euro","EUR","Kiel","Urban",14.97,4.7,0.313961255845023,1.35
"France","Euro","EUR","Chamonix","Urban",14,4.7,0.335714285714286,1.37
"Finland","Euro","EUR","Helsinki","Urban",14,4.7,0.335714285714286,1.37
"Netherlands","Euro","EUR","Amsterdam","Urban",15,4.7,0.313333333333333,1.35
"Israel","New Israeli Sheqel","ILS","Haifa","Urban",12.9094965,4.8769209,0.377777777777778,2.49
"Israel","New Israeli Sheqel","ILS","Tel Aviv","Urban",12.0488634,4.8769209,0.404761904761905,2.49
"USA","US dollar","USD","Oyster bay","Suburban",10.46664,4.7361546,0.4525,1.06
"USA","US dollar","USD","San Antonio","Urban",9.15831,4.7361546,0.517142857142857,1.06
"Denmark","Danish Krone","DKK","Copenhagen","Urban",20.06535,4.681915,0.233333333333333,2.13
"Poland","Zloty","PLN","Warsaw","Urban",8.021475,4.5837,0.571428571428571,1.05
"USA","US dollar","USD","Boston","Urban",21.36939,4.709988,0.220408163265306,1.06
"USA","US dollar","USD","Traverse City, Michigan","Suburban",10.46664,4.709988,0.45,1.06
"USA","US dollar","USD","Seattle","Urban",18.6044526,4.709988,0.253164556962025,1.06
"USA","US dollar","USD","Albuquerque","Urban",13.51941,4.6925436,0.347096774193548,1.06
"USA","US dollar","USD","Tallahassee","Suburban",12.429135,4.6925436,0.377543859649123,1.06
"Costa Rica","Costa Rican Colon","CRC","Heredia","Urban",4.29011,4.875125,1.13636363636364,2.41
"USA","US dollar","USD","St. Paul","Urban",15.002184,4.6838214,0.312209302325581,1.06
"China","Hong Kong Dollar","HKD","Hong Kong","Urban",10.97351535,4.669581,0.425531914893617,1.77
"China","Hong Kong Dollar","HKD","Hong Kong","Urban",7.4490935,4.669581,0.626865671641791,1.77
"USA","US dollar","USD","Portland","Suburban",14.39163,4.666377,0.324242424242424,1.06
"USA","US dollar","USD","","Urban",15.26385,4.666377,0.305714285714286,1.06
"USA","US dollar","USD","Asheville, NC","Urban",21.020502,4.666377,0.221991701244813,1.06
"UK","Pound Sterling","GBP","London","Urban",16.29691,4.65626,0.285714285714286,1.69
"UK","Pound Sterling","GBP","London","Urban",14.5508125,4.65626,0.32,1.69
"UK","Pound Sterling","GBP","Oxford","Urban",13.3867475,4.65626,0.347826086956522,1.69
"UK","Pound Sterling","GBP","Manchester","Suburban",15.132845,4.65626,0.307692307692308,1.69
"UK","Pound Sterling","GBP","Teesside","Urban",17.3445685,4.65626,0.268456375838926,1.69
"UK","Pound Sterling","GBP","Bath","Urban",14.4111247,4.65626,0.323101777059774,1.69
"UK","Pound Sterling","GBP","Frome, Somerset",NA,16.29691,4.65626,0.285714285714286,1.69
"UK","Pound Sterling","GBP","London","Urban",15.7148775,4.65626,0.296296296296296,1.69
"UK","Pound Sterling","GBP","Guildford","Suburban",13.04916865,4.65626,0.356824264049955,1.69
"UK","Pound Sterling","GBP","Glasgow","Urban",15.132845,4.65626,0.307692307692308,1.69
"UK","Pound Sterling","GBP","London","Suburban",19.789105,4.65626,0.235294117647059,1.69
"UK","Pound Sterling","GBP","Gatwick","Urban",18.857853,4.65626,0.246913580246914,1.69
"UK","Pound Sterling","GBP","Preston","Suburban",14.667219,4.65626,0.317460317460317,1.69
"UK","Pound Sterling","GBP","Edinburgh","Urban",13.96878,4.65626,0.333333333333333,1.69
"UK","Pound Sterling","GBP","Bath","Urban",15.132845,4.65626,0.307692307692308,1.69
"UK","Pound Sterling","GBP","London","Urban",17.460975,4.65626,0.266666666666667,1.69
"UK","Pound Sterling","GBP","","Suburban",14.5508125,4.65626,0.32,1.69
"UK","Pound Sterling","GBP","Liverpool","Suburban",14.5508125,4.65626,0.32,1.69
"UK","Pound Sterling","GBP","London","Urban",18.62504,4.65626,0.25,1.69
"UK","Pound Sterling","GBP","Liverpool","Urban",16.29691,4.65626,0.285714285714286,1.69
"UK","Pound Sterling","GBP","Manchester","Urban",15.132845,4.65626,0.307692307692308,1.69
"UK","Pound Sterling","GBP","Hertfordshire","Suburban",14.21323365,4.65626,0.327600327600328,1.69
"UK","Pound Sterling","GBP","St. James park ( westminster)","Urban",16.8789425,4.65626,0.275862068965517,1.69
"UK","Pound Sterling","GBP","London","Urban",18.0430075,4.65626,0.258064516129032,1.69
"UK","Pound Sterling","GBP","London","Rural",15.132845,4.65626,0.307692307692308,1.69
"UK","Pound Sterling","GBP","Leicester","Urban",14.56245315,4.65626,0.319744204636291,1.69
"UK","Pound Sterling","GBP","Winchester",NA,15.132845,4.65626,0.307692307692308,1.69
"UK","Pound Sterling","GBP","Manchester","Urban",15.831284,4.65626,0.294117647058824,1.69
"UK","Pound Sterling","GBP","Edinburgh","Urban",14.21323365,4.65626,0.327600327600328,1.69
"UK","Pound Sterling","GBP","Leeds","Urban",15.7148775,4.65626,0.296296296296296,1.69
"UK","Pound Sterling","GBP","Wakefield","Suburban",15.132845,4.65626,0.307692307692308,1.69
"UK","Pound Sterling","GBP","London","Urban",17.28636525,4.65626,0.269360269360269,1.69
"UK","Pound Sterling","GBP","London","Urban",19.2070725,4.65626,0.242424242424242,1.69
"UK","Pound Sterling","GBP","Exeter","Urban",16.56464495,4.65626,0.28109627547435,1.69
"UK","Pound Sterling","GBP","Leeds","Urban",13.3867475,4.65626,0.347826086956522,1.69
"UK","Pound Sterling","GBP","Eastbourne","Urban",15.132845,4.65626,0.307692307692308,1.69
"UK","Pound Sterling","GBP","Bournemouth","Urban",15.132845,4.65626,0.307692307692308,1.69
"UK","Pound Sterling","GBP","Birmingham","Urban",14.3179995,4.65626,0.32520325203252,1.69
"UK","Pound Sterling","GBP","Worcester","Suburban",15.7148775,4.65626,0.296296296296296,1.69
"UK","Pound Sterling","GBP","London","Urban",17.16995875,4.65626,0.271186440677966,1.69
"UK","Pound Sterling","GBP","Birmingham","Urban",15.132845,4.65626,0.307692307692308,1.69
"UK","Pound Sterling","GBP","Lyme Regis","Urban",15.7148775,4.65626,0.296296296296296,1.69
"UK","Pound Sterling","GBP","Bristol","Urban",16.29691,4.65626,0.285714285714286,1.69
"UK","Pound Sterling","GBP","Bournemouth","Urban",15.7148775,4.65626,0.296296296296296,1.69
"UK","Pound Sterling","GBP","London","Urban",17.228162,4.65626,0.27027027027027,1.69
"UK","Pound Sterling","GBP","Edinburgh","Urban",15.7148775,4.65626,0.296296296296296,1.69
"UK","Pound Sterling","GBP","Edinburgh","Urban",14.4576873,4.65626,0.322061191626409,1.69
"UK","Pound Sterling","GBP","London","Urban",16.529723,4.65626,0.28169014084507,1.69
"UK","Pound Sterling","GBP","Penryn","Suburban",14.900032,4.65626,0.3125,1.69
"Sweden","Swedish Krona","SEK","Stockholm","Urban",14.8658748,4.4243675,0.297619047619048,1.66
"Sweden","Swedish Krona","SEK","Stockholm","Urban",14.95436215,4.4243675,0.29585798816568,1.66
"UK","Pound Sterling","GBP","London","Urban",17.460975,4.64461935,0.266,1.69
"USA","US dollar","USD","Joplin, Missouri","Suburban",14.82774,4.6489326,0.313529411764706,1.06
"Germany","Euro","EUR","Frankfurt","Urban",14,4.6,0.328571428571429,1.35
"Belgium","Euro","EUR","Brussels","Urban",19,4.6,0.242105263157895,1.33
"UK","Pound Sterling","GBP","Milton Keynes","Suburban",14.21323365,4.59805675,0.323505323505324,1.69
"UK","Pound Sterling","GBP","Manchester","Urban",14.4809686,4.59805675,0.317524115755627,1.69
"UK","Pound Sterling","GBP","Nottingham","Urban",13.4798727,4.59805675,0.341105354058722,1.69
"UK","Pound Sterling","GBP","Glasgow","Urban",14.667219,4.59805675,0.313492063492063,1.69
"UK","Pound Sterling","GBP","Exeter","Urban",15.7148775,4.59805675,0.292592592592593,1.69
"UK","Pound Sterling","GBP","London","Suburban",15.132845,4.59805675,0.303846153846154,1.69
"UK","Pound Sterling","GBP","London","Urban",14.21323365,4.59805675,0.323505323505324,1.69
"UK","Pound Sterling","GBP","Bangor","Suburban",14.21323365,4.59805675,0.323505323505324,1.69
"UK","Pound Sterling","GBP","London","Urban",16.29691,4.59805675,0.282142857142857,1.69
"UK","Pound Sterling","GBP","London","Suburban",16.12230025,4.59805675,0.285198555956679,1.69
"UK","Pound Sterling","GBP","","Suburban",14.3179995,4.59805675,0.321138211382114,1.69
"UK","Pound Sterling","GBP","Lytham","Suburban",15.831284,4.59805675,0.290441176470588,1.69
"UK","Pound Sterling","GBP","","Rural",14.4809686,4.59805675,0.317524115755627,1.69
"USA","US dollar","USD","Atlanta","Urban",13.0833,4.5878772,0.350666666666667,1.06
"USA","US dollar","USD","Half Moon Bay","Suburban",17.4444,4.579155,0.2625,1.06
"USA","US dollar","USD","Portland, OR","Urban",16.4326248,4.579155,0.278662420382166,1.06
"USA","US dollar","USD","Portland","Urban",14.217186,4.579155,0.322085889570552,1.06
"USA","US dollar","USD","Manhattan","Urban",14.82774,4.579155,0.308823529411765,1.06
"USA","US dollar","USD","New York City","Urban",18.31662,4.579155,0.25,1.06
"USA","US dollar","USD","Charlottesville, Virginia","Urban",15.69996,4.579155,0.291666666666667,1.06
"USA","US dollar","USD","Miami","Urban",18.75273,4.579155,0.244186046511628,1.06
"USA","US dollar","USD","Montclair, New Jersey","Suburban",14.39163,4.579155,0.318181818181818,1.06
"USA","US dollar","USD","Charlotte, NC","Suburban",11.949414,4.579155,0.383211678832117,1.06
"USA","US dollar","USD","Newport Beach, California","Urban",16.57218,4.579155,0.276315789473684,1.06
"USA","US dollar","USD","Las Vegas","Urban",10.90275,4.579155,0.42,1.06
"USA","US dollar","USD","Dunnellon","Suburban",10.46664,4.579155,0.4375,1.06
"USA","US dollar","USD","Houston, TX","Urban",13.51941,4.579155,0.338709677419355,1.06
"USA","US dollar","USD","Santee","Suburban",23.54994,4.579155,0.194444444444444,1.06
"USA","US dollar","USD","Sonoma, CA","Urban",15.133017,4.579155,0.302593659942363,1.06
"USA","US dollar","USD","Denver","Urban",14.1910194,4.579155,0.322679778733866,1.06
"USA","US dollar","USD","New York City","Urban",19.18884,4.579155,0.238636363636364,1.06
"Barbados","Barbados Dollar","BBD","","Urban",8.6627,4.5479175,0.525,NA
"USA","US dollar","USD","Vancouver","Suburban",15.69996,4.579155,0.291666666666667,1.06
"USA","US dollar","USD","Northern Virginia - Washington DC Metropolitan Statistical Area","Suburban",18.31662,4.579155,0.25,1.06
"USA","US dollar","USD","Rochester, NY","Urban",13.95552,4.579155,0.328125,1.06
"USA","US dollar","USD","","Suburban",9.59442,4.579155,0.477272727272727,1.06
"USA","US dollar","USD","Boston","Urban",16.13607,4.579155,0.283783783783784,1.06
"USA","US dollar","USD","Los Angeles","Urban",17.4444,4.579155,0.2625,1.06
"USA","US dollar","USD","Los Angeles","Urban",16.57218,4.579155,0.276315789473684,1.06
"USA","US dollar","USD","Lansing, MI","Urban",13.0833,4.579155,0.35,1.06
"Sweden","Swedish Krona","SEK","Helsingborg","Urban",13.2731025,4.33588015,0.326666666666667,1.66
"UK","Pound Sterling","GBP","","Rural",14.667219,4.5398535,0.30952380952381,1.69
"UK","Pound Sterling","GBP","","Suburban",14.14338975,4.5398535,0.320987654320988,1.69
"UK","Pound Sterling","GBP","Great Malvern","Suburban",15.132845,4.5398535,0.3,1.69
"UK","Pound Sterling","GBP","Cardiff","Urban",15.0164385,4.5398535,0.302325581395349,1.69
"UK","Pound Sterling","GBP","Aberdeen","Suburban",14.3179995,4.5398535,0.317073170731707,1.69
"UK","Pound Sterling","GBP","Bath","Urban",15.7148775,4.5398535,0.288888888888889,1.69
"UK","Pound Sterling","GBP","St Albans","Urban",14.9233133,4.5398535,0.304212168486739,1.69
"UK","Pound Sterling","GBP","Aberdeen","Urban",14.1084678,4.5398535,0.321782178217822,1.69
"UK","Pound Sterling","GBP","Macclesfield","Urban",19.789105,4.5398535,0.229411764705882,1.69
"UK","Pound Sterling","GBP","Canterbury","Suburban",13.96878,4.5398535,0.325,1.69
"UK","Pound Sterling","GBP","Glasgow","Urban",14.79526615,4.5398535,0.30684500393391,1.69
"UK","Pound Sterling","GBP","Bristol","Urban",15.6450336,4.5398535,0.290178571428571,1.69
"UK","Pound Sterling","GBP","Cardiff","Urban",14.667219,4.5398535,0.30952380952381,1.69
"UK","Pound Sterling","GBP","Sheffield","Suburban",14.667219,4.5398535,0.30952380952381,1.69
"UK","Pound Sterling","GBP","Knaresborough","Urban",14.21323365,4.5398535,0.319410319410319,1.69
"UK","Pound Sterling","GBP","Winchester",NA,14.5508125,4.5398535,0.312,1.69
"UK","Pound Sterling","GBP","Dundee","Urban",14.44604665,4.5398535,0.314262691377921,1.69
"UK","Pound Sterling","GBP","Nottingham","Urban",14.667219,4.5398535,0.30952380952381,1.69
"UK","Pound Sterling","GBP","Belfast","Suburban",15.132845,4.5398535,0.3,1.69
"UK","Pound Sterling","GBP","London","Urban",17.460975,4.5398535,0.26,1.69
"UK","Pound Sterling","GBP","London","Urban",15.30745475,4.5398535,0.296577946768061,1.69
"UK","Pound Sterling","GBP","London","Urban",15.7148775,4.5398535,0.288888888888889,1.69
"UK","Pound Sterling","GBP","","Rural",15.132845,4.5398535,0.3,1.69
"UK","Pound Sterling","GBP","","Suburban",15.0164385,4.5398535,0.302325581395349,1.69
"UK","Pound Sterling","GBP","Nottinghamshire","Suburban",15.7148775,4.5398535,0.288888888888889,1.69
"UK","Pound Sterling","GBP","","Rural",14.21323365,4.5398535,0.319410319410319,1.69
"UK","Pound Sterling","GBP","Milngavie","Suburban",14.21323365,4.5398535,0.319410319410319,1.69
"UK","Pound Sterling","GBP","","Suburban",14.21323365,4.5398535,0.319410319410319,1.69
"UK","Pound Sterling","GBP","Sheffield","Urban",15.132845,4.5398535,0.3,1.69
"UK","Pound Sterling","GBP","Cardiff","Urban",16.064097,4.5398535,0.282608695652174,1.69
"UK","Pound Sterling","GBP","London","Urban",16.4133165,4.5398535,0.276595744680851,1.69
"UK","Pound Sterling","GBP","Bournemouth","Urban",12.804715,4.5398535,0.354545454545455,1.69
"UK","Pound Sterling","GBP","Edinburgh","Urban",15.7148775,4.5398535,0.288888888888889,1.69
"UK","Pound Sterling","GBP","Leeds","Urban",14.7836255,4.5398535,0.307086614173228,1.69
"UK","Pound Sterling","GBP","Leeds","Urban",15.132845,4.5398535,0.3,1.69
"UK","Pound Sterling","GBP","Glasgow","Urban",14.21323365,4.5398535,0.319410319410319,1.69
"UK","Pound Sterling","GBP","London","Urban",15.132845,4.5398535,0.3,1.69
"UK","Pound Sterling","GBP","","Rural",14.5508125,4.5398535,0.312,1.69
"UK","Pound Sterling","GBP","","Urban",16.1805035,4.5398535,0.280575539568345,1.69
"UK","Pound Sterling","GBP","Swansea","Suburban",10.010959,4.5398535,0.453488372093023,1.69
"UK","Pound Sterling","GBP","Canterbury","Urban",15.132845,4.5398535,0.3,1.69
"UK","Pound Sterling","GBP","London","Urban",16.8789425,4.5398535,0.268965517241379,1.69
"UK","Pound Sterling","GBP","","Suburban",15.37729865,4.5398535,0.295230885692657,1.69
"UK","Pound Sterling","GBP","London","Suburban",14.74870355,4.5398535,0.307813733228098,1.69
"UK","Pound Sterling","GBP","Edinburgh","Urban",14.21323365,4.5398535,0.319410319410319,1.69
"UK","Pound Sterling","GBP","Exeter","Suburban",16.6461295,4.5398535,0.272727272727273,1.69
"UK","Pound Sterling","GBP","","Suburban",15.132845,4.5398535,0.3,1.69
"UK","Pound Sterling","GBP","Nottingham","Urban",14.7836255,4.5398535,0.307086614173228,1.69
"UK","Pound Sterling","GBP","Manchester","Suburban",15.132845,4.5398535,0.3,1.69
"Australia","Australian Dollar","AUD","Sydney","Urban",19.3530831,4.653675,0.240461686437961,1.77
"Belgium","Euro","EUR","Brussels","Urban",16.7,4.5,0.269461077844311,1.33
"Finland","Euro","EUR","Helsinki","Urban",22,4.5,0.204545454545455,1.37
"Finland","Euro","EUR","Helsinki","Urban",17,4.5,0.264705882352941,1.37
"Germany","Euro","EUR","Berlin","Urban",16,4.5,0.28125,1.35
"Ireland","Euro","EUR","Limerick",NA,14.15,4.5,0.318021201413428,1.62
"Belgium","Euro","EUR","Ghent","Suburban",17,4.5,0.264705882352941,1.33
"France","Euro","EUR","Paris","Urban",13,4.5,0.346153846153846,1.37
"Germany","Euro","EUR","","Suburban",12,4.5,0.375,1.35
"Germany","Euro","EUR","Hamburg","Urban",13,4.5,0.346153846153846,1.35
"Ireland","Euro","EUR","","Rural",14.5,4.5,0.310344827586207,1.62
"Netherlands","Euro","EUR","Amsterdam","Urban",20,4.5,0.225,1.35
"Belgium","Euro","EUR","Brussels","Urban",13,4.5,0.346153846153846,1.33
"Finland","Euro","EUR","Helsinki","Urban",15.5,4.5,0.290322580645161,1.37
"Austria","Euro","EUR","Lake Attersee","Rural",13,4.5,0.346153846153846,1.74
"Finland","Euro","EUR","Helsinki","Urban",16.7,4.5,0.269461077844311,1.37
"Germany","Euro","EUR","Freiburg","Urban",13,4.5,0.346153846153846,1.35
"Germany","Euro","EUR","Chemnitz","Suburban",14,4.5,0.321428571428571,1.35
"Germany","Euro","EUR","Kassel","Urban",14,4.5,0.321428571428571,1.35
"Germany","Euro","EUR","Hamburg","Urban",15,4.5,0.3,1.35
"Ireland","Euro","EUR","Newcastle West","Suburban",15,4.5,0.3,1.62
"Ireland","Euro","EUR","Kildare","Suburban",14.9,4.5,0.302013422818792,1.62
"Netherlands","Euro","EUR","Amsterdam","Urban",15,4.5,0.3,1.35
"Finland","Euro","EUR","Helsinki","Urban",14,4.5,0.321428571428571,1.37
"Finland","Euro","EUR","Helsinki","Urban",13.52,4.5,0.332840236686391,1.37
"Belgium","Euro","EUR","Brussels","Urban",14.88,4.5,0.30241935483871,1.33
"Finland","Euro","EUR","Helsinki","Urban",12,4.5,0.375,1.37
"France","Euro","EUR","Paris","Urban",12.72,4.5,0.35377358490566,1.37
"France","Euro","EUR","Lyon","Urban",13.5,4.5,0.333333333333333,1.37
"Germany","Euro","EUR","","Urban",15,4.5,0.3,1.35
"Ireland","Euro","EUR","Limerick",NA,14.5,4.5,0.310344827586207,1.62
"Ireland","Euro","EUR","Dublin","Urban",14.15,4.5,0.318021201413428,1.62
"Netherlands","Euro","EUR","Amsterdam","Urban",18.4,4.5,0.244565217391304,1.35
"Netherlands","Euro","EUR","Rotterdam","Urban",10,4.5,0.45,1.35
"USA","US dollar","USD","Lawrence, Kansas","Suburban",13.95552,4.5268218,0.324375,1.06
"USA","US dollar","USD","Norfolk","Urban",11.33886,4.5268218,0.399230769230769,1.06
"USA","US dollar","USD","Atlanta","Urban",10.46664,4.5093774,0.430833333333333,1.06
"USA","US dollar","USD","New York City","Urban",22.67772,4.5093774,0.198846153846154,1.06
"USA","US dollar","USD","Phoenix",NA,11.33886,4.5006552,0.396923076923077,1.06
"USA","US dollar","USD","Boston","Urban",15.26385,4.491933,0.294285714285714,1.06
"USA","US dollar","USD","Tulsa, OK","Suburban",8.7222,4.491933,0.515,1.06
"USA","US dollar","USD","Boca Raton, FL","Suburban",10.46664,4.491933,0.429166666666667,1.06
"UK","Pound Sterling","GBP","Exeter","Rural",16.064097,4.48165025,0.278985507246377,1.69
"UK","Pound Sterling","GBP","Bath","Urban",14.201593,4.48165025,0.315573770491803,1.69
"UK","Pound Sterling","GBP","Halesowen","Urban",14.667219,4.48165025,0.305555555555556,1.69
"UK","Pound Sterling","GBP","Leeds","Urban",14.5508125,4.48165025,0.308,1.69
"UK","Pound Sterling","GBP","Bristol","Urban",14.667219,4.48165025,0.305555555555556,1.69
"UK","Pound Sterling","GBP","London","Urban",14.21323365,4.48165025,0.315315315315315,1.69
"UK","Pound Sterling","GBP","Stratford-upon-Avon","Rural",14.21323365,4.48165025,0.315315315315315,1.69
"UK","Pound Sterling","GBP","","Rural",14.5508125,4.48165025,0.308,1.69
"UK","Pound Sterling","GBP","","Suburban",8.78869075,4.48165025,0.509933774834437,1.69
"UK","Pound Sterling","GBP","London","Urban",19.090666,4.48165025,0.234756097560976,1.69
"UK","Pound Sterling","GBP","Pewsey, Wiltshire","Rural",14.5508125,4.48165025,0.308,1.69
"Poland","Zloty","PLN","Kraków","Urban",8.25066,4.354515,0.527777777777778,1.05
"Poland","Zloty","PLN","Warsaw","Urban",7.654779,4.354515,0.568862275449102,1.05
"Poland","Zloty","PLN","Tychy","Urban",5.4866889,4.354515,0.793650793650794,1.05
"Poland","Zloty","PLN","Wrocław","Urban",6.87555,4.354515,0.633333333333333,1.05
"Poland","Zloty","PLN","Warsaw","Urban",8.021475,4.354515,0.542857142857143,1.05
"Poland","Zloty","PLN","Kraków",NA,7.196409,4.354515,0.605095541401274,1.05
"Poland","Zloty","PLN","Warsaw","Urban",7.6776975,4.354515,0.567164179104478,1.05
"Poland","Zloty","PLN","Gdańsk","Urban",7.563105,4.354515,0.575757575757576,1.05
"USA","US dollar","USD","Fort Worth","Urban",13.95552,4.4832108,0.32125,1.06
"Sweden","Swedish Krona","SEK","Malmö","Urban",14.157976,4.2473928,0.3,1.66
"USA","US dollar","USD","Atlanta","Urban",9.245532,4.4657664,0.483018867924528,1.06
"USA","US dollar","USD","Bonney Lake","Suburban",16.877457,4.4657664,0.264599483204134,1.06
"Israel","New Israeli Sheqel","ILS","Tel Aviv","Urban",14.343885,4.5900432,0.32,2.49
"Israel","New Israeli Sheqel","ILS","Tel Aviv","Urban",17.212662,4.5900432,0.266666666666667,2.49
"Israel","New Israeli Sheqel","ILS","Rishon lezion","Suburban",12.9094965,4.5900432,0.355555555555556,2.49
"China","Hong Kong Dollar","HKD","Hong Kong","Urban",8.3385375,4.44722,0.533333333333333,1.77
"China","Hong Kong Dollar","HKD","Hong Kong","Urban",7.782635,4.44722,0.571428571428571,1.77
"Austria","Euro","EUR","Linz","Urban",12.93,4.4,0.340293890177881,1.74
"Finland","Euro","EUR","Helsinki","Urban",13,4.4,0.338461538461538,1.37
"Germany","Euro","EUR","","Urban",12.5,4.4,0.352,1.35
"Germany","Euro","EUR","Berlin","Urban",17,4.4,0.258823529411765,1.35
"Germany","Euro","EUR","Cologne","Urban",12.41,4.4,0.354552780016116,1.35
"Canada","Canadian Dollar","CAD","Toronto","Urban",11.20725,4.358375,0.388888888888889,2.24
"Canada","Canadian Dollar","CAD","Toronto","Urban",10.584625,4.358375,0.411764705882353,2.24
"USA","US dollar","USD","Traverse City","Suburban",13.0833,4.4395998,0.339333333333333,1.06
"UK","Pound Sterling","GBP","London","Urban",16.29691,4.423447,0.271428571428571,1.69
"UK","Pound Sterling","GBP","Leeds","Urban",15.132845,4.423447,0.292307692307692,1.69
"UK","Pound Sterling","GBP","London","Suburban",19.61449525,4.423447,0.225519287833828,1.69
"UK","Pound Sterling","GBP","","Rural",15.598471,4.423447,0.283582089552239,1.69
"UK","Pound Sterling","GBP","Belfast","Suburban",15.7148775,4.423447,0.281481481481481,1.69
"UK","Pound Sterling","GBP","Taunton, Somerset","Urban",15.132845,4.423447,0.292307692307692,1.69
"UK","Pound Sterling","GBP","London","Urban",16.762536,4.423447,0.263888888888889,1.69
"UK","Pound Sterling","GBP","North Berwick","Suburban",14.5508125,4.423447,0.304,1.69
"UK","Pound Sterling","GBP","London","Urban",15.42386125,4.423447,0.286792452830189,1.69
"UK","Pound Sterling","GBP","York","Suburban",14.3179995,4.423447,0.308943089430894,1.69
"UK","Pound Sterling","GBP","","Suburban",11.64065,4.423447,0.38,1.69
"UK","Pound Sterling","GBP","The Lake District","Rural",14.84182875,4.423447,0.298039215686275,1.69
"UK","Pound Sterling","GBP","Belfast","Urban",19.2070725,4.423447,0.23030303030303,1.69
"UK","Pound Sterling","GBP","London","Urban",14.667219,4.423447,0.301587301587302,1.69
"UK","Pound Sterling","GBP","Oxford","Urban",15.2492515,4.423447,0.290076335877863,1.69
"UK","Pound Sterling","GBP","","Rural",13.96878,4.423447,0.316666666666667,1.69
"UK","Pound Sterling","GBP","London","Urban",16.47151975,4.423447,0.268551236749117,1.69
"UK","Pound Sterling","GBP","","Rural",15.132845,4.423447,0.292307692307692,1.69
"UK","Pound Sterling","GBP","London",NA,16.29691,4.423447,0.271428571428571,1.69
"UK","Pound Sterling","GBP","Edinburgh","Urban",14.5508125,4.423447,0.304,1.69
"UK","Pound Sterling","GBP","Glasgow","Urban",15.365658,4.423447,0.287878787878788,1.69
"UK","Pound Sterling","GBP","Chester","Urban",14.900032,4.423447,0.296875,1.69
"UK","Pound Sterling","GBP","Sutton","Suburban",14.21323365,4.423447,0.311220311220311,1.69
"UK","Pound Sterling","GBP","","Suburban",14.8301881,4.423447,0.298273155416013,1.69
"UK","Pound Sterling","GBP","St.Ives","Rural",14.667219,4.423447,0.301587301587302,1.69
"UK","Pound Sterling","GBP","Salisbury","Urban",15.132845,4.423447,0.292307692307692,1.69
"UK","Pound Sterling","GBP","Birmingham","Suburban",17.16995875,4.423447,0.257627118644068,1.69
"UK","Pound Sterling","GBP","Bangor","Suburban",15.7148775,4.423447,0.281481481481481,1.69
"UK","Pound Sterling","GBP","Edinburgh","Urban",14.44604665,4.423447,0.306204673650282,1.69
"UK","Pound Sterling","GBP","Manchester","Urban",14.37620275,4.423447,0.307692307692308,1.69
"UK","Pound Sterling","GBP","Edinburgh","Urban",14.21323365,4.423447,0.311220311220311,1.69
"UK","Pound Sterling","GBP","Manchester","Urban",14.84182875,4.423447,0.298039215686275,1.69
"UK","Pound Sterling","GBP","","Suburban",14.7836255,4.423447,0.299212598425197,1.69
"UK","Pound Sterling","GBP","Sheffield","Urban",14.44604665,4.423447,0.306204673650282,1.69
"UK","Pound Sterling","GBP","Bristol","Urban",16.68105145,4.423447,0.265177948360084,1.69
"UK","Pound Sterling","GBP","Belfast","Urban",16.7858173,4.423447,0.263522884882108,1.69
"UK","Pound Sterling","GBP","Southampton","Suburban",17.460975,4.423447,0.253333333333333,1.69
"UK","Pound Sterling","GBP","Belfast","Urban",15.132845,4.423447,0.292307692307692,1.69
"UK","Pound Sterling","GBP","Newcastle upon tyne","Urban",14.667219,4.423447,0.301587301587302,1.69
"UK","Pound Sterling","GBP","Manchester","Urban",14.5508125,4.423447,0.304,1.69
"UK","Pound Sterling","GBP","Sunderland","Urban",14.32964015,4.423447,0.308692120227457,1.69
"UK","Pound Sterling","GBP","","Suburban",14.21323365,4.423447,0.311220311220311,1.69
"UK","Pound Sterling","GBP","York","Suburban",14.900032,4.423447,0.296875,1.69
"UK","Pound Sterling","GBP","London","Urban",19.2070725,4.423447,0.23030303030303,1.69
"UK","Pound Sterling","GBP","Brighton","Urban",16.29691,4.423447,0.271428571428571,1.69
"UK","Pound Sterling","GBP","London",NA,19.789105,4.423447,0.223529411764706,1.69
"UK","Pound Sterling","GBP","London","Suburban",14.5508125,4.423447,0.304,1.69
"UK","Pound Sterling","GBP","Huddersfield","Urban",15.63339295,4.423447,0.282948622486969,1.69
"UK","Pound Sterling","GBP","Kinross","Rural",14.5508125,4.423447,0.304,1.69
"UK","Pound Sterling","GBP","Manchester","Suburban",15.132845,4.423447,0.292307692307692,1.69
"UK","Pound Sterling","GBP","London","Urban",17.228162,4.423447,0.256756756756757,1.69
"UK","Pound Sterling","GBP","Birmingham","Urban",15.132845,4.423447,0.292307692307692,1.69
"UK","Pound Sterling","GBP","Newcastle-under-Lyme","Urban",14.84182875,4.423447,0.298039215686275,1.69
"UK","Pound Sterling","GBP","Oxford","Urban",16.29691,4.423447,0.271428571428571,1.69
"UK","Pound Sterling","GBP","Dundee","Urban",15.77308075,4.423447,0.280442804428044,1.69
"UK","Pound Sterling","GBP","Liverpool","Urban",15.4820645,4.423447,0.285714285714286,1.69
"UK","Pound Sterling","GBP","Bristol","Suburban",16.29691,4.423447,0.271428571428571,1.69
"UK","Pound Sterling","GBP","London","Urban",15.132845,4.423447,0.292307692307692,1.69
"UK","Pound Sterling","GBP","London","Urban",18.159414,4.423447,0.243589743589744,1.69
"UK","Pound Sterling","GBP","Manchester","Suburban",14.900032,4.423447,0.296875,1.69
"UK","Pound Sterling","GBP","Glasgow","Urban",14.21323365,4.423447,0.311220311220311,1.69
"UK","Pound Sterling","GBP","Bristol",NA,15.91276855,4.423447,0.27798098024872,1.69
"UK","Pound Sterling","GBP","Leeds","Urban",14.37620275,4.423447,0.307692307692308,1.69
"UK","Pound Sterling","GBP","Colwyn Bay","Suburban",14.4576873,4.423447,0.305958132045089,1.69
"UK","Pound Sterling","GBP","Hitchin","Suburban",14.5508125,4.423447,0.304,1.69
"UK","Pound Sterling","GBP","Wrexham","Urban",14.900032,4.423447,0.296875,1.69
"UK","Pound Sterling","GBP","London","Urban",13.96878,4.423447,0.316666666666667,1.69
"UK","Pound Sterling","GBP","Plymouth","Urban",14.79526615,4.423447,0.29897718332022,1.69
"UK","Pound Sterling","GBP","Cheltenham","Suburban",16.58792625,4.423447,0.266666666666667,1.69
"UK","Pound Sterling","GBP","Glasgow","Urban",14.5508125,4.423447,0.304,1.69
"UK","Pound Sterling","GBP","Bristol","Urban",16.29691,4.423447,0.271428571428571,1.69
"UK","Pound Sterling","GBP","Bristol","Urban",14.21323365,4.423447,0.311220311220311,1.69
"UK","Pound Sterling","GBP","Birmingham","Urban",16.02917505,4.423447,0.27596223674655,1.69
"UK","Pound Sterling","GBP","Bristol","Urban",15.7148775,4.423447,0.281481481481481,1.69
"UK","Pound Sterling","GBP","London","Urban",19.789105,4.423447,0.223529411764706,1.69
"UK","Pound Sterling","GBP","Liverpool","Urban",17.460975,4.423447,0.253333333333333,1.69
"UK","Pound Sterling","GBP","London","Urban",17.460975,4.423447,0.253333333333333,1.69
"UK","Pound Sterling","GBP","Bristol","Urban",14.25979625,4.423447,0.310204081632653,1.69
"UK","Pound Sterling","GBP","Oxford","Urban",15.7148775,4.423447,0.281481481481481,1.69
"UK","Pound Sterling","GBP","London","Urban",14.56245315,4.423447,0.303756994404476,1.69
"UK","Pound Sterling","GBP","Glasgow","Urban",15.132845,4.423447,0.292307692307692,1.69
"UK","Pound Sterling","GBP","Harrogate","Suburban",16.8789425,4.423447,0.262068965517241,1.69
"UK","Pound Sterling","GBP","Glasgow","Urban",13.96878,4.423447,0.316666666666667,1.69
"UK","Pound Sterling","GBP","Newcastle","Urban",14.434406,4.423447,0.306451612903226,1.69
"UK","Pound Sterling","GBP","Leeds","Urban",14.7836255,4.423447,0.299212598425197,1.69
"UK","Pound Sterling","GBP","Derry closest","Rural",15.132845,4.423447,0.292307692307692,1.69
"UK","Pound Sterling","GBP","Oxford","Urban",14.3878434,4.423447,0.307443365695793,1.69
"UK","Pound Sterling","GBP","Cheltenham","Urban",14.21323365,4.423447,0.311220311220311,1.69
"UK","Pound Sterling","GBP","London","Urban",11.4776809,4.423447,0.385395537525355,1.69
"USA","US dollar","USD","St. Petersburg, FL","Urban",13.0833,4.4308776,0.338666666666667,1.06
"Singapore","Singapore Dollar","SGD","","Urban",6.822772,4.4348018,0.65,3.08
"Singapore","Singapore Dollar","SGD","","Urban",12.2809896,4.4348018,0.361111111111111,3.08
"UK","Pound Sterling","GBP","Plymouth","Rural",14.5508125,4.41180635,0.3032,1.69
"UK","Pound Sterling","GBP","","Rural",14.5508125,4.41180635,0.3032,1.69
"USA","US dollar","USD","McKinney Texas","Suburban",12.21108,4.404711,0.360714285714286,1.06
"USA","US dollar","USD","Austin","Urban",9.59442,4.404711,0.459090909090909,1.06
"USA","US dollar","USD","","Rural",10.46664,4.404711,0.420833333333333,1.06
"USA","US dollar","USD","Houston, TX","Suburban",12.429135,4.3959888,0.353684210526316,1.06
"Japan","Yen","JPY","Tokyo","Urban",6.6324,4.4216,0.666666666666667,1.48
"Mexico","Mexican Peso","MXN","Ciudad de México","Urban",2.092689225,4.5658674,2.18181818181818,1.74
"USA","US dollar","USD","Kansas City, Missouri","Urban",19.18884,4.3872666,0.228636363636364,1.06
"USA","US dollar","USD","Ocean city, Maryland","Rural",15.69996,4.3872666,0.279444444444444,1.06
"USA","US dollar","USD","Ypsilanti","Urban",17.4444,4.3872666,0.2515,1.06
"Sweden","Swedish Krona","SEK","Stockholm","Urban",7.742643125,4.15890545,0.537142857142857,1.66
"USA","US dollar","USD","Chicago","Urban",19.62495,4.3785444,0.223111111111111,1.06
"UK","Pound Sterling","GBP","Nottingham","Urban",14.44604665,4.36524375,0.302175664786463,1.69
"UK","Pound Sterling","GBP","Norwich","Urban",14.667219,4.36524375,0.297619047619048,1.69
"UK","Pound Sterling","GBP","Belfast","Urban",14.5508125,4.36524375,0.3,1.69
"UK","Pound Sterling","GBP","Cardiff","Urban",15.132845,4.36524375,0.288461538461538,1.69
"UK","Pound Sterling","GBP","Manchester","Suburban",12.804715,4.36524375,0.340909090909091,1.69
"UK","Pound Sterling","GBP","Brighton and Hove","Urban",18.857853,4.36524375,0.231481481481481,1.69
"UK","Pound Sterling","GBP","London","Urban",17.28636525,4.36524375,0.252525252525253,1.69
"UK","Pound Sterling","GBP","Nottinghamshire","Suburban",14.21323365,4.36524375,0.307125307125307,1.69
"UK","Pound Sterling","GBP","Ross-on-wye","Suburban",14.25979625,4.36524375,0.306122448979592,1.69
"UK","Pound Sterling","GBP","","Rural",14.21323365,4.36524375,0.307125307125307,1.69
"UK","Pound Sterling","GBP","","Rural",15.132845,4.36524375,0.288461538461538,1.69
"UK","Pound Sterling","GBP","","Rural",16.8789425,4.36524375,0.258620689655172,1.69
"UK","Pound Sterling","GBP","Bristol","Urban",14.7836255,4.36524375,0.295275590551181,1.69
"UK","Pound Sterling","GBP","Edinburgh","Urban",16.58792625,4.36524375,0.263157894736842,1.69
"UK","Pound Sterling","GBP","Lancaster","Suburban",14.3179995,4.36524375,0.304878048780488,1.69
"UK","Pound Sterling","GBP","Leeds","Suburban",16.58792625,4.36524375,0.263157894736842,1.69
"UK","Pound Sterling","GBP","Topsham",NA,15.7148775,4.36524375,0.277777777777778,1.69
"UK","Pound Sterling","GBP","Exeter",NA,16.00589375,4.36524375,0.272727272727273,1.69
"UK","Pound Sterling","GBP","Blackpool","Urban",14.900032,4.36524375,0.29296875,1.69
"USA","US dollar","USD","Salt Lake City","Urban",17.4444,4.3611,0.25,1.06
"USA","US dollar","USD","San Francisco","Urban",21.8055,4.3611,0.2,1.06
"USA","US dollar","USD","Santa Barbara, CA","Urban",20.93328,4.3611,0.208333333333333,1.06
"USA","US dollar","USD","Murfreesboro, TN","Suburban",18.31662,4.3611,0.238095238095238,1.06
"USA","US dollar","USD","Olympia, WA","Suburban",21.8055,4.3611,0.2,1.06
"USA","US dollar","USD","Atlanta","Urban",10.46664,4.3611,0.416666666666667,1.06
"USA","US dollar","USD","Savannah","Urban",10.46664,4.3611,0.416666666666667,1.06
"USA","US dollar","USD","Knoxville","Urban",8.7222,4.3611,0.5,1.06
"USA","US dollar","USD","Traverse City","Suburban",12.64719,4.3611,0.344827586206897,1.06
"USA","US dollar","USD","Chico",NA,18.75273,4.3611,0.232558139534884,1.06
"USA","US dollar","USD","Lexington, KY","Urban",7.84998,4.3611,0.555555555555556,1.06
"USA","US dollar","USD","Las Vegas","Urban",18.31662,4.3611,0.238095238095238,1.06
"USA","US dollar","USD","Duluth","Urban",11.33886,4.3611,0.384615384615385,1.06
"USA","US dollar","USD","San Luis Obispo","Rural",15.69996,4.3611,0.277777777777778,1.06
"USA","US dollar","USD","San Francisco","Urban",18.31662,4.3611,0.238095238095238,1.06
"USA","US dollar","USD","Salem MA","Urban",13.51941,4.3611,0.32258064516129,1.06
"USA","US dollar","USD","Santa Barbara, CA","Suburban",14.39163,4.3611,0.303030303030303,1.06
"USA","US dollar","USD","Austin, Texas","Urban",3.48888,4.3611,1.25,1.06
"USA","US dollar","USD","Los Angeles","Urban",19.18884,4.3611,0.227272727272727,1.06
"USA","US dollar","USD","Boise","Urban",13.95552,4.3611,0.3125,1.06
"USA","US dollar","USD","New York City","Urban",15.26385,4.3611,0.285714285714286,1.06
"USA","US dollar","USD","Pittsburgh","Urban",12.21108,4.3611,0.357142857142857,1.06
"USA","US dollar","USD","New York City","Urban",15.69996,4.3611,0.277777777777778,1.06
"USA","US dollar","USD","Lexington","Urban",11.33886,4.3611,0.384615384615385,1.06
"USA","US dollar","USD","Denver","Urban",13.0833,4.3611,0.333333333333333,1.06
"USA","US dollar","USD","Nashville, TN","Urban",17.4444,4.3611,0.25,1.06
"USA","US dollar","USD","Los Angeles","Urban",16.57218,4.3611,0.263157894736842,1.06
"USA","US dollar","USD","Boston","Suburban",17.4444,4.3611,0.25,1.06
"USA","US dollar","USD","Eureka, CA","Urban",15.69996,4.3611,0.277777777777778,1.06
"USA","US dollar","USD","New Orleans","Suburban",9.59442,4.3611,0.454545454545455,1.06
"USA","US dollar","USD","Portland, ME","Urban",20.93328,4.3611,0.208333333333333,1.06
"USA","US dollar","USD","Indianapolis","Urban",15.26385,4.3611,0.285714285714286,1.06
"USA","US dollar","USD","Lancaster","Suburban",17.4444,4.3611,0.25,1.06
"USA","US dollar","USD","Philadelphia, PA","Urban",14.82774,4.3611,0.294117647058824,1.06
"USA","US dollar","USD","Madison, WI","Urban",12.21108,4.3611,0.357142857142857,1.06
"USA","US dollar","USD","San José","Urban",16.13607,4.3611,0.27027027027027,1.06
"USA","US dollar","USD","Huntsville, Alabama","Suburban",11.77497,4.3611,0.37037037037037,1.06
"USA","US dollar","USD","Taylor, TX","Urban",8.7222,4.3611,0.5,1.06
"USA","US dollar","USD","Memphis, TN","Urban",12.21108,4.3611,0.357142857142857,1.06
"USA","US dollar","USD","Fullerton, CA & Orange, CA","Suburban",16.57218,4.3611,0.263157894736842,1.06
"USA","US dollar","USD","Jersey City","Urban",10.90275,4.3611,0.4,1.06
"USA","US dollar","USD","Roanoke","Suburban",13.95552,4.3611,0.3125,1.06
"USA","US dollar","USD","Fayetteville, AR","Suburban",9.59442,4.3611,0.454545454545455,1.06
"USA","US dollar","USD","Dallas, TX","Urban",10.684695,4.3611,0.408163265306122,1.06
"USA","US dollar","USD","Los Angeles","Urban",15.481905,4.3611,0.28169014084507,1.06
"USA","US dollar","USD","Midland, TX","Suburban",13.0833,4.3611,0.333333333333333,1.06
"USA","US dollar","USD","San Francisco","Urban",15.69996,4.3611,0.277777777777778,1.06
"USA","US dollar","USD","San Antonio","Urban",13.0833,4.3611,0.333333333333333,1.06
"USA","US dollar","USD","Phoenix","Urban",13.214133,4.3611,0.33003300330033,1.06
"USA","US dollar","USD","Kansas City","Urban",15.69996,4.3611,0.277777777777778,1.06
"USA","US dollar","USD","Chicago","Suburban",17.4444,4.3611,0.25,1.06
"USA","US dollar","USD","Fontana","Suburban",16.6768464,4.3611,0.261506276150628,1.06
"USA","US dollar","USD","Portland, OR","Urban",13.95552,4.3611,0.3125,1.06
"USA","US dollar","USD","New York City","Urban",21.8055,4.3611,0.2,1.06
"USA","US dollar","USD","Troy, New York",NA,10.90275,4.3611,0.4,1.06
"USA","US dollar","USD","Toledo","Urban",10.90275,4.3611,0.4,1.06
"USA","US dollar","USD","Sioux Falls","Rural",15.69996,4.3611,0.277777777777778,1.06
"USA","US dollar","USD","Minneapolis","Urban",14.3131302,4.3611,0.304692260816575,1.06
"USA","US dollar","USD","Lexington, KY","Urban",11.33886,4.3611,0.384615384615385,1.06
"USA","US dollar","USD","New York City","Urban",28.78326,4.3611,0.151515151515152,1.06
"USA","US dollar","USD","New York City","Urban",14.82774,4.3611,0.294117647058824,1.06
"USA","US dollar","USD","New York City","Urban",16.57218,4.3611,0.263157894736842,1.06
"USA","US dollar","USD","Ogden","Suburban",8.7222,4.3611,0.5,1.06
"USA","US dollar","USD","Selmer","Rural",10.46664,4.3611,0.416666666666667,1.06
"USA","US dollar","USD","Lexington, KY","Suburban",11.993025,4.3611,0.363636363636364,1.06
"USA","US dollar","USD","Tucson","Urban",16.57218,4.3611,0.263157894736842,1.06
"USA","US dollar","USD","Lexington, KY","Suburban",11.77497,4.3611,0.37037037037037,1.06
"USA","US dollar","USD","Ames, Iowa","Urban",14.82774,4.3611,0.294117647058824,1.06
"USA","US dollar","USD","Aurora","Suburban",14.39163,4.3611,0.303030303030303,1.06
"USA","US dollar","USD","Billings, MT","Suburban",13.0833,4.3611,0.333333333333333,1.06
"USA","US dollar","USD","Atlanta, GA","Urban",13.0833,4.3611,0.333333333333333,1.06
"USA","US dollar","USD","Santa Barbara, CA","Urban",17.4444,4.3611,0.25,1.06
"USA","US dollar","USD","Olympia","Suburban",15.26385,4.3611,0.285714285714286,1.06
"USA","US dollar","USD","Cincinnati, Ohio","Urban",14.82774,4.3611,0.294117647058824,1.06
"USA","US dollar","USD","Omaha Nebraska","Urban",13.0833,4.3611,0.333333333333333,1.06
"USA","US dollar","USD","Wallingford, Connecticut","Urban",13.95552,4.3611,0.3125,1.06
"USA","US dollar","USD","Orange County","Suburban",16.57218,4.3611,0.263157894736842,1.06
"USA","US dollar","USD","Miami","Urban",13.95552,4.3611,0.3125,1.06
"USA","US dollar","USD","Boston","Urban",21.8055,4.3611,0.2,1.06
"USA","US dollar","USD","Minneapolis","Urban",18.31662,4.3611,0.238095238095238,1.06
"USA","US dollar","USD","Washington DC","Urban",19.18884,4.3611,0.227272727272727,1.06
"USA","US dollar","USD","Beverly, MA","Suburban",15.26385,4.3611,0.285714285714286,1.06
"USA","US dollar","USD","Madison, WI","Urban",20.06106,4.3611,0.217391304347826,1.06
"USA","US dollar","USD","Austin","Urban",19.18884,4.3611,0.227272727272727,1.06
"USA","US dollar","USD","New York City","Urban",18.31662,4.3611,0.238095238095238,1.06
"USA","US dollar","USD","Madison, WI","Urban",19.62495,4.3611,0.222222222222222,1.06
"USA","US dollar","USD","Boston","Urban",7.84998,4.3611,0.555555555555556,1.06
"USA","US dollar","USD","San José","Suburban",20.06106,4.3611,0.217391304347826,1.06
"USA","US dollar","USD","Portland","Urban",12.21108,4.3611,0.357142857142857,1.06
"USA","US dollar","USD","Houston, TX","Urban",17.4444,4.3611,0.25,1.06
"USA","US dollar","USD","San Diego","Urban",15.481905,4.3611,0.28169014084507,1.06
"USA","US dollar","USD","Billings","Suburban",21.8055,4.3611,0.2,1.06
"USA","US dollar","USD","Olympia","Suburban",17.9328432,4.3611,0.243190661478599,1.06
"USA","US dollar","USD","Columbia","Urban",14.6358516,4.3436556,0.296781883194279,1.06
"Germany","Euro","EUR","Freiburg im Breisgau","Urban",14,4.3,0.307142857142857,1.35
"Germany","Euro","EUR","Freiburg","Urban",14.5,4.3,0.296551724137931,1.35
"Germany","Euro","EUR","Kiel","Urban",21,4.3,0.204761904761905,1.35
"Germany","Euro","EUR","Kiel","Urban",16.5,4.3,0.260606060606061,1.35
"Belgium","Euro","EUR","Tournai","Urban",14,4.3,0.307142857142857,1.33
"Estonia","Euro","EUR","Tallinn","Urban",9.5,4.3,0.452631578947368,1.15
"Germany","Euro","EUR","Frankfurt","Urban",18.75,4.3,0.229333333333333,1.35
"Germany","Euro","EUR","Cologne","Urban",14.8,4.3,0.29054054054054,1.35
"Germany","Euro","EUR","Dresden","Urban",20,4.3,0.215,1.35
"Germany","Euro","EUR","Frankfurt","Urban",14,4.3,0.307142857142857,1.35
"Ireland","Euro","EUR","Dublin","Urban",14.9,4.3,0.288590604026846,1.62
"Ireland","Euro","EUR","Sligo","Urban",14.15,4.3,0.303886925795053,1.62
"Ireland","Euro","EUR","Dublin","Suburban",14.5,4.3,0.296551724137931,1.62
"Netherlands","Euro","EUR","Tilburg","Urban",15.75,4.3,0.273015873015873,1.35
"Turkey","Turkish Lira","TRY","Çanakkale","Suburban",2.590425,3.9303,1.51724137931034,1.05
"USA","US dollar","USD","Fairfax","Suburban",13.95552,4.317489,0.309375,1.06
"USA","US dollar","USD","Columbus","Suburban",10.90275,4.317489,0.396,1.06
"UK","Pound Sterling","GBP","Conwy","Rural",15.7148775,4.3070405,0.274074074074074,1.69
"UK","Pound Sterling","GBP","Sevenoaks","Suburban",14.667219,4.3070405,0.293650793650794,1.69
"UK","Pound Sterling","GBP","Bristol","Urban",15.132845,4.3070405,0.284615384615385,1.69
"UK","Pound Sterling","GBP","Brighton","Urban",14.5508125,4.3070405,0.296,1.69
"UK","Pound Sterling","GBP","Dundee","Urban",14.21323365,4.3070405,0.303030303030303,1.69
"UK","Pound Sterling","GBP","Ambleside","Rural",16.29691,4.3070405,0.264285714285714,1.69
"UK","Pound Sterling","GBP","Manchester","Urban",14.21323365,4.3070405,0.303030303030303,1.69
"UK","Pound Sterling","GBP","Whitley Bay","Urban",14.21323365,4.3070405,0.303030303030303,1.69
"UK","Pound Sterling","GBP","Alsager","Suburban",13.96878,4.3070405,0.308333333333333,1.69
"UK","Pound Sterling","GBP","Watford","Urban",15.7148775,4.3070405,0.274074074074074,1.69
"UK","Pound Sterling","GBP","Bristol","Suburban",14.21323365,4.3070405,0.303030303030303,1.69
"UK","Pound Sterling","GBP","Newcastle","Urban",13.96878,4.3070405,0.308333333333333,1.69
"UK","Pound Sterling","GBP","Sheffield","Suburban",14.49260925,4.3070405,0.29718875502008,1.69
"UK","Pound Sterling","GBP","Aberdeen","Rural",14.25979625,4.3070405,0.302040816326531,1.69
"UK","Pound Sterling","GBP","Bristol","Suburban",15.7148775,4.3070405,0.274074074074074,1.69
"UK","Pound Sterling","GBP","Belfast","Urban",14.667219,4.3070405,0.293650793650794,1.69
"UK","Pound Sterling","GBP","Exeter","Urban",15.42386125,4.3070405,0.279245283018868,1.69
"UK","Pound Sterling","GBP","","Rural",17.460975,4.3070405,0.246666666666667,1.69
"UK","Pound Sterling","GBP","London","Urban",15.9476905,4.3070405,0.27007299270073,1.69
"UK","Pound Sterling","GBP","London","Urban",18.0430075,4.3070405,0.238709677419355,1.69
"UK","Pound Sterling","GBP","Winchester","Urban",14.79526615,4.3070405,0.29110936270653,1.69
"UK","Pound Sterling","GBP","Newcastle Upon Tyne","Urban",14.21323365,4.3070405,0.303030303030303,1.69
"UK","Pound Sterling","GBP","belfast","Urban",15.132845,4.3070405,0.284615384615385,1.69
"UK","Pound Sterling","GBP","","Rural",15.132845,4.3070405,0.284615384615385,1.69
"UK","Pound Sterling","GBP","","Suburban",14.21323365,4.3070405,0.303030303030303,1.69
"UK","Pound Sterling","GBP","Dorking","Suburban",15.132845,4.3070405,0.284615384615385,1.69
"UK","Pound Sterling","GBP","Sheffield","Urban",14.5508125,4.3070405,0.296,1.69
"UK","Pound Sterling","GBP","","Rural",14.3179995,4.3070405,0.300813008130081,1.69
"UK","Pound Sterling","GBP","York","Urban",15.132845,4.3070405,0.284615384615385,1.69
"UK","Pound Sterling","GBP","Leeds","Urban",15.132845,4.3070405,0.284615384615385,1.69
"UK","Pound Sterling","GBP","Bristol","Urban",15.7148775,4.3070405,0.274074074074074,1.69
"UK","Pound Sterling","GBP","Newcastle upon Tyne","Suburban",14.5508125,4.3070405,0.296,1.69
"UK","Pound Sterling","GBP","","Rural",14.7836255,4.3070405,0.291338582677165,1.69
"UK","Pound Sterling","GBP","Oxford","Urban",14.25979625,4.3070405,0.302040816326531,1.69
"UK","Pound Sterling","GBP","","Urban",14.56245315,4.3070405,0.295763389288569,1.69
"UK","Pound Sterling","GBP","","Suburban",16.00589375,4.3070405,0.269090909090909,1.69
"UK","Pound Sterling","GBP","Reading","Urban",14.21323365,4.3070405,0.303030303030303,1.69
"UK","Pound Sterling","GBP","Llandudno","Suburban",16.1572222,4.3070405,0.26657060518732,1.69
"UK","Pound Sterling","GBP","","Suburban",14.5508125,4.3070405,0.296,1.69
"UK","Pound Sterling","GBP","Surrey","Suburban",14.667219,4.3070405,0.293650793650794,1.69
"UK","Pound Sterling","GBP","Isle of Wight","Rural",14.53917185,4.3070405,0.296236989591673,1.69
"UK","Pound Sterling","GBP","Bristol","Suburban",15.132845,4.3070405,0.284615384615385,1.69
"UK","Pound Sterling","GBP","London","Urban",15.132845,4.3070405,0.284615384615385,1.69
"UK","Pound Sterling","GBP","Edinburgh","Urban",14.2947182,4.3070405,0.301302931596091,1.69
"UK","Pound Sterling","GBP","London","Urban",15.7148775,4.3070405,0.274074074074074,1.69
"Norway","Norwegian Krone","NOK","Oslo","Urban",23.86140348,4.43933088,0.186046511627907,2.49
"Norway","Norwegian Krone","NOK","Oslo","Urban",18.40472594,4.43933088,0.241206030150754,2.49
"Norway","Norwegian Krone","NOK","Oslo","Urban",20.90184956,4.43933088,0.212389380530973,2.49
"Norway","Norwegian Krone","NOK","Oslo","Urban",18.86715624,4.43933088,0.235294117647059,2.49
"Greece","Euro","EUR","Athens","Urban",5.6,4.25,0.758928571428572,1.75
"Netherlands","Euro","EUR","Amsterdam","Urban",15,4.25,0.283333333333333,1.35
"Netherlands","Euro","EUR","Enschede","Suburban",15.3,4.25,0.277777777777778,1.35
"Oman","Rial Omani","OMR","Muscat","Urban",1.51974023,4.28702841,2.82089552238806,2.26
"USA","US dollar","USD","Atlanta","Urban",14.39163,4.273878,0.296969696969697,1.06
"USA","US dollar","USD","Yemasse","Rural",10.90275,4.273878,0.392,1.06
"USA","US dollar","USD","Indianapolis","Urban",14.82774,4.273878,0.288235294117647,1.06
"USA","US dollar","USD","Anderson","Suburban",8.7222,4.273878,0.49,1.06
"USA","US dollar","USD","Santa Cruz","Suburban",14.740518,4.273878,0.289940828402367,1.06
"UK","Pound Sterling","GBP","Manchester","Urban",14.5042499,4.24883725,0.292937399678973,1.69
"UK","Pound Sterling","GBP","","Suburban",14.667219,4.24883725,0.28968253968254,1.69
"UK","Pound Sterling","GBP","","Suburban",15.74979945,4.24883725,0.269770879526977,1.69
"UK","Pound Sterling","GBP","North east Lincolnshire","Rural",14.21323365,4.24883725,0.298935298935299,1.69
"UK","Pound Sterling","GBP","Glasgow","Urban",15.05136045,4.24883725,0.282289249806651,1.69
"UK","Pound Sterling","GBP","Horsham","Urban",14.21323365,4.24883725,0.298935298935299,1.69
"UK","Pound Sterling","GBP","","Rural",14.49260925,4.24883725,0.293172690763052,1.69
"UK","Pound Sterling","GBP","","Rural",15.132845,4.24883725,0.280769230769231,1.69
"UK","Pound Sterling","GBP","Hamilton (Glasgow)",NA,14.667219,4.24883725,0.28968253968254,1.69
"UK","Pound Sterling","GBP","","Rural",17.460975,4.24883725,0.243333333333333,1.69
"Poland","Zloty","PLN","Wrocław","Urban",7.563105,4.12533,0.545454545454545,1.05
"Poland","Zloty","PLN","Kraków","Suburban",7.79229,4.12533,0.529411764705882,1.05
"Poland","Zloty","PLN","Kraków","Urban",7.2193275,4.12533,0.571428571428571,1.05
"Poland","Zloty","PLN","Kraków","Urban",6.41718,4.12533,0.642857142857143,1.05
"Poland","Zloty","PLN","Kraków","Urban",5.95881,4.12533,0.692307692307692,1.05
"Poland","Zloty","PLN","Warsaw","Urban",6.87555,4.12533,0.6,1.05
"Poland","Zloty","PLN","Szczecin","Urban",7.196409,4.12533,0.573248407643312,1.05
"Poland","Zloty","PLN","Warsaw","Urban",7.196409,4.12533,0.573248407643312,1.05
"Poland","Zloty","PLN","Kraków","Urban",6.9901425,4.12533,0.59016393442623,1.05
"Poland","Zloty","PLN","Warsaw","Urban",8.25066,4.12533,0.5,1.05
"Poland","Zloty","PLN","","Urban",7.104735,4.12533,0.580645161290323,1.05
"Poland","Zloty","PLN","Bielsko-Biała","Suburban",5.271255,4.12533,0.782608695652174,1.05
"Poland","Zloty","PLN","Gdańsk","Urban",7.104735,4.12533,0.580645161290323,1.05
"Poland","Zloty","PLN","Kraków","Urban",6.187995,4.12533,0.666666666666667,1.05
"Poland","Zloty","PLN","Kraków","Urban",7.196409,4.12533,0.573248407643312,1.05
"USA","US dollar","USD","","Suburban",7.631925,4.2477114,0.556571428571429,1.06
"USA","US dollar","USD","Richardson, TX","Suburban",8.7222,4.2477114,0.487,1.06
"Hungary","Forint","HUF","Budapest","Urban",7.6752172,4.49548436,0.585714285714286,1.23
"Australia","Australian Dollar","AUD","Melbourne","Urban",20.47617,4.34343,0.212121212121212,1.77
"France","Euro","EUR","Paris","Urban",13.5,4.2,0.311111111111111,1.37
"Germany","Euro","EUR","Mannheim","Urban",14,4.2,0.3,1.35
"Germany","Euro","EUR","Braunschweig","Suburban",15,4.2,0.28,1.35
"Germany","Euro","EUR","Osnabrück","Urban",16.16,4.2,0.25990099009901,1.35
"Finland","Euro","EUR","Helsinki","Suburban",28,4.2,0.15,1.37
"France","Euro","EUR","Montpellier","Urban",11,4.2,0.381818181818182,1.37
"Germany","Euro","EUR","Berlin","Urban",13.9,4.2,0.302158273381295,1.35
"Germany","Euro","EUR","Rosenheim","Urban",18,4.2,0.233333333333333,1.35
"Germany","Euro","EUR","Berlin","Urban",13,4.2,0.323076923076923,1.35
"Germany","Euro","EUR","Berlin","Urban",16,4.2,0.2625,1.35
"Germany","Euro","EUR","Munich","Urban",15,4.2,0.28,1.35
"Germany","Euro","EUR","","Urban",13,4.2,0.323076923076923,1.35
"Germany","Euro","EUR","Düsseldorf","Urban",13.9,4.2,0.302158273381295,1.35
"Portugal","Euro","EUR","Lisbon","Urban",7.6,4.2,0.552631578947368,1.1
"Germany","Euro","EUR","Hannover","Suburban",12.45,4.2,0.337349397590361,1.35
"Germany","Euro","EUR","Cologne","Urban",15,4.2,0.28,1.35
"Greece","Euro","EUR","Chania","Suburban",7,4.2,0.6,1.75
"Ireland","Euro","EUR","Dublin","Urban",14.15,4.2,0.296819787985866,1.62
"Ireland","Euro","EUR","Dublin","Urban",15.5,4.2,0.270967741935484,1.62
"Ireland","Euro","EUR","Dublin","Urban",14.9,4.2,0.281879194630872,1.62
"Netherlands","Euro","EUR","Amsterdam","Urban",16,4.2,0.2625,1.35
"Germany","Euro","EUR","Mannheim","Urban",15,4.2,0.28,1.35
"Lithuania","Euro","EUR","Vilnius","Urban",6.5,4.2,0.646153846153846,1.57
"Germany","Euro","EUR","Berlin","Urban",15.5,4.2,0.270967741935484,1.35
"Germany","Euro","EUR","Karlsruhe","Urban",13,4.2,0.323076923076923,1.35
"Netherlands","Euro","EUR","Den Haag","Urban",12,4.2,0.35,1.35
"China","Hong Kong Dollar","HKD","Kowloon Bay","Urban",7.782635,4.224859,0.542857142857143,1.77
"Canada","Canadian Dollar","CAD","Ottawa","Urban",9.937095,4.15290875,0.417919799498747,2.24
"USA","US dollar","USD","Princeton, NJ","Suburban",13.95552,4.230267,0.303125,1.06
"USA","US dollar","USD","St. Ives","Urban",14.82774,4.230267,0.285294117647059,1.06
"USA","US dollar","USD","Dayton","Suburban",14.304408,4.230267,0.295731707317073,1.06
"USA","US dollar","USD","Pittsburgh","Suburban",9.59442,4.230267,0.440909090909091,1.06
"UK","Pound Sterling","GBP","Tynemouth","Suburban",13.09573125,4.190634,0.32,1.69
"UK","Pound Sterling","GBP","","Suburban",14.79526615,4.190634,0.28324154209284,1.69
"UK","Pound Sterling","GBP","Belfast","Urban",12.804715,4.190634,0.327272727272727,1.69
"UK","Pound Sterling","GBP","Preston","Suburban",15.132845,4.190634,0.276923076923077,1.69
"UK","Pound Sterling","GBP","","Urban",14.667219,4.190634,0.285714285714286,1.69
"UK","Pound Sterling","GBP","Keswick","Rural",15.28417345,4.190634,0.274181264280274,1.69
"UK","Pound Sterling","GBP","London","Urban",18.0430075,4.190634,0.232258064516129,1.69
"UK","Pound Sterling","GBP","","Suburban",14.5508125,4.190634,0.288,1.69
"UK","Pound Sterling","GBP","Sunderland","Urban",14.21323365,4.190634,0.294840294840295,1.69
"UK","Pound Sterling","GBP","Yeovil, South Somerset","Urban",14.434406,4.190634,0.290322580645161,1.69
"UK","Pound Sterling","GBP","Bristol","Urban",16.00589375,4.190634,0.261818181818182,1.69
"UK","Pound Sterling","GBP","Southend","Suburban",14.21323365,4.190634,0.294840294840295,1.69
"UK","Pound Sterling","GBP","Dundee","Urban",14.79526615,4.190634,0.28324154209284,1.69
"UK","Pound Sterling","GBP","Greater Manchester","Suburban",15.132845,4.190634,0.276923076923077,1.69
"UK","Pound Sterling","GBP","London","Urban",14.21323365,4.190634,0.294840294840295,1.69
"UK","Pound Sterling","GBP","Aberdeen","Suburban",14.84182875,4.190634,0.282352941176471,1.69
"UK","Pound Sterling","GBP","Norwich","Urban",16.8789425,4.190634,0.248275862068966,1.69
"UK","Pound Sterling","GBP","Innerleithen","Rural",15.365658,4.190634,0.272727272727273,1.69
"UK","Pound Sterling","GBP","Bristol","Urban",13.96878,4.190634,0.3,1.69
"UK","Pound Sterling","GBP","Brighton","Urban",16.8789425,4.190634,0.248275862068966,1.69
"UK","Pound Sterling","GBP","Preston","Urban",14.25979625,4.190634,0.293877551020408,1.69
"UK","Pound Sterling","GBP","Bath","Urban",14.21323365,4.190634,0.294840294840295,1.69
"UK","Pound Sterling","GBP","Belfast","Urban",14.5508125,4.190634,0.288,1.69
"UK","Pound Sterling","GBP","Liverpool","Urban",14.21323365,4.190634,0.294840294840295,1.69
"UK","Pound Sterling","GBP","Belfast","Suburban",16.29691,4.190634,0.257142857142857,1.69
"UK","Pound Sterling","GBP","London","Urban",12.804715,4.190634,0.327272727272727,1.69
"UK","Pound Sterling","GBP","Newcastle Upon Tyne","Urban",14.5508125,4.190634,0.288,1.69
"UK","Pound Sterling","GBP","Sheffield","Suburban",14.21323365,4.190634,0.294840294840295,1.69
"UK","Pound Sterling","GBP","Southampton","Suburban",14.201593,4.190634,0.295081967213115,1.69
"UK","Pound Sterling","GBP","Marlow","Suburban",15.7148775,4.190634,0.266666666666667,1.69
"UK","Pound Sterling","GBP","Market Harborough",NA,15.132845,4.190634,0.276923076923077,1.69
"UK","Pound Sterling","GBP","Margate","Urban",15.7148775,4.190634,0.266666666666667,1.69
"UK","Pound Sterling","GBP","Prestwich","Suburban",14.21323365,4.190634,0.294840294840295,1.69
"UK","Pound Sterling","GBP","Ayr","Urban",14.21323365,4.190634,0.294840294840295,1.69
"UK","Pound Sterling","GBP","Tonbridge","Suburban",15.132845,4.190634,0.276923076923077,1.69
"UK","Pound Sterling","GBP","Newport","Rural",11.64065,4.190634,0.36,1.69
"UK","Pound Sterling","GBP","","Suburban",16.12230025,4.190634,0.259927797833935,1.69
"UK","Pound Sterling","GBP","Glasgow","Urban",16.762536,4.190634,0.25,1.69
"UK","Pound Sterling","GBP","Newcastle upon Tyne","Urban",15.7148775,4.190634,0.266666666666667,1.69
"UK","Pound Sterling","GBP","Sheffield","Urban",15.132845,4.190634,0.276923076923077,1.69
"UK","Pound Sterling","GBP","","Rural",15.132845,4.190634,0.276923076923077,1.69
"UK","Pound Sterling","GBP","London","Urban",17.460975,4.190634,0.24,1.69
"Sweden","Swedish Krona","SEK","Lund","Urban",12.83066575,3.98193075,0.310344827586207,1.66
"Sweden","Swedish Krona","SEK","Malmö","Suburban",17.25503325,3.98193075,0.230769230769231,1.66
"Sweden","Swedish Krona","SEK","Malmö","Urban",17.5204953,3.98193075,0.227272727272727,1.66
"India","Indian Rupee","INR","Hyderabad","Urban",1.3646172,4.0938516,3,0.65
"Israel","New Israeli Sheqel","ILS","Tel Aviv","Urban",11.475108,4.3031655,0.375,2.49
"Israel","New Israeli Sheqel","ILS","Tel Aviv","Urban",12.9094965,4.3031655,0.333333333333333,2.49
"Israel","New Israeli Sheqel","ILS","Tel Aviv","Urban",14.343885,4.3031655,0.3,2.49
"Israel","New Israeli Sheqel","ILS","Tel Aviv","Urban",15.7782735,4.3031655,0.272727272727273,2.49
"USA","US dollar","USD","Detroit","Urban",16.57218,4.1604894,0.251052631578947,1.06
"USA","US dollar","USD","Rochester, MI","Suburban",10.248585,4.1604894,0.405957446808511,1.06
"USA","US dollar","USD","Philadelphia",NA,20.93328,4.1604894,0.19875,1.06
"USA","US dollar","USD","Lexington, KY","Urban",11.993025,4.143045,0.345454545454545,1.06
"USA","US dollar","USD","Rochester Hills, MI","Suburban",15.26385,4.143045,0.271428571428571,1.06
"USA","US dollar","USD","Los Altos","Suburban",18.31662,4.143045,0.226190476190476,1.06
"USA","US dollar","USD","","Urban",16.57218,4.143045,0.25,1.06
"USA","US dollar","USD","Washington DC","Urban",18.75273,4.143045,0.22093023255814,1.06
"USA","US dollar","USD","Austin, Texas","Urban",12.21108,4.143045,0.339285714285714,1.06
"USA","US dollar","USD","Waco","Suburban",11.33886,4.143045,0.365384615384615,1.06
"USA","US dollar","USD","Springdale, AR","Suburban",17.4444,4.143045,0.2375,1.06
"USA","US dollar","USD","Austin","Urban",13.0833,4.143045,0.316666666666667,1.06
"USA","US dollar","USD","Cincinnati","Suburban",19.62495,4.143045,0.211111111111111,1.06
"USA","US dollar","USD","Bannockburn","Suburban",12.21108,4.143045,0.339285714285714,1.06
"USA","US dollar","USD","Indianapolis","Urban",13.0833,4.143045,0.316666666666667,1.06
"USA","US dollar","USD","Portland, OR","Urban",15.69996,4.143045,0.263888888888889,1.06
"USA","US dollar","USD","Southlake","Suburban",10.46664,4.143045,0.395833333333333,1.06
"USA","US dollar","USD","Bellevue, WA","Suburban",14.9411286,4.143045,0.277291301809691,1.06
"USA","US dollar","USD","St. Petersburg, FL","Suburban",12.21108,4.143045,0.339285714285714,1.06
"USA","US dollar","USD","Dallas",NA,11.33886,4.143045,0.365384615384615,1.06
"USA","US dollar","USD","Hillsboro","Urban",14.871351,4.143045,0.278592375366569,1.06
"USA","US dollar","USD","Fort Worth, Texas","Urban",8.7222,4.143045,0.475,1.06
"USA","US dollar","USD","Norman","Urban",6.323595,4.143045,0.655172413793103,1.06
"USA","US dollar","USD","Raleigh","Suburban",14.0165754,4.143045,0.295581829495955,1.06
"UK","Pound Sterling","GBP","","Urban",14.5973751,4.13243075,0.283094098883573,1.69
"Ireland","Euro","EUR","Dublin","Urban",24,4.1,0.170833333333333,1.62
"Austria","Euro","EUR","Graz","Urban",11.71,4.1,0.350128095644748,1.74
"Austria","Euro","EUR","Vienna","Urban",12.3,4.1,0.333333333333333,1.74
"Germany","Euro","EUR","Kiel",NA,15,4.1,0.273333333333333,1.35
"Netherlands","Euro","EUR","Amsterdam","Urban",15,4.1,0.273333333333333,1.35
"Germany","Euro","EUR","Kiel","Urban",15,4.1,0.273333333333333,1.35
"Austria","Euro","EUR","Graz","Urban",14.93,4.1,0.274614869390489,1.74
"Germany","Euro","EUR","Oldenburg","Urban",13.9,4.1,0.294964028776978,1.35
"Germany","Euro","EUR","Bamberg","Urban",13.9,4.1,0.294964028776978,1.35
"Ireland","Euro","EUR","Dublin","Suburban",16.5,4.1,0.248484848484848,1.62
"Ireland","Euro","EUR","Tullamore","Urban",15,4.1,0.273333333333333,1.62
"Slovakia","Euro","EUR","Trenčín","Urban",14,4.1,0.292857142857143,1.11
"Ireland","Euro","EUR","Dublin","Urban",14.2,4.1,0.288732394366197,1.62
"Germany","Euro","EUR","Jena","Urban",14,4.1,0.292857142857143,1.35
"Ireland","Euro","EUR","Galway","Urban",20,4.1,0.205,1.62
"Netherlands","Euro","EUR","Rotterdam","Urban",14.71,4.1,0.278721957851801,1.35
"Netherlands","Euro","EUR","Amsterdam",NA,16.43,4.1,0.24954351795496,1.35
"Norway","Norwegian Krone","NOK","Oslo","Urban",16.27754656,4.25435876,0.261363636363636,2.49
"Poland","Zloty","PLN","Wrocław","Urban",7.6776975,4.0107375,0.522388059701492,1.05
"Poland","Zloty","PLN","Toruń","Urban",7.2193275,4.0107375,0.555555555555556,1.05
"Poland","Zloty","PLN","Warsaw","Urban",7.196409,4.0107375,0.557324840764331,1.05
"Turkey","Turkish Lira","TRY","Çanakkale","Urban",2.411775,3.75165,1.55555555555556,1.05
"Kuwait","Kuwaiti Dinar","KWD","Kuwait city","Urban",14.139185,4.10036365,0.29,1.61
"Costa Rica","Costa Rican Colon","CRC","San José","Urban",5.85015,4.29011,0.733333333333333,2.41
"Costa Rica","Costa Rican Colon","CRC","La Fortuna, San Carlos","Rural",3.9001,4.29011,1.1,2.41
"Canada","Canadian Dollar","CAD","Hamilton","Suburban",10.9582,4.0470625,0.369318181818182,2.24
"Canada","Canadian Dollar","CAD","Victoria","Urban",11.11385625,4.0470625,0.364145658263305,2.24
"Canada","Canadian Dollar","CAD","Hamilton","Urban",9.5261625,4.0470625,0.42483660130719,2.24
"Japan","Yen","JPY","Tokyo","Urban",6.35605,4.14525,0.652173913043478,1.48
"USA","US dollar","USD","Houston, TX","Urban",14.82774,4.1081562,0.277058823529412,1.06
"USA","US dollar","USD","Lubbock","Urban",18.31662,4.1081562,0.224285714285714,1.06
"USA","US dollar","USD","Raleigh","Urban",10.90275,4.099434,0.376,1.06
"USA","US dollar","USD","Atlanta","Suburban",10.46664,4.099434,0.391666666666667,1.06
"USA","US dollar","USD","Jacksonville","Suburban",13.0833,4.0907118,0.312666666666667,1.06
"Singapore","Singapore Dollar","SGD","Singapore","Urban",13.645544,4.0936632,0.3,3.08
"Singapore","Singapore Dollar","SGD","Singapore","Urban",17.05693,4.0936632,0.24,3.08
"Singapore","Singapore Dollar","SGD","Singapore","Urban",9.8930194,4.0936632,0.413793103448276,3.08
"Singapore","Singapore Dollar","SGD","Singapore",NA,13.645544,4.0936632,0.3,3.08
"Singapore","Singapore Dollar","SGD","","Urban",5.4582176,4.0936632,0.75,3.08
"Oman","Rial Omani","OMR","Muscat","Urban",2.268269,4.0828842,1.8,2.26
"Oman","Rial Omani","OMR","Muscat","Urban",2.4950959,4.0828842,1.63636363636364,2.26
"UK","Pound Sterling","GBP","Glasgow","Urban",15.7148775,4.0742275,0.259259259259259,1.69
"UK","Pound Sterling","GBP","Newcastle upon Tyne","Urban",14.21323365,4.0742275,0.286650286650287,1.69
"UK","Pound Sterling","GBP","Gorleston","Suburban",16.00589375,4.0742275,0.254545454545455,1.69
"UK","Pound Sterling","GBP","Exeter",NA,23.2813,4.0742275,0.175,1.69
"UK","Pound Sterling","GBP","","Rural",14.2248743,4.0742275,0.286415711947627,1.69
"UK","Pound Sterling","GBP","Glasgow","Urban",14.5508125,4.0742275,0.28,1.69
"UK","Pound Sterling","GBP","Sheffield","Suburban",14.3412808,4.0742275,0.284090909090909,1.69
"UK","Pound Sterling","GBP","Nailsea","Suburban",14.900032,4.0742275,0.2734375,1.69
"UK","Pound Sterling","GBP","Brighton","Urban",14.5508125,4.0742275,0.28,1.69
"UK","Pound Sterling","GBP","Anglesey","Rural",14.5508125,4.0742275,0.28,1.69
"UK","Pound Sterling","GBP","Northampton","Urban",17.460975,4.0742275,0.233333333333333,1.69
"UK","Pound Sterling","GBP","","Urban",17.460975,4.0742275,0.233333333333333,1.69
"UK","Pound Sterling","GBP","Edinburgh","Urban",15.831284,4.0742275,0.257352941176471,1.69
"UK","Pound Sterling","GBP","Trowbridge","Suburban",16.29691,4.0742275,0.25,1.69
"UK","Pound Sterling","GBP","London",NA,17.460975,4.0742275,0.233333333333333,1.69
"UK","Pound Sterling","GBP","Hertford","Suburban",15.132845,4.0742275,0.269230769230769,1.69
"UK","Pound Sterling","GBP","Manchester","Suburban",14.56245315,4.0742275,0.279776179056755,1.69
"UK","Pound Sterling","GBP","Manchester","Urban",14.21323365,4.0742275,0.286650286650287,1.69
"UK","Pound Sterling","GBP","London","Suburban",18.62504,4.0742275,0.21875,1.69
"UK","Pound Sterling","GBP","","Rural",14.21323365,4.0742275,0.286650286650287,1.69
"UK","Pound Sterling","GBP","Halifax","Urban",16.29691,4.0742275,0.25,1.69
"UK","Pound Sterling","GBP","Cheltenham","Suburban",14.5508125,4.0742275,0.28,1.69
"UK","Pound Sterling","GBP","London","Urban",17.28636525,4.0742275,0.235690235690236,1.69
"UK","Pound Sterling","GBP","Bigton, Shetland","Rural",15.7148775,4.0742275,0.259259259259259,1.69
"UK","Pound Sterling","GBP","Salford","Suburban",14.21323365,4.0742275,0.286650286650287,1.69
"UK","Pound Sterling","GBP","Brighton","Suburban",14.667219,4.0742275,0.277777777777778,1.69
"UK","Pound Sterling","GBP","Leamington Spa","Suburban",15.0164385,4.0742275,0.271317829457364,1.69
"UK","Pound Sterling","GBP","Isle of Arran","Rural",14.5508125,4.0742275,0.28,1.69
"UK","Pound Sterling","GBP","Belfast","Urban",15.132845,4.0742275,0.269230769230769,1.69
"UK","Pound Sterling","GBP","Swansea","Suburban",15.7148775,4.0742275,0.259259259259259,1.69
"UK","Pound Sterling","GBP","Cardiff","Urban",15.65667425,4.0742275,0.260223048327138,1.69
"UK","Pound Sterling","GBP","Norwich","Urban",15.132845,4.0742275,0.269230769230769,1.69
"UK","Pound Sterling","GBP","Lincoln","Urban",15.132845,4.0742275,0.269230769230769,1.69
"UK","Pound Sterling","GBP","Swansea","Suburban",12.804715,4.0742275,0.318181818181818,1.69
"UK","Pound Sterling","GBP","Congleton","Suburban",14.5508125,4.0742275,0.28,1.69
"UK","Pound Sterling","GBP","Nottingham","Urban",15.6450336,4.0742275,0.260416666666667,1.69
"UK","Pound Sterling","GBP","Oxford","Urban",14.5508125,4.0742275,0.28,1.69
"UK","Pound Sterling","GBP","Edinburgh","Rural",14.21323365,4.0742275,0.286650286650287,1.69
"UK","Pound Sterling","GBP","","Rural",15.2492515,4.0742275,0.267175572519084,1.69
"UK","Pound Sterling","GBP","Bristol","Urban",12.106276,4.0742275,0.336538461538462,1.69
"UK","Pound Sterling","GBP","London","Urban",15.132845,4.0742275,0.269230769230769,1.69
"UK","Pound Sterling","GBP","Brighton","Urban",14.667219,4.0742275,0.277777777777778,1.69
"UK","Pound Sterling","GBP","","Rural",17.460975,4.0742275,0.233333333333333,1.69
"UK","Pound Sterling","GBP","","Rural",11.64065,4.0742275,0.35,1.69
"UK","Pound Sterling","GBP","Weybridge","Urban",12.804715,4.0742275,0.318181818181818,1.69
"UK","Pound Sterling","GBP","Edinburgh","Urban",14.4809686,4.0742275,0.281350482315113,1.69
"USA","US dollar","USD","Ocala, Florida","Suburban",13.301355,4.0819896,0.306885245901639,1.06
"USA","US dollar","USD","Washington DC","Suburban",13.0833,4.0819896,0.312,1.06
"USA","US dollar","USD","Saint Paul, MN","Urban",15.045795,4.0645452,0.270144927536232,1.06
"USA","US dollar","USD","Cincinnati","Suburban",15.69996,4.055823,0.258333333333333,1.06
"USA","US dollar","USD","West Lafayette, IN","Urban",13.301355,4.055823,0.304918032786885,1.06
"USA","US dollar","USD","Forest, VA","Suburban",10.90275,4.055823,0.372,1.06
"USA","US dollar","USD","Santa Clarita","Suburban",17.531622,4.055823,0.23134328358209,1.06
"USA","US dollar","USD","Oregon City","Urban",19.9563936,4.055823,0.203234265734266,1.06
"USA","US dollar","USD","Fayetteville, AR","Suburban",13.737465,4.055823,0.295238095238095,1.06
"USA","US dollar","USD","Mineola","Suburban",21.0815574,4.055823,0.192387256930079,1.06
"Norway","Norwegian Krone","NOK","Oslo","Urban",16.6474908,4.1618727,0.25,2.49
"Netherlands","Euro","EUR","Amsterdam","Urban",13,4,0.307692307692308,1.35
"Netherlands","Euro","EUR","Hilversum","Urban",14.71,4,0.271923861318831,1.35
"Netherlands","Euro","EUR","The Hague","Suburban",25,4,0.16,1.35
"France","Euro","EUR","Bordeaux","Urban",12,4,0.333333333333333,1.37
"France","Euro","EUR","Nantes","Suburban",35,4,0.114285714285714,1.37
"Germany","Euro","EUR","Rhede","Rural",14,4,0.285714285714286,1.35
"Germany","Euro","EUR","Bielefeld","Urban",21,4,0.19047619047619,1.35
"Greece","Euro","EUR","Chania","Urban",8,4,0.5,1.75
"Ireland","Euro","EUR","","Suburban",14.5,4,0.275862068965517,1.62
"Netherlands","Euro","EUR","Amsterdam","Suburban",19,4,0.210526315789474,1.35
"Netherlands","Euro","EUR","Amsterdam","Urban",24,4,0.166666666666667,1.35
"Netherlands","Euro","EUR","Rotterdam","Urban",15.13,4,0.264375413086583,1.35
"Netherlands","Euro","EUR","Groningen","Urban",14.4,4,0.277777777777778,1.35
"Austria","Euro","EUR","Vienna","Urban",12,4,0.333333333333333,1.74
"Belgium","Euro","EUR","Antwerp","Urban",15,4,0.266666666666667,1.33
"Belgium","Euro","EUR","Antwerp","Urban",14.6,4,0.273972602739726,1.33
"Belgium","Euro","EUR","Ghent","Urban",16.5,4,0.242424242424242,1.33
"Belgium","Euro","EUR","Brussels","Urban",14,4,0.285714285714286,1.33
"Belgium","Euro","EUR","Antwerp","Urban",17.2,4,0.232558139534884,1.33
"France","Euro","EUR","Lyon","Urban",13.47,4,0.296956198960653,1.37
"France","Euro","EUR","","Urban",18,4,0.222222222222222,1.37
"Germany","Euro","EUR","Hamburg","Urban",18,4,0.222222222222222,1.35
"Germany","Euro","EUR","Oldenburg","Urban",16.5,4,0.242424242424242,1.35
"Germany","Euro","EUR","Munich","Urban",22,4,0.181818181818182,1.35
"Germany","Euro","EUR","Neu-Ulm","Suburban",25,4,0.16,1.35
"Germany","Euro","EUR","Neu-Ulm","Suburban",19,4,0.210526315789474,1.35
"Germany","Euro","EUR","Neu-Ulm","Suburban",14,4,0.285714285714286,1.35
"Germany","Euro","EUR","Mannheim","Urban",13,4,0.307692307692308,1.35
"Germany","Euro","EUR","Hamburg","Urban",19,4,0.210526315789474,1.35
"Germany","Euro","EUR","Hamburg","Urban",16,4,0.25,1.35
"Germany","Euro","EUR","Esslingen","Urban",13.9,4,0.287769784172662,1.35
"Germany","Euro","EUR","Leipzig","Urban",13.9,4,0.287769784172662,1.35
"Germany","Euro","EUR","Bielefeld","Urban",14,4,0.285714285714286,1.35
"Germany","Euro","EUR","Munchen","Urban",15,4,0.266666666666667,1.35
"Greece","Euro","EUR","Corfu","Urban",5,4,0.8,1.75
"Greece","Euro","EUR","","Suburban",6.5,4,0.615384615384615,1.75
"Greece","Euro","EUR","Nafplio","Rural",5,4,0.8,1.75
"Ireland","Euro","EUR","Galway","Urban",14.5,4,0.275862068965517,1.62
"Ireland","Euro","EUR","Limerick","Urban",14.8,4,0.27027027027027,1.62
"Ireland","Euro","EUR","Galway","Suburban",13,4,0.307692307692308,1.62
"Ireland","Euro","EUR","Lahinch","Rural",14.5,4,0.275862068965517,1.62
"Ireland","Euro","EUR","Dublin","Urban",14.5,4,0.275862068965517,1.62
"Ireland","Euro","EUR","Cork","Suburban",15,4,0.266666666666667,1.62
"Ireland","Euro","EUR","Drogheda","Suburban",14.8,4,0.27027027027027,1.62
"Netherlands","Euro","EUR","Eindhoven","Urban",19.04,4,0.210084033613445,1.35
"Netherlands","Euro","EUR","Delft","Urban",16,4,0.25,1.35
"Netherlands","Euro","EUR","Amsterdam","Urban",14.55,4,0.274914089347079,1.35
"Netherlands","Euro","EUR","Den Haag","Suburban",15,4,0.266666666666667,1.35
"Netherlands","Euro","EUR","Amersfoort","Urban",14.84,4,0.269541778975741,1.35
"Netherlands","Euro","EUR","Rotterdam","Urban",15.79,4,0.253324889170361,1.35
"Netherlands","Euro","EUR","Amsterdam","Urban",17,4,0.235294117647059,1.35
"Portugal","Euro","EUR","Porto","Urban",5.25,4,0.761904761904762,1.1
"Portugal","Euro","EUR","Lisbon","Suburban",7.5,4,0.533333333333333,1.1
"Germany","Euro","EUR","Potsdam","Urban",15,4,0.266666666666667,1.35
"Germany","Euro","EUR","Leipzig","Urban",20,4,0.2,1.35
"Germany","Euro","EUR","Essen","Urban",14,4,0.285714285714286,1.35
"UK","Pound Sterling","GBP","Newcastle","Urban",15.9476905,4.01602425,0.251824817518248,1.69
"UK","Pound Sterling","GBP","Cardiff","Urban",16.58792625,4.01602425,0.242105263157895,1.69
"UK","Pound Sterling","GBP","Stockport","Suburban",12.2226825,4.01602425,0.328571428571429,1.69
"USA","US dollar","USD","Boise, ID","Urban",13.0833,4.0209342,0.307333333333333,1.06
"Canada","Canadian Dollar","CAD","","Rural",11.20725,3.94121625,0.351666666666667,2.24
"Poland","Zloty","PLN","Kraków","Urban",7.196409,3.896145,0.54140127388535,1.05
"Poland","Zloty","PLN","Gdańsk","Urban",7.196409,3.896145,0.54140127388535,1.05
"Poland","Zloty","PLN","Warsaw","Urban",7.196409,3.896145,0.54140127388535,1.05
"Poland","Zloty","PLN","Gdańsk","Urban",8.1360675,3.896145,0.47887323943662,1.05
"Poland","Zloty","PLN","Wrocław","Urban",7.196409,3.896145,0.54140127388535,1.05
"Poland","Zloty","PLN","Kraków","Urban",6.646365,3.896145,0.586206896551724,1.05
"Poland","Zloty","PLN","","Urban",7.4485125,3.896145,0.523076923076923,1.05
"Poland","Zloty","PLN","Warsaw","Urban",6.87555,3.896145,0.566666666666667,1.05
"Poland","Zloty","PLN","Warsaw","Urban",8.938215,3.896145,0.435897435897436,1.05
"Poland","Zloty","PLN","Warsaw","Urban",9.1674,3.896145,0.425,1.05
"USA","US dollar","USD","Pittsburgh","Urban",15.69996,4.012212,0.255555555555556,1.06
"USA","US dollar","USD","Waco, Texas","Urban",8.28609,4.012212,0.484210526315789,1.06
"USA","US dollar","USD","Newburgh, New York","Urban",14.82774,4.012212,0.270588235294118,1.06
"USA","US dollar","USD","Fort Collins, CO","Urban",10.597473,4.0034898,0.377777777777778,1.06
"Iraq","Iraqi Dinar","IQD","Erbil","Urban",2.355132618,3.9917502,1.69491525423729,1.16
"USA","US dollar","USD","Poplar Bluff, MO","Rural",16.790235,3.9947676,0.237922077922078,1.06
"Maldives","Rufiyaa","MVR","Malé","Urban",3.384077574,3.99321153732,1.18,NA
"Poland","Zloty","PLN","Warsaw","Urban",7.6776975,3.8732265,0.504477611940298,1.05
"Netherlands","Euro","EUR","Heemstede","Suburban",15,3.95,0.263333333333333,1.35
"Ireland","Euro","EUR","Dublin","Suburban",14.15,3.95,0.279151943462898,1.62
"USA","US dollar","USD","Greenwood, sc","Rural",6.323595,3.9773232,0.628965517241379,1.06
"USA","US dollar","USD","","Suburban",13.301355,3.968601,0.298360655737705,1.06
"UK","Pound Sterling","GBP","Edinburgh","Urban",15.0164385,3.957821,0.263565891472868,1.69
"UK","Pound Sterling","GBP","Brighton and Hove","Urban",15.132845,3.957821,0.261538461538462,1.69
"UK","Pound Sterling","GBP","Liverpool","Urban",14.667219,3.957821,0.26984126984127,1.69
"UK","Pound Sterling","GBP","","Rural",14.21323365,3.957821,0.278460278460278,1.69
"UK","Pound Sterling","GBP","","Rural",15.7148775,3.957821,0.251851851851852,1.69
"UK","Pound Sterling","GBP","Bournemouth","Urban",15.132845,3.957821,0.261538461538462,1.69
"UK","Pound Sterling","GBP","Birmingham","Urban",15.7148775,3.957821,0.251851851851852,1.69
"UK","Pound Sterling","GBP","Bolton","Urban",14.25979625,3.957821,0.277551020408163,1.69
"UK","Pound Sterling","GBP","Manchester","Urban",16.02917505,3.957821,0.246913580246914,1.69
"UK","Pound Sterling","GBP","Newcastle","Urban",14.21323365,3.957821,0.278460278460278,1.69
"UK","Pound Sterling","GBP","Newcastle","Urban",14.44604665,3.957821,0.273972602739726,1.69
"UK","Pound Sterling","GBP","Bristol","Urban",15.132845,3.957821,0.261538461538462,1.69
"UK","Pound Sterling","GBP","","Rural",14.84182875,3.957821,0.266666666666667,1.69
"UK","Pound Sterling","GBP","","Urban",14.21323365,3.957821,0.278460278460278,1.69
"Romania","Romanian Leu","RON","Bucharest","Urban",5.4802306,3.79912,0.693240901213172,1.58
"USA","US dollar","USD","Knoxville","Suburban",9.59442,3.9598788,0.412727272727273,1.06
"UK","Pound Sterling","GBP","Glasgow","Urban",14.25979625,3.94618035,0.276734693877551,1.69
"USA","US dollar","USD","Montclair","Urban",13.95552,3.9511566,0.283125,1.06
"Australia","Australian Dollar","AUD","Canberra","Urban",20.0480319,4.033185,0.201176106468586,1.77
"Australia","Australian Dollar","AUD","Ballarat","Urban",18.6147,4.033185,0.216666666666667,1.77
"Australia","Australian Dollar","AUD","Uluru","Rural",19.23519,4.033185,0.209677419354839,1.77
"Australia","Australian Dollar","AUD","Melbourne","Suburban",19.85568,4.033185,0.203125,1.77
"Australia","Australian Dollar","AUD","Sydney","Suburban",22.33764,4.033185,0.180555555555556,1.77
"Australia","Australian Dollar","AUD","Melbourne","Urban",21.71715,4.033185,0.185714285714286,1.77
"Germany","Euro","EUR","","Urban",15,3.9,0.26,1.35
"Germany","Euro","EUR","Landsberg am Lech","Urban",14,3.9,0.278571428571429,1.35
"Germany","Euro","EUR","Düsseldorf",NA,13.9,3.9,0.280575539568345,1.35
"Germany","Euro","EUR","Würzburg","Urban",14,3.9,0.278571428571429,1.35
"Germany","Euro","EUR","Bremen","Urban",14,3.9,0.278571428571429,1.35
"Germany","Euro","EUR","Jena","Urban",14,3.9,0.278571428571429,1.35
"Ireland","Euro","EUR","","Rural",14.75,3.9,0.264406779661017,1.62
"Belgium","Euro","EUR","Antwerp","Urban",15,3.9,0.26,1.33
"Finland","Euro","EUR","Mikkeli","Urban",15.6,3.9,0.25,1.37
"Germany","Euro","EUR","Berlin","Urban",14,3.9,0.278571428571429,1.35
"Germany","Euro","EUR","Munich","Urban",23,3.9,0.169565217391304,1.35
"Germany","Euro","EUR","Regensburg","Urban",15,3.9,0.26,1.35
"Germany","Euro","EUR","Hamburg","Urban",14,3.9,0.278571428571429,1.35
"Germany","Euro","EUR","Coburg","Urban",13.9,3.9,0.280575539568345,1.35
"Ireland","Euro","EUR","","Rural",14.5,3.9,0.268965517241379,1.62
"Ireland","Euro","EUR","Dublin","Urban",17,3.9,0.229411764705882,1.62
"Ireland","Euro","EUR","","Suburban",15.5,3.9,0.251612903225806,1.62
"Austria","Euro","EUR","Vienna","Urban",10.6,3.9,0.367924528301887,1.74
"Austria","Euro","EUR","Vienna","Urban",14,3.9,0.278571428571429,1.74
"Belgium","Euro","EUR","Ghent","Urban",16.88,3.9,0.231042654028436,1.33
"Belgium","Euro","EUR","","Urban",19.5,3.9,0.2,1.33
"France","Euro","EUR","Lyon","Urban",13,3.9,0.3,1.37
"Germany","Euro","EUR","Oldenburg","Urban",13.9,3.9,0.280575539568345,1.35
"Germany","Euro","EUR","","Urban",16,3.9,0.24375,1.35
"Germany","Euro","EUR","Cologne","Urban",13.9,3.9,0.280575539568345,1.35
"Germany","Euro","EUR","Karlsruhe","Urban",15.5,3.9,0.251612903225806,1.35
"Germany","Euro","EUR","Munich","Urban",16,3.9,0.24375,1.35
"Germany","Euro","EUR","Karlsruhe","Rural",14,3.9,0.278571428571429,1.35
"Germany","Euro","EUR","Münster","Urban",14.21,3.9,0.274454609429979,1.35
"Germany","Euro","EUR","Munich","Urban",18,3.9,0.216666666666667,1.35
"Germany","Euro","EUR","Saarbrücken","Urban",16,3.9,0.24375,1.35
"Germany","Euro","EUR","Giessen","Urban",17,3.9,0.229411764705882,1.35
"Germany","Euro","EUR","Erfurt","Urban",15.32,3.9,0.254569190600522,1.35
"Ireland","Euro","EUR","Galway","Suburban",14.75,3.9,0.264406779661017,1.62
"Netherlands","Euro","EUR","Rotterdam","Urban",17.62,3.9,0.221339387060159,1.35
"Netherlands","Euro","EUR","Maastricht","Urban",14.4,3.9,0.270833333333333,1.35
"Netherlands","Euro","EUR","Amsterdam","Urban",17,3.9,0.229411764705882,1.35
"Germany","Euro","EUR","Freiburg","Urban",14.5,3.9,0.268965517241379,1.35
"Germany","Euro","EUR","Karlsruhe","Urban",13.9,3.9,0.280575539568345,1.35
"Germany","Euro","EUR","Hamburg","Urban",15,3.9,0.26,1.35
"Germany","Euro","EUR","Freiburg im Breisgau","Urban",13.5,3.9,0.288888888888889,1.35
"Germany","Euro","EUR","Überlingen","Rural",18,3.9,0.216666666666667,1.35
"Germany","Euro","EUR","Hamburg","Urban",22,3.9,0.177272727272727,1.35
"Germany","Euro","EUR","Hamburg","Urban",18,3.9,0.216666666666667,1.35
"Germany","Euro","EUR","Hamburg","Urban",20,3.9,0.195,1.35
"Ireland","Euro","EUR","Castlebar","Suburban",16,3.9,0.24375,1.62
"Latvia","Euro","EUR","Riga","Urban",4.5,3.9,0.866666666666667,1.26
"Hungary","Forint","HUF","Budapest","Urban",9.8681364,4.16654648,0.422222222222222,1.23
"USA","US dollar","USD","Washington DC","Urban",15.69996,3.92499,0.25,1.06
"USA","US dollar","USD","Austin, Texas","Urban",11.33886,3.92499,0.346153846153846,1.06
"USA","US dollar","USD","DC","Urban",13.0833,3.92499,0.3,1.06
"USA","US dollar","USD","Cypress","Suburban",10.46664,3.92499,0.375,1.06
"USA","US dollar","USD","Pittsburgh, Pennsylvania","Urban",13.95552,3.92499,0.28125,1.06
"USA","US dollar","USD","Phoenixville","Suburban",14.39163,3.92499,0.272727272727273,1.06
"USA","US dollar","USD","Redlands","Suburban",17.4444,3.92499,0.225,1.06
"USA","US dollar","USD","Hayfork","Rural",14.740518,3.92499,0.266272189349112,1.06
"USA","US dollar","USD","Minneapolis","Urban",13.9293534,3.92499,0.281778334376957,1.06
"USA","US dollar","USD","Rockland","Suburban",14.39163,3.92499,0.272727272727273,1.06
"USA","US dollar","USD","Omaha, Nebraska","Suburban",17.226345,3.92499,0.227848101265823,1.06
"USA","US dollar","USD","Carmel, Indiana","Suburban",11.33886,3.92499,0.346153846153846,1.06
"USA","US dollar","USD","Brownsville","Suburban",7.84998,3.92499,0.5,1.06
"USA","US dollar","USD","","Rural",15.26385,3.92499,0.257142857142857,1.06
"USA","US dollar","USD","","Urban",13.0833,3.92499,0.3,1.06
"USA","US dollar","USD","Atlanta","Suburban",10.46664,3.92499,0.375,1.06
"USA","US dollar","USD","Greenville","Urban",15.69996,3.92499,0.25,1.06
"USA","US dollar","USD","Alpharetta","Urban",17.4444,3.92499,0.225,1.06
"USA","US dollar","USD","Rochester","Suburban",16.13607,3.92499,0.243243243243243,1.06
"USA","US dollar","USD","San Francisco","Urban",20.93328,3.92499,0.1875,1.06
"USA","US dollar","USD","Salt Lake City","Urban",13.0833,3.92499,0.3,1.06
"USA","US dollar","USD","Seattle","Urban",20.06106,3.92499,0.195652173913043,1.06
"USA","US dollar","USD","Indianapolis","Suburban",22.67772,3.92499,0.173076923076923,1.06
"USA","US dollar","USD","Long Branch, NJ","Suburban",14.39163,3.92499,0.272727272727273,1.06
"USA","US dollar","USD","Milwaukee","Urban",14.39163,3.92499,0.272727272727273,1.06
"USA","US dollar","USD","Phoenix","Suburban",14.173575,3.92499,0.276923076923077,1.06
"USA","US dollar","USD","Austin","Urban",10.248585,3.92499,0.382978723404255,1.06
"USA","US dollar","USD","Lafayette, LA","Urban",8.7222,3.92499,0.45,1.06
"USA","US dollar","USD","New Hampshire","Rural",13.0833,3.92499,0.3,1.06
"USA","US dollar","USD","Houston, TX","Urban",10.46664,3.92499,0.375,1.06
"USA","US dollar","USD","Richmond, VA","Urban",16.57218,3.92499,0.236842105263158,1.06
"USA","US dollar","USD","Madison","Urban",13.0833,3.92499,0.3,1.06
"USA","US dollar","USD","St. Louis, MO","Suburban",15.69996,3.92499,0.25,1.06
"USA","US dollar","USD","San Diego California","Urban",15.69996,3.92499,0.25,1.06
"USA","US dollar","USD","Fort Worth","Suburban",12.21108,3.92499,0.321428571428571,1.06
"USA","US dollar","USD","Gainesville, FL","Suburban",9.59442,3.92499,0.409090909090909,1.06
"USA","US dollar","USD","Missoula, MT","Suburban",11.33886,3.92499,0.346153846153846,1.06
"USA","US dollar","USD","Sawyer, MI","Rural",10.46664,3.92499,0.375,1.06
"USA","US dollar","USD","Nashville, TN","Urban",11.33886,3.92499,0.346153846153846,1.06
"USA","US dollar","USD","Kokomo","Suburban",13.0833,3.92499,0.3,1.06
"USA","US dollar","USD","","Rural",9.15831,3.92499,0.428571428571429,1.06
"USA","US dollar","USD","Naugatuck, CT","Suburban",14.260797,3.92499,0.275229357798165,1.06
"USA","US dollar","USD","Milwaukee","Urban",12.21108,3.92499,0.321428571428571,1.06
"USA","US dollar","USD","Dallas","Urban",10.46664,3.92499,0.375,1.06
"USA","US dollar","USD","Bismarck, ND","Urban",10.90275,3.92499,0.36,1.06
"USA","US dollar","USD","Chicago","Urban",15.69996,3.92499,0.25,1.06
"USA","US dollar","USD","Austin","Urban",8.7222,3.92499,0.45,1.06
"USA","US dollar","USD","Milwaukee, WI","Urban",10.46664,3.92499,0.375,1.06
"USA","US dollar","USD","Portland, OR","Urban",15.69996,3.92499,0.25,1.06
"USA","US dollar","USD","San Luis Obispo","Urban",14.39163,3.92499,0.272727272727273,1.06
"USA","US dollar","USD","Duluth MN","Urban",12.0191916,3.92499,0.32656023222061,1.06
"USA","US dollar","USD","Columbus, OH","Urban",10.90275,3.92499,0.36,1.06
"USA","US dollar","USD","Lexington, KY","Urban",16.354125,3.92499,0.24,1.06
"USA","US dollar","USD","Madison, WI","Urban",18.31662,3.92499,0.214285714285714,1.06
"USA","US dollar","USD","Mission Viejo","Suburban",17.4444,3.92499,0.225,1.06
"USA","US dollar","USD","Minneapolis","Urban",18.31662,3.92499,0.214285714285714,1.06
"USA","US dollar","USD","Portland, OR","Urban",14.39163,3.92499,0.272727272727273,1.06
"USA","US dollar","USD","Uniontown, OH","Suburban",11.33886,3.92499,0.346153846153846,1.06
"USA","US dollar","USD","Denver, CO","Suburban",24.42216,3.92499,0.160714285714286,1.06
"USA","US dollar","USD","Athens, GA","Suburban",6.54165,3.92499,0.6,1.06
"USA","US dollar","USD","Omaha","Urban",11.33886,3.92499,0.346153846153846,1.06
"USA","US dollar","USD","Waitsburg, WA","Rural",15.26385,3.92499,0.257142857142857,1.06
"USA","US dollar","USD","Orlando","Urban",12.21108,3.92499,0.321428571428571,1.06
"USA","US dollar","USD","Kansas City","Urban",20.93328,3.92499,0.1875,1.06
"USA","US dollar","USD","Orange County","Urban",15.69996,3.92499,0.25,1.06
"USA","US dollar","USD","Chicago","Urban",14.39163,3.92499,0.272727272727273,1.06
"USA","US dollar","USD","San Francisco","Urban",18.098565,3.92499,0.216867469879518,1.06
"USA","US dollar","USD","Knoxville","Suburban",10.684695,3.92499,0.36734693877551,1.06
"USA","US dollar","USD","Arlington, VA","Urban",20.49717,3.92499,0.191489361702128,1.06
"USA","US dollar","USD","Minneapolis","Urban",20.06106,3.92499,0.195652173913043,1.06
"USA","US dollar","USD","Arlington, VA","Urban",13.95552,3.92499,0.28125,1.06
"USA","US dollar","USD","Philadelphia","Urban",12.21108,3.92499,0.321428571428571,1.06
"USA","US dollar","USD","Gainesville, GA","Suburban",13.0833,3.92499,0.3,1.06
"USA","US dollar","USD","Pittsburgh","Urban",9.59442,3.92499,0.409090909090909,1.06
"USA","US dollar","USD","Portland, OR","Suburban",15.26385,3.92499,0.257142857142857,1.06
"USA","US dollar","USD","Fort Collins, CO","Suburban",11.77497,3.92499,0.333333333333333,1.06
"USA","US dollar","USD","Bozeman","Urban",12.21108,3.92499,0.321428571428571,1.06
"USA","US dollar","USD","Portland","Urban",14.39163,3.92499,0.272727272727273,1.06
"USA","US dollar","USD","Albany NY","Suburban",17.4444,3.92499,0.225,1.06
"USA","US dollar","USD","Atlanta","Urban",15.69996,3.92499,0.25,1.06
"USA","US dollar","USD","Fairlee, VT","Rural",13.95552,3.92499,0.28125,1.06
"Czechia","Czech Koruna","CZK","Prague","Urban",6.98411,3.902885,0.558823529411765,1.2
"Czechia","Czech Koruna","CZK","Prague","Urban",9.03826,3.902885,0.431818181818182,1.2
"Sweden","Swedish Krona","SEK","Växjö","Urban",13.9810013,3.7164687,0.265822784810127,1.66
"USA","US dollar","USD","Wilmington, NC","Urban",9.943308,3.9162678,0.393859649122807,1.06
"UK","Pound Sterling","GBP","London","Urban",11.64065,3.89961775,0.335,1.69
"UK","Pound Sterling","GBP","Liverpool","Urban",11.64065,3.89961775,0.335,1.69
"Israel","New Israeli Sheqel","ILS","Be'er Sheva","Urban",10.9013526,4.0162878,0.368421052631579,2.49
"Poland","Zloty","PLN","Warsaw","Urban",7.563105,3.7815525,0.5,1.05
"Ireland","Euro","EUR","Dublin","Suburban",15.52,3.85,0.248067010309278,1.62
"Hungary","Forint","HUF","Budapest","Urban",7.6752172,4.1117235,0.535714285714286,1.23
"Singapore","Singapore Dollar","SGD","","Urban",8.528465,3.88898004,0.456,3.08
"USA","US dollar","USD","Boston","Urban",13.0833,3.881379,0.296666666666667,1.06
"USA","US dollar","USD","Milwaukee","Urban",12.2372466,3.881379,0.317177476835353,1.06
"USA","US dollar","USD","Milwaukee","Urban",14.914962,3.881379,0.260233918128655,1.06
"USA","US dollar","USD","Columbus","Suburban",13.95552,3.881379,0.278125,1.06
"Jamaica","Jamaican Dollar","JMD","Kingston","Urban",2.762269,3.8671766,1.4,NA
"USA","US dollar","USD","Pooler","Suburban",11.120805,3.8726568,0.348235294117647,1.06
"UK","Pound Sterling","GBP","Preston","Rural",14.25979625,3.8414145,0.269387755102041,1.69
"UK","Pound Sterling","GBP","Brighton","Urban",14.7836255,3.8414145,0.259842519685039,1.69
"UK","Pound Sterling","GBP","Newcastle","Urban",14.56245315,3.8414145,0.26378896882494,1.69
"USA","US dollar","USD","Atlanta, GA","Urban",9.59442,3.8464902,0.400909090909091,1.06
"Japan","Yen","JPY","Tokyo","Suburban",6.6324,3.8689,0.583333333333333,1.48
"USA","US dollar","USD","Ann Arbor","Urban",13.95552,3.837768,0.275,1.06
"USA","US dollar","USD","Chaimpaign, Illinois","Suburban",18.31662,3.837768,0.20952380952381,1.06
"Ireland","Euro","EUR","","Urban",15,3.8,0.253333333333333,1.62
"Latvia","Euro","EUR","Riga","Urban",6.25,3.8,0.608,1.26
"Netherlands","Euro","EUR","Bergen op Zoom","Urban",18,3.8,0.211111111111111,1.35
"Netherlands","Euro","EUR","Amsterdam","Urban",17,3.8,0.223529411764706,1.35
"Netherlands","Euro","EUR","Amsterdam","Urban",14,3.8,0.271428571428571,1.35
"Germany","Euro","EUR","Hamburg","Urban",14,3.8,0.271428571428571,1.35
"Germany","Euro","EUR","Berlin","Urban",16,3.8,0.2375,1.35
"Germany","Euro","EUR","Münster","Suburban",13.9,3.8,0.273381294964029,1.35
"Germany","Euro","EUR","Cologne","Urban",14,3.8,0.271428571428571,1.35
"Germany","Euro","EUR","Munich","Urban",14.4,3.8,0.263888888888889,1.35
"Netherlands","Euro","EUR","Amsterdam","Urban",16.72,3.8,0.227272727272727,1.35
"Netherlands","Euro","EUR","Amsterdam","Urban",14.8,3.8,0.256756756756757,1.35
"Belgium","Euro","EUR","Ghent","Urban",16,3.8,0.2375,1.33
"Belgium","Euro","EUR","Antwerp","Suburban",15,3.8,0.253333333333333,1.33
"France","Euro","EUR","","Suburban",9.86,3.8,0.385395537525355,1.37
"Germany","Euro","EUR","Münster","Urban",13.9,3.8,0.273381294964029,1.35
"Germany","Euro","EUR","Frankfurt","Suburban",14,3.8,0.271428571428571,1.35
"Germany","Euro","EUR","Munich","Urban",14,3.8,0.271428571428571,1.35
"Germany","Euro","EUR","Munich","Urban",20,3.8,0.19,1.35
"Germany","Euro","EUR","Berlin","Urban",13,3.8,0.292307692307692,1.35
"Germany","Euro","EUR","Berlin","Urban",14,3.8,0.271428571428571,1.35
"Germany","Euro","EUR","Berlin","Urban",15.5,3.8,0.245161290322581,1.35
"Germany","Euro","EUR","Leipzig","Urban",14.5,3.8,0.262068965517241,1.35
"Germany","Euro","EUR","Hamburg","Suburban",13.5,3.8,0.281481481481481,1.35
"Germany","Euro","EUR","Würzburg","Urban",19,3.8,0.2,1.35
"Germany","Euro","EUR","Aachen","Urban",13.9,3.8,0.273381294964029,1.35
"Germany","Euro","EUR","Heidelberg","Urban",13,3.8,0.292307692307692,1.35
"Greece","Euro","EUR","Rhodes","Suburban",6,3.8,0.633333333333333,1.75
"Ireland","Euro","EUR","Cork","Urban",14.5,3.8,0.262068965517241,1.62
"Ireland","Euro","EUR","","Rural",16.5,3.8,0.23030303030303,1.62
"Ireland","Euro","EUR","","Suburban",15.75,3.8,0.241269841269841,1.62
"Netherlands","Euro","EUR","The Hague","Urban",15.35,3.8,0.247557003257329,1.35
"Netherlands","Euro","EUR","Haarlem","Urban",15,3.8,0.253333333333333,1.35
"Netherlands","Euro","EUR","","Suburban",14.95,3.8,0.254180602006689,1.35
"France","Euro","EUR","Anglet","Urban",12.13,3.8,0.313272877164056,1.37
"Slovakia","Euro","EUR","Poprad","Suburban",9,3.8,0.422222222222222,1.11
"Canada","Canadian Dollar","CAD","Calgary","Urban",12.1411875,3.760655,0.30974358974359,2.24
"Canada","Canadian Dollar","CAD","Sherbrooke","Urban",12.4525,3.73575,0.3,2.24
"Canada","Canadian Dollar","CAD","Halifax","Urban",11.32554875,3.73575,0.329851566794942,2.24
"Canada","Canadian Dollar","CAD","Guelph","Urban",11.05159375,3.73575,0.338028169014085,2.24
"Canada","Canadian Dollar","CAD","Toronto","Urban",15.565625,3.73575,0.24,2.24
"Canada","Canadian Dollar","CAD","Montréal","Urban",10.8959375,3.73575,0.342857142857143,2.24
"Canada","Canadian Dollar","CAD","Nova Scotia","Rural",11.20725,3.73575,0.333333333333333,2.24
"Chile","Chilean Peso","CLP","Talcahuano","Urban",3.4125,3.6309,1.064,1.19
"USA","US dollar","USD","Chandler, AZ","Urban",13.95552,3.794157,0.271875,1.06
"USA","US dollar","USD","Rock Hill","Urban",10.684695,3.794157,0.355102040816327,1.06
"USA","US dollar","USD","Queen Creek","Urban",15.69996,3.794157,0.241666666666667,1.06
"USA","US dollar","USD","Greer, South Carolina","Suburban",17.488011,3.794157,0.216957605985037,1.06
"USA","US dollar","USD","Minneapolis","Suburban",25.29438,3.794157,0.15,1.06
"USA","US dollar","USD","O'Fallon, Missouri","Suburban",14.0514642,3.794157,0.270018621973929,1.06
"USA","US dollar","USD","Baton Rouge","Suburban",13.301355,3.794157,0.285245901639344,1.06
"USA","US dollar","USD","Little Rock, Arkansas","Suburban",17.2350672,3.794157,0.220141700404858,1.06
"USA","US dollar","USD","Phoenix","Suburban",14.173575,3.794157,0.267692307692308,1.06
"USA","US dollar","USD","Dallas","Suburban",16.57218,3.794157,0.228947368421053,1.06
"USA","US dollar","USD","Winston-Salem, NC","Suburban",17.4444,3.794157,0.2175,1.06
"USA","US dollar","USD","Lehi","Suburban",14.6881848,3.794157,0.258313539192399,1.06
"UK","Pound Sterling","GBP","","Urban",14.25979625,3.78321125,0.26530612244898,1.69
"USA","US dollar","USD","Salt Lake City","Suburban",10.46664,3.7854348,0.361666666666667,1.06
"USA","US dollar","USD","Nashville, TN","Urban",14.9062398,3.7854348,0.253949678174371,1.06
"USA","US dollar","USD","Columbia MO","Urban",11.993025,3.7854348,0.315636363636364,1.06
"Netherlands","Euro","EUR","Sittard","Urban",10,3.75,0.375,1.35
"Netherlands","Euro","EUR","Amsterdam","Urban",14.71,3.75,0.254928619986404,1.35
"Netherlands","Euro","EUR","Eindhoven","Suburban",14.4,3.75,0.260416666666667,1.35
"Netherlands","Euro","EUR","Elst","Suburban",14.71,3.75,0.254928619986404,1.35
"Netherlands","Euro","EUR","Rotterdam","Suburban",14,3.75,0.267857142857143,1.35
"Poland","Zloty","PLN","Gdańsk","Urban",7.104735,3.66696,0.516129032258065,1.05
"Poland","Zloty","PLN","Kraków","Urban",7.196409,3.66696,0.509554140127389,1.05
"Poland","Zloty","PLN","Kraków","Urban",5.729625,3.66696,0.64,1.05
"Poland","Zloty","PLN","Poznań","Urban",7.33392,3.66696,0.5,1.05
"Poland","Zloty","PLN","Warsaw","Urban",7.33392,3.66696,0.5,1.05
"Poland","Zloty","PLN","Kraków","Urban",6.967224,3.66696,0.526315789473684,1.05
"Poland","Zloty","PLN","Kolobrzeg","Urban",7.196409,3.66696,0.509554140127389,1.05
"Poland","Zloty","PLN","Gdańsk","Urban",7.196409,3.66696,0.509554140127389,1.05
"Poland","Zloty","PLN","Kraków","Urban",7.104735,3.66696,0.516129032258065,1.05
"Poland","Zloty","PLN","Opole","Suburban",7.196409,3.66696,0.509554140127389,1.05
"Poland","Zloty","PLN","Kraków","Urban",6.41718,3.66696,0.571428571428571,1.05
"Poland","Zloty","PLN","Gliwice","Urban",5.729625,3.66696,0.64,1.05
"Poland","Zloty","PLN","Warsaw","Urban",18.3348,3.66696,0.2,1.05
"Poland","Zloty","PLN","Wrocław","Urban",7.196409,3.66696,0.509554140127389,1.05
"Poland","Zloty","PLN","Łódź","Urban",7.196409,3.66696,0.509554140127389,1.05
"USA","US dollar","USD","Peoria","Urban",13.0833,3.7767126,0.288666666666667,1.06
"USA","US dollar","USD","Amarillo, TX","Urban",13.95552,3.7767126,0.270625,1.06
"USA","US dollar","USD","Philadelphia","Urban",8.068035,3.7679904,0.467027027027027,1.06
"Canada","Canadian Dollar","CAD","Toronto","Urban",10.9582,3.69216625,0.336931818181818,2.24
"Poland","Zloty","PLN","Żory",NA,6.9901425,3.6440415,0.521311475409836,1.05
"USA","US dollar","USD","Forest, VA","Suburban",13.0833,3.750546,0.286666666666667,1.06
"USA","US dollar","USD","Tulsa, OK","Urban",13.0833,3.750546,0.286666666666667,1.06
"Singapore","Singapore Dollar","SGD","Singapore","Urban",8.1873264,3.7525246,0.458333333333333,3.08
"Singapore","Singapore Dollar","SGD","","Urban",9.5518808,3.7525246,0.392857142857143,3.08
"Singapore","Singapore Dollar","SGD","","Urban",10.234158,3.7525246,0.366666666666667,3.08
"Singapore","Singapore Dollar","SGD","Singapore","Urban",5.4582176,3.7525246,0.6875,3.08
"Singapore","Singapore Dollar","SGD","","Urban",8.1873264,3.7525246,0.458333333333333,3.08
"Argentina","Argentine Peso","ARS","Buenos Aires","Urban",2.3104352,3.4656528,1.5,1.41
"USA","US dollar","USD","Lincoln","Urban",11.33886,3.7418238,0.33,1.06
"Germany","Euro","EUR","","Rural",12.82,3.7,0.288611544461779,1.35
"Belgium","Euro","EUR","Brussels","Urban",15,3.7,0.246666666666667,1.33
"Estonia","Euro","EUR","Tallinn","Suburban",8,3.7,0.4625,1.15
"Germany","Euro","EUR","Berlin","Urban",13.9,3.7,0.266187050359712,1.35
"Ireland","Euro","EUR","Cork","Urban",14.1,3.7,0.262411347517731,1.62
"Germany","Euro","EUR","Cologne","Urban",13,3.7,0.284615384615385,1.35
"Netherlands","Euro","EUR","Amsterdam","Urban",23,3.7,0.160869565217391,1.35
"Netherlands","Euro","EUR","Nijmegen","Urban",14.95,3.7,0.247491638795987,1.35
"Netherlands","Euro","EUR","Utrecht","Urban",14.71,3.7,0.251529571719918,1.35
"Germany","Euro","EUR","Cologne","Urban",15,3.7,0.246666666666667,1.35
"Germany","Euro","EUR","","Suburban",14,3.7,0.264285714285714,1.35
"Netherlands","Euro","EUR","Amsterdam","Suburban",23,3.7,0.160869565217391,1.35
"Netherlands","Euro","EUR","Amsterdam","Urban",15,3.7,0.246666666666667,1.35
"USA","US dollar","USD","Liberty, IN","Rural",6.97776,3.7331016,0.535,1.06
"UK","Pound Sterling","GBP","","Suburban",14.67885965,3.725008,0.253766851704996,1.69
"UK","Pound Sterling","GBP","","Rural",14.84182875,3.725008,0.250980392156863,1.69
"UK","Pound Sterling","GBP","Liverpool","Urban",15.65667425,3.725008,0.237918215613383,1.69
"UK","Pound Sterling","GBP","Poole, Dorset","Suburban",15.132845,3.725008,0.246153846153846,1.69
"UK","Pound Sterling","GBP","","Suburban",15.7148775,3.725008,0.237037037037037,1.69
"UK","Pound Sterling","GBP","Birmingham","Urban",14.434406,3.725008,0.258064516129032,1.69
"UK","Pound Sterling","GBP","Sunerland","Urban",15.132845,3.725008,0.246153846153846,1.69
"Sweden","Swedish Krona","SEK","Lund","Urban",15.927723,3.539494,0.222222222222222,1.66
"Czechia","Czech Koruna","CZK","Brno","Urban",6.57328,3.69747,0.5625,1.2
"USA","US dollar","USD","Clarksville, Tennessee","Suburban",13.0833,3.706935,0.283333333333333,1.06
"USA","US dollar","USD","Charleston","Suburban",11.77497,3.706935,0.314814814814815,1.06
"USA","US dollar","USD","Winfield","Suburban",11.77497,3.706935,0.314814814814815,1.06
"USA","US dollar","USD","","Suburban",6.323595,3.706935,0.586206896551724,1.06
"USA","US dollar","USD","Glendora, California","Suburban",17.00829,3.706935,0.217948717948718,1.06
"USA","US dollar","USD","San Antonio","Urban",7.84998,3.706935,0.472222222222222,1.06
"USA","US dollar","USD","San Diego","Urban",15.045795,3.706935,0.246376811594203,1.06
"USA","US dollar","USD","Fresno","Suburban",16.57218,3.706935,0.223684210526316,1.06
"USA","US dollar","USD","Albuquerque","Urban",10.46664,3.706935,0.354166666666667,1.06
"USA","US dollar","USD","Salem, Oregon","Suburban",13.126911,3.706935,0.282392026578073,1.06
"USA","US dollar","USD","Lake Zurich, IL","Suburban",13.95552,3.706935,0.265625,1.06
"USA","US dollar","USD","","Suburban",11.120805,3.706935,0.333333333333333,1.06
"USA","US dollar","USD","Belmont","Suburban",15.69996,3.706935,0.236111111111111,1.06
"USA","US dollar","USD","Ann Arbor","Suburban",18.31662,3.706935,0.202380952380952,1.06
"USA","US dollar","USD","Cincinnati","Urban",14.82774,3.706935,0.25,1.06
"USA","US dollar","USD","Newberg, Oregon","Suburban",14.173575,3.706935,0.261538461538462,1.06
"USA","US dollar","USD","Charlottesville","Urban",8.7222,3.706935,0.425,1.06
"USA","US dollar","USD","Johns Creek","Suburban",9.59442,3.706935,0.386363636363636,1.06
"USA","US dollar","USD","Iowa City, IA","Urban",15.045795,3.706935,0.246376811594203,1.06
"USA","US dollar","USD","Delmar NY","Rural",15.69996,3.706935,0.236111111111111,1.06
"USA","US dollar","USD","Jacksonville","Suburban",13.0833,3.706935,0.283333333333333,1.06
"USA","US dollar","USD","Cincinnati","Urban",16.57218,3.706935,0.223684210526316,1.06
"USA","US dollar","USD","Tucson","Urban",13.475799,3.706935,0.275080906148867,1.06
"USA","US dollar","USD","Beverly, MA","Suburban",13.0833,3.706935,0.283333333333333,1.06
"USA","US dollar","USD","Lafayette, LA","Urban",8.28609,3.706935,0.447368421052632,1.06
"USA","US dollar","USD","","Suburban",18.75273,3.706935,0.197674418604651,1.06
"USA","US dollar","USD","Spruce Pine",NA,13.95552,3.6982128,0.265,1.06
"USA","US dollar","USD","Harrisburg, PA","Urban",8.28609,3.6982128,0.446315789473684,1.06
"Canada","Canadian Dollar","CAD","Toronto","Urban",11.6430875,3.611225,0.310160427807487,2.24
"UK","Pound Sterling","GBP","Bovey Tracey","Rural",14.434406,3.66680475,0.254032258064516,1.69
"UK","Pound Sterling","GBP","Cardiff","Urban",14.21323365,3.66680475,0.257985257985258,1.69
"Canada","Canadian Dollar","CAD","Vancouver","Urban",12.73268125,3.5987725,0.282640586797066,2.24
"USA","US dollar","USD","St. Louis","Suburban",16.13607,3.663324,0.227027027027027,1.06
"Mexico","Mexican Peso","MXN","Mérida","Urban",2.0292744,3.8048895,1.875,1.74
"Mexico","Mexican Peso","MXN","México city","Urban",1.993762098,3.8048895,1.90839694656489,1.74
"Canada","Canadian Dollar","CAD","Toronto","Urban",11.829875,3.58009375,0.302631578947368,2.24
"Canada","Canadian Dollar","CAD","Montréal","Urban",12.4525,3.58009375,0.2875,2.24
"Canada","Canadian Dollar","CAD","Edmonton","Urban",9.339375,3.58009375,0.383333333333333,2.24
"Canada","Canadian Dollar","CAD","Victoria","Urban",11.11385625,3.58009375,0.322128851540616,2.24
"Canada","Canadian Dollar","CAD","Montréal","Urban",11.829875,3.58009375,0.302631578947368,2.24
"Australia","Australian Dollar","AUD","Launceston","Urban",20.786415,3.72294,0.17910447761194,1.77
"Australia","Australian Dollar","AUD","Katoomba","Suburban",19.85568,3.72294,0.1875,1.77
"Australia","Australian Dollar","AUD","Canberra","Urban",19.85568,3.72294,0.1875,1.77
"Australia","Australian Dollar","AUD","Melbourne","Suburban",23.57862,3.72294,0.157894736842105,1.77
"Australia","Australian Dollar","AUD","Perth","Urban",20.7119562,3.72294,0.17974835230677,1.77
"Australia","Australian Dollar","AUD","Newcastle","Urban",19.85568,3.72294,0.1875,1.77
"Australia","Australian Dollar","AUD","Canberra","Urban",16.0396665,3.72294,0.2321083172147,1.77
"Australia","Australian Dollar","AUD","Katoomba","Rural",16.0396665,3.72294,0.2321083172147,1.77
"Australia","Australian Dollar","AUD","",NA,20.0108025,3.72294,0.186046511627907,1.77
"Australia","Australian Dollar","AUD","Geelong","Suburban",19.4337468,3.72294,0.191570881226054,1.77
"Australia","Australian Dollar","AUD","Melbourne","Urban",20.47617,3.72294,0.181818181818182,1.77
"Australia","Australian Dollar","AUD","Melbourne","Urban",21.406905,3.72294,0.173913043478261,1.77
"Australia","Australian Dollar","AUD","Melbourne","Suburban",20.0480319,3.72294,0.185701021355617,1.77
"Australia","Australian Dollar","AUD","Melbourne","Urban",17.37372,3.72294,0.214285714285714,1.77
"Australia","Australian Dollar","AUD","Melbourne","Urban",16.13274,3.72294,0.230769230769231,1.77
"Australia","Australian Dollar","AUD","Melbourne","Suburban",16.4740095,3.72294,0.225988700564972,1.77
"Australia","Australian Dollar","AUD","Melbourne","Suburban",22.027395,3.72294,0.169014084507042,1.77
"Australia","Australian Dollar","AUD","","Rural",18.6953637,3.72294,0.199137072685032,1.77
"Australia","Australian Dollar","AUD","Brisbane","Urban",19.23519,3.72294,0.193548387096774,1.77
"Australia","Australian Dollar","AUD","Melbourne","Urban",20.0480319,3.72294,0.185701021355617,1.77
"Australia","Australian Dollar","AUD","Sydney","Urban",21.09666,3.72294,0.176470588235294,1.77
"France","Euro","EUR","Strasbourg","Urban",9.52,3.6,0.378151260504202,1.37
"Netherlands","Euro","EUR","Nijmegen","Urban",14.6,3.6,0.246575342465753,1.35
"Germany","Euro","EUR","Bremen","Urban",16,3.6,0.225,1.35
"Germany","Euro","EUR","Freiburg","Urban",19,3.6,0.189473684210526,1.35
"Germany","Euro","EUR","Berlin","Urban",14,3.6,0.257142857142857,1.35
"Ireland","Euro","EUR","","Rural",15,3.6,0.24,1.62
"Netherlands","Euro","EUR","The Hague","Urban",17.7,3.6,0.203389830508475,1.35
"Germany","Euro","EUR","Bonn","Urban",13,3.6,0.276923076923077,1.35
"Germany","Euro","EUR","Trier","Suburban",14,3.6,0.257142857142857,1.35
"Germany","Euro","EUR","Bonn","Urban",14.6,3.6,0.246575342465753,1.35
"Netherlands","Euro","EUR","Amsterdam","Urban",16.3,3.6,0.220858895705521,1.35
"Germany","Euro","EUR","Berlin","Urban",17,3.6,0.211764705882353,1.35
"Netherlands","Euro","EUR","Groningen","Urban",14.07,3.6,0.255863539445629,1.35
"Hungary","Forint","HUF","Budapest","Urban",7.9493321,3.8376086,0.482758620689655,1.23
"Israel","New Israeli Sheqel","ILS","","Rural",11.475108,3.7294101,0.325,2.49
"Argentina","Argentine Peso","ARS","Ciudad Autónoma de Buenos Aires","Urban",3.86997896,3.35013104,0.865671641791045,1.41
"USA","US dollar","USD","Dallas, TX","Urban",14.39163,3.619713,0.251515151515152,1.06
"Chile","Chilean Peso","CLP","Santiago","Urban",2.275,3.458,1.52,1.19
"Canada","Canadian Dollar","CAD","Montréal","Urban",10.584625,3.5489625,0.335294117647059,2.24
"Canada","Canadian Dollar","CAD","Toronto","Urban",11.9544,3.5489625,0.296875,2.24
"UK","Pound Sterling","GBP","Aldershot","Urban",16.7858173,3.6086015,0.21497919556172,1.69
"UK","Pound Sterling","GBP","Huddersfield","Urban",15.7148775,3.6086015,0.22962962962963,1.69
"UK","Pound Sterling","GBP","Manchester","Suburban",15.7148775,3.6086015,0.22962962962963,1.69
"UK","Pound Sterling","GBP","Torquay","Suburban",14.21323365,3.6086015,0.253890253890254,1.69
"UK","Pound Sterling","GBP","","Urban",14.5508125,3.6086015,0.248,1.69
"Malaysia","Malaysian Ringgit","MYR","Kuala Lumpur","Urban",2.3495439,3.50295636,1.49090909090909,1.9
"Singapore","Singapore Dollar","SGD","","Urban",8.1873264,3.61606916,0.441666666666667,3.08
"Canada","Canadian Dollar","CAD","Toronto","Urban",11.20725,3.54273625,0.316111111111111,2.24
"USA","US dollar","USD","Ellensburg","Suburban",15.5342382,3.5935464,0.231330713082538,1.06
"Canada","Canadian Dollar","CAD","Toronto","Urban",10.9582,3.51783125,0.321022727272727,2.24
"Canada","Canadian Dollar","CAD","Toronto","Urban",13.075125,3.51783125,0.269047619047619,2.24
"Cyprus","Euro","EUR","Larnaca","Urban",4.75,3.55,0.747368421052632,1.89
"USA","US dollar","USD","Hillsborough, NC","Suburban",13.95552,3.576102,0.25625,1.06
"Canada","Canadian Dollar","CAD","Vancouver","Urban",11.36290625,3.50537875,0.308493150684931,2.24
"Japan","Yen","JPY","Tokyo","Urban",6.6324,3.59255,0.541666666666667,1.48
"Japan","Yen","JPY","Koenji, Tokyo","Suburban",6.90875,3.59255,0.52,1.48
"Russia","Russian Ruble","RUB","Kazan","Urban",2.484576,3.416292,1.375,1.18
"Romania","Romanian Leu","RON","Cluj-Napoca","Urban",3.989076,3.419208,0.857142857142857,1.58
"USA","US dollar","USD","Louisville","Urban",10.03053,3.5586576,0.354782608695652,1.06
"Canada","Canadian Dollar","CAD","Toronto","Urban",12.4525,3.4867,0.28,2.24
"Canada","Canadian Dollar","CAD","Edmonton, Alberta","Urban",9.6506875,3.4867,0.361290322580645,2.24
"Canada","Canadian Dollar","CAD","Toronto","Urban",11.20725,3.4867,0.311111111111111,2.24
"Canada","Canadian Dollar","CAD","Vancouver","Urban",11.42516875,3.4867,0.305177111716621,2.24
"Canada","Canadian Dollar","CAD","Kingston, ON","Suburban",12.4525,3.48047375,0.2795,2.24
"Poland","Zloty","PLN","Wrocław","Urban",7.196409,3.437775,0.477707006369427,1.05
"Poland","Zloty","PLN","Kraków","Urban",7.196409,3.437775,0.477707006369427,1.05
"Poland","Zloty","PLN","Poznań","Urban",7.33392,3.437775,0.46875,1.05
"Poland","Zloty","PLN","Warsaw","Urban",6.187995,3.437775,0.555555555555556,1.05
"Poland","Zloty","PLN","Warsaw","Urban",8.479845,3.437775,0.405405405405405,1.05
"Poland","Zloty","PLN","Warsaw","Urban",10.313325,3.437775,0.333333333333333,1.05
"Poland","Zloty","PLN","Wrocław","Urban",7.33392,3.437775,0.46875,1.05
"Poland","Zloty","PLN","Toruń","Urban",7.33392,3.437775,0.46875,1.05
"Poland","Zloty","PLN","Warsaw","Urban",8.5944375,3.437775,0.4,1.05
"Poland","Zloty","PLN","Warsaw","Urban",11.45925,3.437775,0.3,1.05
"Poland","Zloty","PLN","Cieszyn","Urban",6.187995,3.437775,0.555555555555556,1.05
"Poland","Zloty","PLN","Warsaw","Urban",7.79229,3.437775,0.441176470588235,1.05
"Poland","Zloty","PLN","Warsaw","Urban",7.563105,3.437775,0.454545454545455,1.05
"Poland","Zloty","PLN","Kraków","Suburban",7.196409,3.437775,0.477707006369427,1.05
"Poland","Zloty","PLN","Warsaw","Urban",7.196409,3.437775,0.477707006369427,1.05
"Poland","Zloty","PLN","Kraków","Urban",7.33392,3.437775,0.46875,1.05
"Poland","Zloty","PLN","Warsaw","Urban",7.33392,3.437775,0.46875,1.05
"Turkey","Turkish Lira","TRY","Istanbul","Urban",3.519405,3.2157,0.913705583756345,1.05
"Germany","Euro","EUR","Hamburg","Urban",20,3.5,0.175,1.35
"Germany","Euro","EUR","Giessen","Urban",15,3.5,0.233333333333333,1.35
"Portugal","Euro","EUR","Lisbon","Rural",8,3.5,0.4375,1.1
"Spain","Euro","EUR","Málaga","Urban",9.5,3.5,0.368421052631579,1.22
"Germany","Euro","EUR","Berlin","Suburban",14,3.5,0.25,1.35
"Lithuania","Euro","EUR","Vilnius","Urban",7.5,3.5,0.466666666666667,1.57
"Spain","Euro","EUR","Barcelona","Urban",9,3.5,0.388888888888889,1.22
"Spain","Euro","EUR","Barcelona","Urban",8,3.5,0.4375,1.22
"Belgium","Euro","EUR","Antwerp","Urban",15,3.5,0.233333333333333,1.33
"France","Euro","EUR","Châtellaion-Plage","Suburban",9,3.5,0.388888888888889,1.37
"Germany","Euro","EUR","","Rural",16,3.5,0.21875,1.35
"Germany","Euro","EUR","Munich","Urban",35,3.5,0.1,1.35
"Germany","Euro","EUR","Olpe","Suburban",13.5,3.5,0.259259259259259,1.35
"Germany","Euro","EUR","","Urban",15,3.5,0.233333333333333,1.35
"Germany","Euro","EUR","Cologne","Urban",14.5,3.5,0.241379310344828,1.35
"Germany","Euro","EUR","Münster","Urban",13,3.5,0.269230769230769,1.35
"Germany","Euro","EUR","Düsseldorf","Urban",17,3.5,0.205882352941176,1.35
"Germany","Euro","EUR","","Urban",13,3.5,0.269230769230769,1.35
"Germany","Euro","EUR","Heidelberg","Urban",13,3.5,0.269230769230769,1.35
"Ireland","Euro","EUR","Galway","Urban",14.5,3.5,0.241379310344828,1.62
"Latvia","Euro","EUR","Riga","Suburban",7.7,3.5,0.454545454545455,1.26
"Netherlands","Euro","EUR","Amsterdam","Urban",15,3.5,0.233333333333333,1.35
"Netherlands","Euro","EUR","Wageningen","Suburban",21,3.5,0.166666666666667,1.35
"Netherlands","Euro","EUR","Arnhem","Urban",15,3.5,0.233333333333333,1.35
"Netherlands","Euro","EUR","Boskoop","Rural",14.7,3.5,0.238095238095238,1.35
"Portugal","Euro","EUR","Cascais","Suburban",7.5,3.5,0.466666666666667,1.1
"Portugal","Euro","EUR","Porto","Urban",5.49,3.5,0.63752276867031,1.1
"Spain","Euro","EUR","Málaga","Urban",9.26,3.5,0.377969762419006,1.22
"Spain","Euro","EUR","Barcelona","Urban",10,3.5,0.35,1.22
"Germany","Euro","EUR","","Rural",15,3.5,0.233333333333333,1.35
"Germany","Euro","EUR","Coburg","Urban",17,3.5,0.205882352941176,1.35
"USA","US dollar","USD","Greenville","Suburban",11.33886,3.532491,0.311538461538462,1.06
"Malaysia","Malaysian Ringgit","MYR","Petaling Jaya","Suburban",1.7087592,3.4175184,2,1.9
"Malaysia","Malaysian Ringgit","MYR","Kuala Lumpur","Urban",6.674840625,3.4175184,0.512,1.9
"Australia","Australian Dollar","AUD","Brisbane","Suburban",20.786415,3.598842,0.173134328358209,1.77
"Mexico","Mexican Peso","MXN","Ciudad de México","Urban",1.9978206468,3.65269392,1.82833925850686,1.74
"Czechia","Czech Koruna","CZK","Prague","Urban",8.2166,3.492055,0.425,1.2
"Czechia","Czech Koruna","CZK","Prague","Urban",6.57328,3.492055,0.53125,1.2
"Czechia","Czech Koruna","CZK","Brno","Urban",6.367865,3.492055,0.548387096774194,1.2
"Czechia","Czech Koruna","CZK","Prague","Urban",7.39494,3.492055,0.472222222222222,1.2
"Czechia","Czech Koruna","CZK","Brno","Suburban",8.956094,3.492055,0.389908256880734,1.2
"Czechia","Czech Koruna","CZK","Brno","Urban",6.57328,3.492055,0.53125,1.2
"Czechia","Czech Koruna","CZK","Prague","Urban",6.16245,3.492055,0.566666666666667,1.2
"Czechia","Czech Koruna","CZK","Prague","Urban",6.98411,3.492055,0.5,1.2
"Czechia","Czech Koruna","CZK","Prague","Urban",9.243675,3.492055,0.377777777777778,1.2
"Czechia","Czech Koruna","CZK","Česke Budějovice","Urban",8.2166,3.492055,0.425,1.2
"Czechia","Czech Koruna","CZK","Brno","Urban",8.2166,3.492055,0.425,1.2
"Czechia","Czech Koruna","CZK","Olomouc","Urban",6.16245,3.492055,0.566666666666667,1.2
"UK","Pound Sterling","GBP","Southampton",NA,14.1783117,3.492195,0.246305418719212,1.69
"UK","Pound Sterling","GBP","Winchester","Urban",15.132845,3.492195,0.230769230769231,1.69
"UK","Pound Sterling","GBP","","Rural",14.5508125,3.492195,0.24,1.69
"UK","Pound Sterling","GBP","Newark","Urban",14.67885965,3.492195,0.237906423473434,1.69
"UK","Pound Sterling","GBP","Torbay","Urban",14.5508125,3.492195,0.24,1.69
"UK","Pound Sterling","GBP","Canterbury","Suburban",16.29691,3.492195,0.214285714285714,1.69
"UK","Pound Sterling","GBP","","Rural",11.64065,3.492195,0.3,1.69
"UK","Pound Sterling","GBP","York","Urban",12.804715,3.492195,0.272727272727273,1.69
"UK","Pound Sterling","GBP","Sheffield","Urban",14.21323365,3.492195,0.245700245700246,1.69
"UK","Pound Sterling","GBP","Gowerton","Suburban",8.78869075,3.492195,0.397350993377483,1.69
"Canada","Canadian Dollar","CAD","Vancouver","Suburban",11.67421875,3.43066375,0.293866666666667,2.24
"Argentina","Argentine Peso","ARS","Buenos Aires","Suburban",3.3322251672,3.23460928,0.970705494886462,1.41
"Canada","Canadian Dollar","CAD","Peterborough","Urban",15.72128125,3.4244375,0.217821782178218,2.24
"Canada","Canadian Dollar","CAD","North Vancouver","Suburban",13.69775,3.4244375,0.25,2.24
"Canada","Canadian Dollar","CAD","Edmonton","Suburban",9.339375,3.4244375,0.366666666666667,2.24
"Canada","Canadian Dollar","CAD","Montréal","Urban",8.71675,3.4244375,0.392857142857143,2.24
"Canada","Canadian Dollar","CAD","Saskatoon","Urban",13.69775,3.4244375,0.25,2.24
"Canada","Canadian Dollar","CAD","Rocky Mountain House","Rural",11.20725,3.4244375,0.305555555555556,2.24
"Canada","Canadian Dollar","CAD","Vancouver","Urban",11.829875,3.4244375,0.289473684210526,2.24
"Canada","Canadian Dollar","CAD","Port Moody","Suburban",11.829875,3.4244375,0.289473684210526,2.24
"Canada","Canadian Dollar","CAD","Ottawa","Suburban",14.6316875,3.4244375,0.234042553191489,2.24
"Canada","Canadian Dollar","CAD","Ottawa","Suburban",14.320375,3.4244375,0.239130434782609,2.24
"Canada","Canadian Dollar","CAD","Toronto","Urban",12.4525,3.4244375,0.275,2.24
"Canada","Canadian Dollar","CAD","Vancouver","Urban",10.8959375,3.4244375,0.314285714285714,2.24
"Canada","Canadian Dollar","CAD","Toronto","Urban",11.20725,3.4244375,0.305555555555556,2.24
"Canada","Canadian Dollar","CAD","Victoria","Urban",11.829875,3.4244375,0.289473684210526,2.24
"Canada","Canadian Dollar","CAD","Vancouver","Urban",12.1411875,3.4244375,0.282051282051282,2.24
"USA","US dollar","USD","Cleveland","Urban",13.0833,3.48888,0.266666666666667,1.06
"USA","US dollar","USD","","Suburban",13.0833,3.48888,0.266666666666667,1.06
"USA","US dollar","USD","",NA,9.59442,3.48888,0.363636363636364,1.06
"USA","US dollar","USD","Frostburg","Rural",13.95552,3.48888,0.25,1.06
"USA","US dollar","USD","Milwaukee, WI","Urban",13.95552,3.48888,0.25,1.06
"USA","US dollar","USD","","Suburban",14.39163,3.48888,0.242424242424242,1.06
"USA","US dollar","USD","Chambersburg, Pennsylvania","Suburban",11.33886,3.48888,0.307692307692308,1.06
"USA","US dollar","USD","Dallas","Suburban",13.0833,3.48888,0.266666666666667,1.06
"USA","US dollar","USD","Little Rock, Arkansas","Suburban",13.0833,3.48888,0.266666666666667,1.06
"USA","US dollar","USD","Orland Park","Suburban",20.93328,3.48888,0.166666666666667,1.06
"USA","US dollar","USD","","Urban",17.4444,3.48888,0.2,1.06
"USA","US dollar","USD","Waco","Suburban",9.59442,3.48888,0.363636363636364,1.06
"USA","US dollar","USD","Lafayette, IN","Suburban",16.397736,3.48888,0.212765957446809,1.06
"USA","US dollar","USD","Westminster","Urban",13.95552,3.48888,0.25,1.06
"USA","US dollar","USD","Cartersville","Suburban",17.88051,3.48888,0.195121951219512,1.06
"USA","US dollar","USD","Seattle","Urban",19.18884,3.48888,0.181818181818182,1.06
"USA","US dollar","USD","Greensboro",NA,9.59442,3.48888,0.363636363636364,1.06
"USA","US dollar","USD","San Francisco","Urban",18.31662,3.48888,0.19047619047619,1.06
"USA","US dollar","USD","Chagrin Falls","Rural",15.69996,3.48888,0.222222222222222,1.06
"USA","US dollar","USD","","Suburban",12.559968,3.48888,0.277777777777778,1.06
"USA","US dollar","USD","Northfield, Illinois","Suburban",15.69996,3.48888,0.222222222222222,1.06
"USA","US dollar","USD","Boise, Idaho","Urban",10.46664,3.48888,0.333333333333333,1.06
"USA","US dollar","USD","Moscow, Idaho","Suburban",11.33886,3.48888,0.307692307692308,1.06
"USA","US dollar","USD","milwaukee","Suburban",9.59442,3.48888,0.363636363636364,1.06
"USA","US dollar","USD","Scranton","Urban",10.46664,3.48888,0.333333333333333,1.06
"USA","US dollar","USD","Richmond, IN","Rural",8.068035,3.48888,0.432432432432432,1.06
"USA","US dollar","USD","","Urban",7.84998,3.48888,0.444444444444444,1.06
"USA","US dollar","USD","Little Rock",NA,10.46664,3.48888,0.333333333333333,1.06
"USA","US dollar","USD","Portland, ME","Suburban",20.93328,3.48888,0.166666666666667,1.06
"USA","US dollar","USD","","Suburban",13.95552,3.48888,0.25,1.06
"USA","US dollar","USD","Denver","Urban",16.8251238,3.48888,0.207361327112494,1.06
"El Salvador","US dollar","USD","San Salvador","Urban",2.18055,3.48888,1.6,NA
"USA","US dollar","USD","Indianapolis","Urban",11.33886,3.48888,0.307692307692308,1.06
"USA","US dollar","USD","San Francisco","Urban",15.69996,3.48888,0.222222222222222,1.06
"USA","US dollar","USD","Houston, TX","Urban",13.0833,3.48888,0.266666666666667,1.06
"USA","US dollar","USD","Glen Ellyn, IL","Suburban",10.46664,3.48888,0.333333333333333,1.06
"Canada","Canadian Dollar","CAD","Welland","Urban",11.20725,3.411985,0.304444444444444,2.24
"USA","US dollar","USD","Flagstaff","Urban",16.877457,3.4714356,0.205684754521964,1.06
"Canada","Canadian Dollar","CAD","Calgary","Urban",10.11765625,3.3995325,0.336,2.24
"Czechia","Czech Koruna","CZK","Brno","Urban",6.696529,3.450972,0.515337423312883,1.2
"Russia","Russian Ruble","RUB","Moscow","Urban",4.555056,3.312768,0.727272727272727,1.18
"Russia","Russian Ruble","RUB","Moscow","Urban",3.933912,3.312768,0.842105263157895,1.18
"Canada","Canadian Dollar","CAD","Halifax","Urban",11.7427075,3.39330625,0.288971367974549,2.24
"Canada","Canadian Dollar","CAD","Montréal","Urban",11.20725,3.39330625,0.302777777777778,2.24
"Canada","Canadian Dollar","CAD","Vancouver","Urban",12.1411875,3.39330625,0.27948717948718,2.24
"Australia","Australian Dollar","AUD","Alice Springs","Urban",27.92205,3.536793,0.126666666666667,1.77
"USA","US dollar","USD","Madison, WI","Suburban",12.21108,3.445269,0.282142857142857,1.06
"USA","US dollar","USD","Warner Robins","Urban",8.7222,3.445269,0.395,1.06
"USA","US dollar","USD","San Antonio","Suburban",13.0833,3.445269,0.263333333333333,1.06
"UK","Pound Sterling","GBP","Cardiff","Urban",14.25979625,3.43399175,0.240816326530612,1.69
"Argentina","Argentine Peso","ARS","Buenos Aires","Urban",3.610055,3.1768484,0.88,1.41
"Argentina","Argentine Peso","ARS","Mar del Plata","Urban",2.888044,3.1768484,1.1,1.41
"Portugal","Euro","EUR","","Rural",9,3.4,0.377777777777778,1.1
"Cyprus","Euro","EUR","Nicosia","Urban",7,3.4,0.485714285714286,1.89
"Germany","Euro","EUR","Munich","Suburban",17.3,3.4,0.196531791907514,1.35
"Spain","Euro","EUR","Madrid","Urban",10.7,3.4,0.317757009345794,1.22
"Ireland","Euro","EUR","Cork","Urban",15,3.4,0.226666666666667,1.62
"Spain","Euro","EUR","Valencia","Urban",8.9,3.4,0.382022471910112,1.22
"Germany","Euro","EUR","Dussseldorf","Suburban",15,3.4,0.226666666666667,1.35
"Chile","Chilean Peso","CLP","Santiago","Urban",2.8938,3.276,1.13207547169811,1.19
"Canada","Canadian Dollar","CAD","Vancouver","Urban",11.36290625,3.362175,0.295890410958904,2.24
"Czechia","Czech Koruna","CZK","Ostrava","Urban",5.957035,3.409889,0.572413793103448,1.2
"Mexico","Mexican Peso","MXN","Monterrey","Urban",1.80098103,3.5512302,1.97183098591549,1.74
"Mexico","Mexican Peso","MXN","Mérida","Suburban",2.536593,3.5512302,1.4,1.74
"Mexico","Mexican Peso","MXN","CDMX","Suburban",1.69951731,3.5512302,2.08955223880597,1.74
"Canada","Canadian Dollar","CAD","Toronto","Urban",12.7638125,3.34349625,0.261951219512195,2.24
"Singapore","Singapore Dollar","SGD","Singapore","Urban",8.1873264,3.411386,0.416666666666667,3.08
"Australia","Australian Dollar","AUD","","Rural",18.6271098,3.474744,0.186542305129913,1.77
"Australia","Australian Dollar","AUD","Melbourne","Suburban",18.490602,3.474744,0.187919463087248,1.77
"Canada","Canadian Dollar","CAD","Kelowna","Urban",11.11385625,3.33104375,0.299719887955182,2.24
"UK","Pound Sterling","GBP","Dundee","Urban",14.21323365,3.3757885,0.237510237510237,1.69
"UK","Pound Sterling","GBP","London","Urban",19.9055115,3.3757885,0.169590643274854,1.69
"Romania","Romanian Leu","RON","Bucharest","Urban",4.558944,3.229252,0.708333333333333,1.58
"Romania","Romanian Leu","RON","Bucharest","Urban",5.033834,3.229252,0.641509433962264,1.58
"Hungary","Forint","HUF","Budapest","Urban",6.3046427,3.5634937,0.565217391304348,1.23
"Hungary","Forint","HUF","Budapest","Urban",6.44170015,3.5634937,0.553191489361702,1.23
"USA","US dollar","USD","Billings","Urban",9.463587,3.358047,0.354838709677419,1.06
"Israel","New Israeli Sheqel","ILS","Karmiel (north)",NA,20.3683167,3.4425324,0.169014084507042,2.49
"Israel","New Israeli Sheqel","ILS","Jerusalem","Urban",10.0407195,3.4425324,0.342857142857143,2.49
"Turkey","Turkish Lira","TRY","Çanakkale","Urban",2.57256,3.03705,1.18055555555556,1.05
"Chile","Chilean Peso","CLP","Santiago","Urban",11.1475,3.19319,0.286448979591837,1.19
"Iraq","Iraqi Dinar","IQD","Baghdad","Urban",2.26199178,3.3264585,1.47058823529412,1.16
"Australia","Australian Dollar","AUD","Melbourne","Urban",20.47617,3.412695,0.166666666666667,1.77
"Australia","Australian Dollar","AUD","Melbourne","Suburban",15.51225,3.412695,0.22,1.77
"Australia","Australian Dollar","AUD","Townsville","Urban",16.13274,3.412695,0.211538461538462,1.77
"Australia","Australian Dollar","AUD","Brisbane","Suburban",19.23519,3.412695,0.17741935483871,1.77
"Australia","Australian Dollar","AUD","Melbourne","Urban",19.85568,3.412695,0.171875,1.77
"Australia","Australian Dollar","AUD","Brisbane","Suburban",16.13274,3.412695,0.211538461538462,1.77
"Australia","Australian Dollar","AUD","Melbourne","Urban",19.23519,3.412695,0.17741935483871,1.77
"Australia","Australian Dollar","AUD","Sydney","Suburban",20.47617,3.412695,0.166666666666667,1.77
"Australia","Australian Dollar","AUD","Melbourne","Suburban",18.5402412,3.412695,0.184069611780455,1.77
"Australia","Australian Dollar","AUD","Melbourne","Urban",22.33764,3.412695,0.152777777777778,1.77
"Australia","Australian Dollar","AUD","Brisbane","Urban",20.47617,3.412695,0.166666666666667,1.77
"Australia","Australian Dollar","AUD","Sydney","Urban",18.7325931,3.412695,0.182179529645578,1.77
"Australia","Australian Dollar","AUD","Cronulla","Suburban",21.71715,3.412695,0.157142857142857,1.77
"Australia","Australian Dollar","AUD","Newcastle","Suburban",18.8318715,3.412695,0.181219110378913,1.77
"Australia","Australian Dollar","AUD","Sydney","Urban",18.6147,3.412695,0.183333333333333,1.77
"Australia","Australian Dollar","AUD","Rockhampton","Urban",19.23519,3.412695,0.17741935483871,1.77
"Australia","Australian Dollar","AUD","Perth","Urban",20.7119562,3.412695,0.164769322947873,1.77
"Australia","Australian Dollar","AUD","Sydney","Suburban",24.8196,3.412695,0.1375,1.77
"Australia","Australian Dollar","AUD","Sydney","Urban",21.71715,3.412695,0.157142857142857,1.77
"Australia","Australian Dollar","AUD","Melbourne","Urban",19.669533,3.412695,0.173501577287066,1.77
"Australia","Australian Dollar","AUD","Sydney","Suburban",15.51225,3.412695,0.22,1.77
"Australia","Australian Dollar","AUD","Melbourne","Urban",21.71715,3.412695,0.157142857142857,1.77
"Australia","Australian Dollar","AUD","Brisbane","Urban",20.7119562,3.412695,0.164769322947873,1.77
"Australia","Australian Dollar","AUD","Hobart","Suburban",14.581515,3.412695,0.234042553191489,1.77
"Australia","Australian Dollar","AUD","Torquay","Suburban",18.6147,3.412695,0.183333333333333,1.77
"Australia","Australian Dollar","AUD","Perth","Suburban",20.0480319,3.412695,0.170225936242649,1.77
"Australia","Australian Dollar","AUD","Townsville","Suburban",21.034611,3.412695,0.162241887905605,1.77
"Australia","Australian Dollar","AUD","Wollongong","Suburban",19.23519,3.412695,0.17741935483871,1.77
"Australia","Australian Dollar","AUD","Melbourne","Suburban",20.7119562,3.412695,0.164769322947873,1.77
"Australia","Australian Dollar","AUD","Melbourne","Suburban",20.0045976,3.412695,0.170595533498759,1.77
"Australia","Australian Dollar","AUD","Sydney","Suburban",14.085123,3.412695,0.242290748898678,1.77
"Australia","Australian Dollar","AUD","Melbourne","Urban",17.37372,3.412695,0.196428571428571,1.77
"Chile","Chilean Peso","CLP","Santiago","Urban",3.64,3.185,0.875,1.19
"Germany","Euro","EUR","Berlin","Urban",18,3.3,0.183333333333333,1.35
"Germany","Euro","EUR","","Urban",18,3.3,0.183333333333333,1.35
"Slovakia","Euro","EUR","Bratislava","Urban",7,3.3,0.471428571428571,1.11
"Germany","Euro","EUR","Berlin","Urban",13.9,3.3,0.237410071942446,1.35
"Austria","Euro","EUR","Vienna","Urban",11,3.3,0.3,1.74
"Canada","Canadian Dollar","CAD","Nelson BC","Urban",13.075125,3.26878125,0.25,2.24
"Canada","Canadian Dollar","CAD","Vaughan","Suburban",12.09760375,3.26878125,0.270200720535255,2.24
"Canada","Canadian Dollar","CAD","Calgary","Suburban",10.584625,3.26878125,0.308823529411765,2.24
"Canada","Canadian Dollar","CAD","Vancouver","Urban",14.320375,3.26878125,0.228260869565217,2.24
"UK","Pound Sterling","GBP","","Suburban",18.159414,3.31758525,0.182692307692308,1.69
"Mexico","Mexican Peso","MXN","Tijuana","Urban",2.7902523,3.44976648,1.23636363636364,1.74
"USA","US dollar","USD","Columbus, OH","Urban",13.0833,3.314436,0.253333333333333,1.06
"USA","US dollar","USD","Columbus, OH","Urban",15.045795,3.314436,0.220289855072464,1.06
"USA","US dollar","USD","Columbus, OH","Urban",9.681642,3.314436,0.342342342342342,1.06
"Argentina","Argentine Peso","ARS","Ciudad Autónoma de Buenos Aires","Urban",2.5992396,3.06132664,1.17777777777778,1.41
"Malaysia","Malaysian Ringgit","MYR","Kuala Lumpur","Urban",2.135949,3.2039235,1.5,1.9
"Poland","Zloty","PLN","Toruń","Urban",7.196409,3.20859,0.445859872611465,1.05
"Poland","Zloty","PLN","Warsaw","Urban",7.104735,3.20859,0.451612903225806,1.05
"Poland","Zloty","PLN","Gdańsk","Urban",7.563105,3.20859,0.424242424242424,1.05
"Poland","Zloty","PLN","Warsaw","Urban",5.729625,3.20859,0.56,1.05
"Poland","Zloty","PLN","Elbląg","Urban",16.04295,3.20859,0.2,1.05
"Poland","Zloty","PLN","Gdańsk","Urban",7.79229,3.20859,0.411764705882353,1.05
"Poland","Zloty","PLN","Poznań","Urban",7.563105,3.20859,0.424242424242424,1.05
"Poland","Zloty","PLN","Łódź","Urban",7.196409,3.20859,0.445859872611465,1.05
"Poland","Zloty","PLN","Gliwice","Urban",7.104735,3.20859,0.451612903225806,1.05
"Poland","Zloty","PLN","Łódź","Urban",7.104735,3.20859,0.451612903225806,1.05
"Poland","Zloty","PLN","Warsaw","Urban",6.87555,3.20859,0.466666666666667,1.05
"Poland","Zloty","PLN","Kraków","Urban",6.0734025,3.20859,0.528301886792453,1.05
"Poland","Zloty","PLN","Częstochowa","Urban",5.729625,3.20859,0.56,1.05
"Poland","Zloty","PLN","Wrocław","Urban",7.33392,3.20859,0.4375,1.05
"Poland","Zloty","PLN","Warsaw","Urban",6.646365,3.20859,0.482758620689655,1.05
"Poland","Zloty","PLN","Warsaw","Urban",6.41718,3.20859,0.5,1.05
"Canada","Canadian Dollar","CAD","Ottawa","Urban",11.20725,3.23765,0.288888888888889,2.24
"Canada","Canadian Dollar","CAD","Vancouver","Urban",9.962,3.23765,0.325,2.24
"Canada","Canadian Dollar","CAD","Vancouver","Urban",12.078925,3.23765,0.268041237113402,2.24
"Czechia","Czech Koruna","CZK","Olomouc","Urban",7.39494,3.28664,0.444444444444444,1.2
"Czechia","Czech Koruna","CZK","Prague","Suburban",11.09241,3.28664,0.296296296296296,1.2
"Czechia","Czech Koruna","CZK","Prague","Suburban",6.16245,3.28664,0.533333333333333,1.2
"Czechia","Czech Koruna","CZK","Kutná Hora","Urban",6.98411,3.28664,0.470588235294118,1.2
"Czechia","Czech Koruna","CZK","Prague","Urban",5.75162,3.28664,0.571428571428571,1.2
"Czechia","Czech Koruna","CZK","Ostrava","Urban",6.57328,3.28664,0.5,1.2
"Czechia","Czech Koruna","CZK","Prague","Urban",9.120426,3.28664,0.36036036036036,1.2
"Czechia","Czech Koruna","CZK","Prague","Urban",6.57328,3.28664,0.5,1.2
"Czechia","Czech Koruna","CZK","Prague","Urban",6.16245,3.28664,0.533333333333333,1.2
"Czechia","Czech Koruna","CZK","Česke Budějovice","Suburban",8.2166,3.28664,0.4,1.2
"Czechia","Czech Koruna","CZK","Znojmo","Urban",6.367865,3.28664,0.516129032258065,1.2
"Czechia","Czech Koruna","CZK","Brno","Suburban",6.16245,3.28664,0.533333333333333,1.2
"Czechia","Czech Koruna","CZK","Brno","Urban",5.505122,3.28664,0.597014925373134,1.2
"Czechia","Czech Koruna","CZK","Prague","Urban",10.27075,3.28664,0.32,1.2
"Czechia","Czech Koruna","CZK","Prague","Urban",7.80577,3.28664,0.421052631578947,1.2
"Czechia","Czech Koruna","CZK","Brno","Urban",5.75162,3.28664,0.571428571428571,1.2
"New Zealand","New Zealand Dollar","NZD","Auckland","Urban",12.9454,3.23635,0.25,NA
"New Zealand","New Zealand Dollar","NZD","Christchurch","Urban",13.9412,3.23635,0.232142857142857,NA
"New Zealand","New Zealand Dollar","NZD","","Suburban",13.19435,3.23635,0.245283018867925,NA
"New Zealand","New Zealand Dollar","NZD","Hawkes Bay","Urban",14.937,3.23635,0.216666666666667,NA
"New Zealand","New Zealand Dollar","NZD","Auckland","Suburban",16.82902,3.23635,0.192307692307692,NA
"New Zealand","New Zealand Dollar","NZD","Auckland","Suburban",12.9454,3.23635,0.25,NA
"Japan","Yen","JPY","Kyoto","Urban",7.01929,3.3162,0.47244094488189,1.48
"Canada","Canadian Dollar","CAD","Sherbrooke","Urban",10.2733125,3.2251975,0.313939393939394,2.24
"Netherlands","Euro","EUR","Amsterdam","Urban",16.5,3.25,0.196969696969697,1.35
"Netherlands","Euro","EUR","Heerlen","Urban",14.71,3.25,0.22093813732155,1.35
"Australia","Australian Dollar","AUD","Adelaide","Urban",19.23519,3.350646,0.174193548387097,1.77
"Australia","Australian Dollar","AUD","Albury","Rural",17.7149895,3.350646,0.189141856392294,1.77
"USA","US dollar","USD","Cullman",NA,15.481905,3.270825,0.211267605633803,1.06
"USA","US dollar","USD","Arlington, WA","Rural",15.8133486,3.270825,0.206839492553778,1.06
"USA","US dollar","USD","Kansas City","Suburban",17.4444,3.270825,0.1875,1.06
"USA","US dollar","USD","Charlotte, NC","Urban",10.46664,3.270825,0.3125,1.06
"USA","US dollar","USD","Butler, Pennsylvania","Urban",8.7222,3.270825,0.375,1.06
"UK","Pound Sterling","GBP","London","Urban",16.23870675,3.259382,0.200716845878136,1.69
"Argentina","Argentine Peso","ARS","Buenos Aires","Urban",2.888044,3.00356576,1.04,1.41
"Hungary","Forint","HUF","","Urban",6.22240823,3.42643625,0.550660792951542,1.23
"Germany","Euro","EUR","Hagen","Urban",20,3.2,0.16,1.35
"Germany","Euro","EUR","Hannover","Urban",16,3.2,0.2,1.35
"Netherlands","Euro","EUR","Den Burg","Rural",16.4,3.2,0.195121951219512,1.35
"Slovakia","Euro","EUR","Bratislava","Urban",8,3.2,0.4,1.11
"Latvia","Euro","EUR","Riga","Urban",6.7,3.2,0.477611940298507,1.26
"Portugal","Euro","EUR","Porto","Urban",5,3.2,0.64,1.1
"Bulgaria","Euro","EUR","Sofia","Urban",5.2,3.2,0.615384615384615,1.86
"Bulgaria","Euro","EUR","Sofia","Suburban",5.6,3.2,0.571428571428572,1.86
"Germany","Euro","EUR","Munich","Urban",11.5,3.2,0.278260869565217,1.35
"Germany","Euro","EUR","Munich","Urban",15,3.2,0.213333333333333,1.35
"Germany","Euro","EUR","Schwäbisch Hall","Urban",18,3.2,0.177777777777778,1.35
"Bulgaria","Euro","EUR","Sofia","Urban",6,3.2,0.533333333333333,1.86
"Greece","Euro","EUR","Patras","Urban",5,3.2,0.64,1.75
"Lebanon","US dollar","USD","Jal El Dib","Urban",3.270825,3.227214,0.986666666666667,NA
"Canada","Canadian Dollar","CAD","Ottawa","Urban",11.36290625,3.162935,0.278356164383562,2.24
"Australia","Australian Dollar","AUD","Sydney","Urban",18.8318715,3.288597,0.174629324546952,1.77
"Australia","Australian Dollar","AUD","Melbourne","Urban",18.6147,3.288597,0.176666666666667,1.77
"Australia","Australian Dollar","AUD","Melbourne","Urban",19.3530831,3.288597,0.169926258416159,1.77
"Australia","Australian Dollar","AUD","Adelaide","Suburban",15.51225,3.288597,0.212,1.77
"UK","Pound Sterling","GBP","Kelso","Rural",9.9643964,3.20117875,0.321261682242991,1.69
"UK","Pound Sterling","GBP","Bristol","Suburban",14.667219,3.20117875,0.218253968253968,1.69
"South Korea","Won","KRW","Songdo-dong","Urban",7.5403188,3.45597945,0.458333333333333,2.13
"Bulgaria","Euro","EUR","Rouse","Urban",3.8,3.17,0.83421052631579,1.86
"USA","US dollar","USD","rutland","Urban",19.18884,3.183603,0.165909090909091,1.06
"USA","US dollar","USD","Richmond, VA",NA,13.475799,3.183603,0.236245954692557,1.06
"Australia","Australian Dollar","AUD","","Suburban",14.27127,3.2575725,0.228260869565217,1.77
"Canada","Canadian Dollar","CAD","Hamilton","Urban",11.829875,3.113125,0.263157894736842,2.24
"Canada","Canadian Dollar","CAD","Shawinigan","Urban",28.018125,3.113125,0.111111111111111,2.24
"Canada","Canadian Dollar","CAD","Kingston","Suburban",9.339375,3.113125,0.333333333333333,2.24
"Canada","Canadian Dollar","CAD","Fonthill, Ontario","Suburban",12.4525,3.113125,0.25,2.24
"Canada","Canadian Dollar","CAD","Vancouver","Suburban",11.20725,3.113125,0.277777777777778,2.24
"Canada","Canadian Dollar","CAD","Fredericton","Urban",13.075125,3.113125,0.238095238095238,2.24
"Canada","Canadian Dollar","CAD","Cambridge","Suburban",13.075125,3.113125,0.238095238095238,2.24
"Canada","Canadian Dollar","CAD","Tantramar","Rural",11.20725,3.113125,0.277777777777778,2.24
"Canada","Canadian Dollar","CAD","Toronto","Urban",12.4525,3.113125,0.25,2.24
"Canada","Canadian Dollar","CAD","London","Urban",12.4525,3.113125,0.25,2.24
"Canada","Canadian Dollar","CAD","Vancouver","Urban",16.18825,3.113125,0.192307692307692,2.24
"Canada","Canadian Dollar","CAD","Vancouver","Urban",12.1411875,3.113125,0.256410256410256,2.24
"Canada","Canadian Dollar","CAD","Montréal","Urban",9.339375,3.113125,0.333333333333333,2.24
"Canada","Canadian Dollar","CAD","Winnipeg","Urban",9.962,3.113125,0.3125,2.24
"Canada","Canadian Dollar","CAD","Montréal","Urban",11.20725,3.113125,0.277777777777778,2.24
"Canada","Canadian Dollar","CAD","Montréal","Urban",10.8959375,3.113125,0.285714285714286,2.24
"Canada","Canadian Dollar","CAD","Kenora","Rural",13.075125,3.113125,0.238095238095238,2.24
"Canada","Canadian Dollar","CAD","Vancouver","Urban",10.833675,3.113125,0.28735632183908,2.24
"Canada","Canadian Dollar","CAD","Waterloo ontario","Urban",13.72888125,3.113125,0.226757369614512,2.24
"Mexico","Mexican Peso","MXN","México city","Urban",2.2829337,3.2975709,1.44444444444444,1.74
"Mexico","Mexican Peso","MXN","CDMX","Urban",3.1220386644,3.2975709,1.05622359441014,1.74
"Mexico","Mexican Peso","MXN","Puebla","Urban",2.0292744,3.2975709,1.625,1.74
"Mexico","Mexican Peso","MXN","Mexicali",NA,2.0292744,3.2975709,1.625,1.74
"Mexico","Mexican Peso","MXN","Axtla de Terrazas","Rural",2.7902523,3.2975709,1.18181818181818,1.74
"Romania","Romanian Leu","RON","Bucharest","Urban",4.7489,3.039296,0.64,1.58
"Romania","Romanian Leu","RON","Bucharest","Urban",8.54802,3.039296,0.355555555555556,1.58
"Romania","Romanian Leu","RON","Cluj-Napoca","Urban",2.089516,3.039296,1.45454545454545,1.58
"Romania","Romanian Leu","RON","Bucharest","Urban",5.69868,3.039296,0.533333333333333,1.58
"Romania","Romanian Leu","RON","Bucharest","Urban",2.469428,3.039296,1.23076923076923,1.58
"Romania","Romanian Leu","RON","Brasov","Urban",3.79912,3.039296,0.8,1.58
"Canada","Canadian Dollar","CAD","Toronto","Suburban",11.2695125,3.1006725,0.275138121546961,2.24
"Australia","Australian Dollar","AUD","Moonah","Suburban",19.85568,3.226548,0.1625,1.77
"Australia","Australian Dollar","AUD","Brisbane","Suburban",21.71715,3.226548,0.148571428571429,1.77
"Australia","Australian Dollar","AUD","Geelong","Suburban",17.870112,3.226548,0.180555555555556,1.77
"Australia","Australian Dollar","AUD","Lismore","Suburban",20.600268,3.226548,0.156626506024096,1.77
"Australia","Australian Dollar","AUD","Sunshine Coast","Suburban",21.71715,3.226548,0.148571428571429,1.77
"Australia","Australian Dollar","AUD","Perth","Urban",20.0480319,3.226548,0.160940885174868,1.77
"Australia","Australian Dollar","AUD","Newcastle, NSW",NA,10.982673,3.226548,0.293785310734463,1.77
"UK","Pound Sterling","GBP","Birmingham","Urban",15.0164385,3.1429755,0.209302325581395,1.69
"UK","Pound Sterling","GBP","Cheltenham","Suburban",15.132845,3.1429755,0.207692307692308,1.69
"Turkey","Turkish Lira","TRY","Ankara","Urban",5.3595,2.8584,0.533333333333333,1.05
"Turkey","Turkish Lira","TRY","Ordu","Urban",2.89413,2.8584,0.987654320987654,1.05
"Turkey","Turkish Lira","TRY","Istanbul","Urban",3.573,2.8584,0.8,1.05
"New Zealand","New Zealand Dollar","NZD","Wellington","Urban",12.64666,3.08698,0.244094488188976,NA
"Chile","Chilean Peso","CLP","Santiago","Urban",2.275,3.003,1.32,1.19
"Canada","Canadian Dollar","CAD","Vancouver","Urban",11.11385625,3.08199375,0.277310924369748,2.24
"Canada","Canadian Dollar","CAD","Bradford",NA,10.584625,3.08199375,0.291176470588235,2.24
"Canada","Canadian Dollar","CAD","Toronto","Urban",13.69775,3.08199375,0.225,2.24
"Canada","Canadian Dollar","CAD","Toronto","Urban",11.05159375,3.08199375,0.27887323943662,2.24
"Canada","Canadian Dollar","CAD","Toronto","Urban",10.9582,3.08199375,0.28125,2.24
"Russia","Russian Ruble","RUB","Moscow","Urban",3.726864,3.002196,0.805555555555556,1.18
"Chile","Chilean Peso","CLP","San Pedro de la Paz","Urban",3.0303,2.9939,0.987987987987988,1.19
"Bulgaria","Euro","EUR","Plovdiv","Urban",4.05,3.1,0.765432098765432,1.86
"Germany","Euro","EUR","Weimar","Urban",14.5,3.1,0.213793103448276,1.35
"Argentina","Argentine Peso","ARS","Bariloche","Urban",2.5784456832,2.888044,1.12007168458781,1.41
"Argentina","Argentine Peso","ARS","La Plata","Urban",2.0216308,2.888044,1.42857142857143,1.41
"Argentina","Argentine Peso","ARS","Ciudad Autónoma de Buenos Aires","Urban",3.0520848992,2.888044,0.946252838758516,1.41
"Argentina","Argentine Peso","ARS","Córdoba","Urban",0.92417408,2.888044,3.125,1.41
"Hungary","Forint","HUF","Budapest","Urban",6.8528725,3.2893788,0.48,1.23
"Hungary","Forint","HUF","Pécs","Urban",4.90665671,3.2893788,0.670391061452514,1.23
"Hungary","Forint","HUF","Budapest","Urban",6.0305278,3.2893788,0.545454545454545,1.23
"Canada","Canadian Dollar","CAD","Vancouver","Urban",11.20725,3.03841,0.271111111111111,2.24
"Canada","Canadian Dollar","CAD","Mont-Tremblant, Québec","Suburban",11.36290625,3.03841,0.267397260273973,2.24
"Czechia","Czech Koruna","CZK","Brno","Urban",6.778695,3.081225,0.454545454545455,1.2
"Czechia","Czech Koruna","CZK","Vyškov","Suburban",6.16245,3.081225,0.5,1.2
"Czechia","Czech Koruna","CZK","Brno","Suburban",6.16245,3.081225,0.5,1.2
"Czechia","Czech Koruna","CZK","Olomouc","Urban",5.75162,3.081225,0.535714285714286,1.2
"Czechia","Czech Koruna","CZK","Brno","Urban",6.16245,3.081225,0.5,1.2
"Czechia","Czech Koruna","CZK","Prague","Urban",4.51913,3.081225,0.681818181818182,1.2
"Czechia","Czech Koruna","CZK","Prague","Urban",8.2166,3.081225,0.375,1.2
"Czechia","Czech Koruna","CZK","Brno","Suburban",5.546205,3.081225,0.555555555555556,1.2
"Czechia","Czech Koruna","CZK","Chrudim","Urban",5.75162,3.081225,0.535714285714286,1.2
"Czechia","Czech Koruna","CZK","Bořetice","Rural",6.16245,3.081225,0.5,1.2
"Czechia","Czech Koruna","CZK","Olomouc","Urban",5.957035,3.081225,0.517241379310345,1.2
"Czechia","Czech Koruna","CZK","Prague","Suburban",7.682521,3.081225,0.401069518716578,1.2
"Czechia","Czech Koruna","CZK","Olomouc",NA,5.957035,3.081225,0.517241379310345,1.2
"Czechia","Czech Koruna","CZK","Brno","Urban",6.57328,3.081225,0.46875,1.2
"UK","Pound Sterling","GBP","Cheltenham","Suburban",15.132845,3.08477225,0.203846153846154,1.69
"Malaysia","Malaysian Ringgit","MYR","Kuala Lumpur","Urban",2.5631388,2.9903286,1.16666666666667,1.9
"Malaysia","Malaysian Ringgit","MYR","Kuala Lumpur","Urban",3.336352338,2.9903286,0.89628681177977,1.9
"Malaysia","Malaysian Ringgit","MYR","Kuala Lumpur","Urban",2.135949,2.9903286,1.4,1.9
"Malaysia","Malaysian Ringgit","MYR","Petaling Jaya","Suburban",2.135949,2.9903286,1.4,1.9
"Canada","Canadian Dollar","CAD","Calgary","Suburban",10.584625,3.01973125,0.285294117647059,2.24
"Canada","Canadian Dollar","CAD","Halifax","Urban",10.59085125,3.01973125,0.285126396237507,2.24
"Hungary","Forint","HUF","Pécs","Urban",4.9340682,3.256485012,0.66,1.23
"Poland","Zloty","PLN","Lublin","Urban",4.812885,2.979405,0.619047619047619,1.05
"Poland","Zloty","PLN","Katowice","Urban",7.196409,2.979405,0.414012738853503,1.05
"Poland","Zloty","PLN","Gdynia","Urban",8.021475,2.979405,0.371428571428571,1.05
"Poland","Zloty","PLN","Lubliniec","Urban",4.5837,2.979405,0.65,1.05
"Singapore","Singapore Dollar","SGD","Singapore","Urban",9.5518808,3.0702474,0.321428571428571,3.08
"Singapore","Singapore Dollar","SGD","Singapore","Urban",10.234158,3.0702474,0.3,3.08
"Kazakstan","Tenge","KZT","Almaty","Urban",3.903226,3.29822597,0.845,1.42
"USA","US dollar","USD","Rome","Rural",6.323595,3.05277,0.482758620689655,1.06
"USA","US dollar","USD","Marion","Suburban",7.84998,3.05277,0.388888888888889,1.06
"USA","US dollar","USD","Springfield, MO","Urban",7.370259,3.05277,0.414201183431953,1.06
"USA","US dollar","USD","Northbrook","Suburban",16.0139592,3.05277,0.190631808278867,1.06
"USA","US dollar","USD","Ontario","Suburban",13.95552,3.05277,0.21875,1.06
"USA","US dollar","USD","Portland, OR","Urban",21.8055,3.05277,0.14,1.06
"Ecuador","US dollar","USD","Quito","Urban",2.442216,3.05277,1.25,1.07
"USA","US dollar","USD","Portland","Urban",19.18884,3.05277,0.159090909090909,1.06
"USA","US dollar","USD","Cincinnati","Urban",10.90275,3.05277,0.28,1.06
"Chile","Chilean Peso","CLP","Pucón","Urban",2.275,2.912,1.28,1.19
"Canada","Canadian Dollar","CAD","Vancouver","Urban",11.11385625,2.9886,0.26890756302521,2.24
"Canada","Canadian Dollar","CAD","Guelph","Suburban",10.74028125,2.9886,0.278260869565217,2.24
"New Zealand","New Zealand Dollar","NZD","Auckland","Urban",16.251456,2.9874,0.183823529411765,NA
"New Zealand","New Zealand Dollar","NZD","Auckland","Suburban",14.937,2.9874,0.2,NA
"New Zealand","New Zealand Dollar","NZD","Wellington","Urban",12.9454,2.9874,0.230769230769231,NA
"New Zealand","New Zealand Dollar","NZD","Christchurch","Urban",11.70065,2.9874,0.25531914893617,NA
"New Zealand","New Zealand Dollar","NZD","Christchurch","Urban",13.9412,2.9874,0.214285714285714,NA
"New Zealand","New Zealand Dollar","NZD","Wellington","Suburban",11.70065,2.9874,0.25531914893617,NA
"New Zealand","New Zealand Dollar","NZD","Dunedin","Urban",17.4265,2.9874,0.171428571428571,NA
"New Zealand","New Zealand Dollar","NZD","Palmerston North","Urban",13.4433,2.9874,0.222222222222222,NA
"New Zealand","New Zealand Dollar","NZD","Taupo","Urban",13.4433,2.9874,0.222222222222222,NA
"New Zealand","New Zealand Dollar","NZD","Christchurch","Urban",12.9454,2.9874,0.230769230769231,NA
"New Zealand","New Zealand Dollar","NZD","Auckland","Urban",12.4475,2.9874,0.24,NA
"Canada","Canadian Dollar","CAD","Calgary","Urban",13.59813,2.9761475,0.218864468864469,2.24
"Australia","Australian Dollar","AUD","Melbourne","Urban",20.6064729,3.10245,0.150557061126167,1.77
"Australia","Australian Dollar","AUD","Sydney","Suburban",18.6147,3.10245,0.166666666666667,1.77
"Australia","Australian Dollar","AUD","Melbourne","Suburban",15.51225,3.10245,0.2,1.77
"Australia","Australian Dollar","AUD","Adelaide","Suburban",19.23519,3.10245,0.161290322580645,1.77
"Australia","Australian Dollar","AUD","Perth","Suburban",16.0396665,3.10245,0.193423597678917,1.77
"Australia","Australian Dollar","AUD","","Rural",19.3530831,3.10245,0.160307790958641,1.77
"Australia","Australian Dollar","AUD","Cootamundra","Rural",15.51225,3.10245,0.2,1.77
"Australia","Australian Dollar","AUD","Ballarat","Rural",18.6147,3.10245,0.166666666666667,1.77
"Australia","Australian Dollar","AUD","Brisbane","Urban",21.71715,3.10245,0.142857142857143,1.77
"Australia","Australian Dollar","AUD","Adelaide","Suburban",19.359288,3.10245,0.16025641025641,1.77
"Australia","Australian Dollar","AUD","Sydney","Urban",17.99421,3.10245,0.172413793103448,1.77
"Australia","Australian Dollar","AUD","Melbourne","Urban",19.23519,3.10245,0.161290322580645,1.77
"Australia","Australian Dollar","AUD","Melbourne","Suburban",22.95813,3.10245,0.135135135135135,1.77
"Australia","Australian Dollar","AUD","Perth","Suburban",21.3014217,3.10245,0.145645208272648,1.77
"Australia","Australian Dollar","AUD","Cessnock","Suburban",20.5940631,3.10245,0.150647785477554,1.77
"Australia","Australian Dollar","AUD","Melbourne","Urban",20.6685219,3.10245,0.150105073551486,1.77
"Australia","Australian Dollar","AUD","Melbourne","Urban",14.89176,3.10245,0.208333333333333,1.77
"Australia","Australian Dollar","AUD","Brisbane","Urban",19.85568,3.10245,0.15625,1.77
"Australia","Australian Dollar","AUD","Melbourne","Suburban",19.23519,3.10245,0.161290322580645,1.77
"Australia","Australian Dollar","AUD","","Rural",20.47617,3.10245,0.151515151515152,1.77
"Australia","Australian Dollar","AUD","Melbourne","Urban",19.7005575,3.10245,0.15748031496063,1.77
"Australia","Australian Dollar","AUD","Brisbane","Suburban",18.6147,3.10245,0.166666666666667,1.77
"Australia","Australian Dollar","AUD","",NA,24.19911,3.10245,0.128205128205128,1.77
"Australia","Australian Dollar","AUD","Launceston","Urban",16.75323,3.10245,0.185185185185185,1.77
"Australia","Australian Dollar","AUD","Darwin","Urban",15.51225,3.10245,0.2,1.77
"Australia","Australian Dollar","AUD","Brisbane","Suburban",20.5940631,3.10245,0.150647785477554,1.77
"Australia","Australian Dollar","AUD","Melbourne","Suburban",18.6953637,3.10245,0.16594756057086,1.77
"Australia","Australian Dollar","AUD","Townsville","Suburban",24.8196,3.10245,0.125,1.77
"Australia","Australian Dollar","AUD","Sydney","Urban",21.71715,3.10245,0.142857142857143,1.77
"Australia","Australian Dollar","AUD","Brisbane","Suburban",16.13274,3.10245,0.192307692307692,1.77
"Australia","Australian Dollar","AUD","Sunshine Coast","Suburban",21.1897335,3.10245,0.146412884333821,1.77
"Australia","Australian Dollar","AUD","Castlemaine","Rural",21.71715,3.10245,0.142857142857143,1.77
"Australia","Australian Dollar","AUD","Gold Coast","Urban",19.23519,3.10245,0.161290322580645,1.77
"Australia","Australian Dollar","AUD","Adelaide","Suburban",15.4874304,3.10245,0.200320512820513,1.77
"Australia","Australian Dollar","AUD","Brisbane","Urban",20.0480319,3.10245,0.154750851129681,1.77
"Australia","Australian Dollar","AUD","Melbourne","Suburban",18.986994,3.10245,0.163398692810458,1.77
"Australia","Australian Dollar","AUD","","Suburban",14.147172,3.10245,0.219298245614035,1.77
"Australia","Australian Dollar","AUD","Adelaide","Suburban",20.7119562,3.10245,0.149790293588975,1.77
"Australia","Australian Dollar","AUD","Dunsborough","Urban",17.37372,3.10245,0.178571428571429,1.77
"Australia","Australian Dollar","AUD","","Rural",18.6147,3.10245,0.166666666666667,1.77
"Australia","Australian Dollar","AUD","Adelaide","Suburban",21.09666,3.10245,0.147058823529412,1.77
"Australia","Australian Dollar","AUD","Sydney","Suburban",22.33764,3.10245,0.138888888888889,1.77
"Australia","Australian Dollar","AUD","Hastings","Urban",18.6147,3.10245,0.166666666666667,1.77
"Australia","Australian Dollar","AUD","Townsville","Suburban",19.85568,3.10245,0.15625,1.77
"Australia","Australian Dollar","AUD","Sunshine Coast","Suburban",19.23519,3.10245,0.161290322580645,1.77
"Germany","Euro","EUR","Berlin","Urban",18.5,3,0.162162162162162,1.35
"Germany","Euro","EUR","Landau in der Pfalz","Urban",14,3,0.214285714285714,1.35
"Netherlands","Euro","EUR","Amstelveen","Suburban",9,3,0.333333333333333,1.35
"Germany","Euro","EUR","Berlin","Urban",12,3,0.25,1.35
"Germany","Euro","EUR","Wernau","Urban",14,3,0.214285714285714,1.35
"Portugal","Euro","EUR","Porto","Urban",6.63,3,0.452488687782805,1.1
"Spain","Euro","EUR","Valencia","Urban",9.38,3,0.319829424307036,1.22
"Austria","Euro","EUR","Vienna","Urban",11,3,0.272727272727273,1.74
"Bulgaria","Euro","EUR","Burgas","Urban",6,3,0.5,1.86
"Croatia","Euro","EUR","Zagreb","Urban",6.2,3,0.483870967741935,1.24
"Cyprus","Euro","EUR","Nicosia","Urban",7,3,0.428571428571429,1.89
"Greece","Euro","EUR","Mytilene","Suburban",5,3,0.6,1.75
"Greece","Euro","EUR","Arta","Suburban",5,3,0.6,1.75
"Portugal","Euro","EUR","Matosinhos","Urban",6,3,0.5,1.1
"Portugal","Euro","EUR","Lisbon","Urban",6.8,3,0.441176470588235,1.1
"Portugal","Euro","EUR","Lisbon","Urban",7,3,0.428571428571429,1.1
"Spain","Euro","EUR","Girona","Suburban",6,3,0.5,1.22
"Spain","Euro","EUR","Barcelona","Urban",9.7,3,0.309278350515464,1.22
"Germany","Euro","EUR","Jena","Urban",13.9,3,0.215827338129496,1.35
"Slovenia","Euro","EUR","Ljubljana","Urban",9,3,0.333333333333333,1.42
"Croatia","Euro","EUR","Zagreb","Urban",11,3,0.272727272727273,1.24
"Spain","Euro","EUR","Valencia","Urban",8.4,3,0.357142857142857,1.22
"Spain","Euro","EUR","Madrid","Urban",8.75,3,0.342857142857143,1.22
"Japan","Yen","JPY","Kiryu, Gunma",NA,5.80335,3.03985,0.523809523809524,1.48
"Armenia","Armenian Dram","AMD","Yerevan","Urban",3.604845,3.124199,0.866666666666667,1.62
"Canada","Canadian Dollar","CAD","Toronto","Urban",13.075125,2.95746875,0.226190476190476,2.24
"Canada","Canadian Dollar","CAD","Montréal","Urban",13.69775,2.95746875,0.215909090909091,2.24
"Canada","Canadian Dollar","CAD","Montréal","Urban",10.2733125,2.95746875,0.287878787878788,2.24
"USA","US dollar","USD","Santa Rosa, CA","Suburban",17.662455,3.009159,0.17037037037037,1.06
"Argentina","Argentine Peso","ARS","Buenos Aires","Urban",2.888044,2.77252224,0.96,1.41
"Canada","Canadian Dollar","CAD","Sherbrooke","Urban",10.11765625,2.93256375,0.289846153846154,2.24
"Brazil","Brazilian Real","BRL","Marilia","Urban",2.3702,3.0474,1.28571428571429,1.05
"Vietnam","Dong","VND","Ho Chi Minh city","Urban",1.0725472,3.016539,2.8125,1.49
"Hungary","Forint","HUF","Budapest","Urban",7.1269874,3.15232135,0.442307692307692,1.23
"Romania","Romanian Leu","RON","Cluj-Napoca","Urban",3.229252,2.84934,0.88235294117647,1.58
"Romania","Romanian Leu","RON","Iaşi","Urban",3.419208,2.84934,0.833333333333333,1.58
"Romania","Romanian Leu","RON","Iaşi","Urban",3.609164,2.84934,0.789473684210526,1.58
"Romania","Romanian Leu","RON","Iaşi","Urban",3.229252,2.84934,0.88235294117647,1.58
"Australia","Australian Dollar","AUD","Brisbane","Suburban",18.6147,3.040401,0.163333333333333,1.77
"Australia","Australian Dollar","AUD","Sydney","Suburban",14.89176,3.040401,0.204166666666667,1.77
"Australia","Australian Dollar","AUD","Brisbane","Urban",12.037506,3.040401,0.252577319587629,1.77
"Czechia","Czech Koruna","CZK","Prostějov","Suburban",5.135375,2.957976,0.576,1.2
"Turkey","Turkish Lira","TRY","Istanbul","Urban",2.67975,2.67975,1,1.05
"Canada","Canadian Dollar","CAD","Montréal","Urban",18.67875,2.89520625,0.155,2.24
"Canada","Canadian Dollar","CAD","Edmonton","Urban",11.10140375,2.89520625,0.260796410544027,2.24
"New Zealand","New Zealand Dollar","NZD","Auckland","Urban",12.19855,2.88782,0.236734693877551,NA
"New Zealand","New Zealand Dollar","NZD","Cambridge",NA,11.526385,2.88782,0.250539956803456,NA
"New Zealand","New Zealand Dollar","NZD","Tāmaki Makaurau (Auckland)","Suburban",12.9454,2.88782,0.223076923076923,NA
"Argentina","Argentine Peso","ARS","Mendoza","Urban",1.96386992,2.71476136,1.38235294117647,1.41
"Slovakia","Euro","EUR","Dubnica nad Váhom","Urban",5.5,2.9,0.527272727272727,1.11
"Spain","Euro","EUR","Madrid","Urban",8.75,2.9,0.331428571428571,1.22
"Spain","Euro","EUR","Ibiza","Urban",6.85,2.9,0.423357664233577,1.22
"Spain","Euro","EUR","Barcelona","Urban",5.41,2.9,0.536044362292052,1.22
"Slovakia","Euro","EUR","Trenčín","Urban",6,2.9,0.483333333333333,1.11
"Germany","Euro","EUR","Berlin","Urban",13.9,2.9,0.20863309352518,1.35
"Ireland","Euro","EUR","Cork","Suburban",13.5,2.9,0.214814814814815,1.62
"Slovakia","Euro","EUR","Bratislava","Urban",6.4,2.9,0.453125,1.11
"Spain","Euro","EUR","A Coruña","Urban",6.57,2.9,0.441400304414003,1.22
"Slovakia","Euro","EUR","Bratislava","Urban",7.2,2.9,0.402777777777778,1.11
"Spain","Euro","EUR","Madrid","Urban",7,2.9,0.414285714285714,1.22
"Spain","Euro","EUR","Madrid","Urban",9.22,2.9,0.314533622559653,1.22
"Mexico","Mexican Peso","MXN","Mérida","Urban",2.536593,3.0439116,1.2,1.74
"Mexico","Mexican Peso","MXN","Monterrey","Urban",2.63805672,3.0439116,1.15384615384615,1.74
"Mexico","Mexican Peso","MXN","Guadalajara","Urban",5.073186,3.0439116,0.6,1.74
"Canada","Canadian Dollar","CAD","Charlottetown","Urban",10.8959375,2.864075,0.262857142857143,2.24
"South Korea","Won","KRW","Seoul","Urban",6.59777895,3.1417995,0.476190476190476,2.13
"Australia","Australian Dollar","AUD","Sydney","Suburban",20.600268,2.978352,0.144578313253012,1.77
"Australia","Australian Dollar","AUD","Adelaide","Urban",19.85568,2.978352,0.15,1.77
"Serbia","Serbian Dinar","RSD","Belgrade","Urban",3.83341275,2.853762825,0.744444444444444,1.37
"Canada","Canadian Dollar","CAD","Cambridge","Urban",14.320375,2.83294375,0.197826086956522,2.24
"Canada","Canadian Dollar","CAD","Squamish","Suburban",14.16471875,2.83294375,0.2,2.24
"Canada","Canadian Dollar","CAD","Calgary","Urban",16.810875,2.83294375,0.168518518518519,2.24
"Canada","Canadian Dollar","CAD","Calgary","Urban",13.20587625,2.83294375,0.214521452145215,2.24
"Czechia","Czech Koruna","CZK","Prague","Urban",6.98411,2.87581,0.411764705882353,1.2
"Czechia","Czech Koruna","CZK","Příbram","Urban",6.57328,2.87581,0.4375,1.2
"Czechia","Czech Koruna","CZK","Ústí nad Labem","Urban",5.75162,2.87581,0.5,1.2
"Czechia","Czech Koruna","CZK","Příbram","Suburban",5.505122,2.87581,0.522388059701492,1.2
"Australia","Australian Dollar","AUD","Melbourne","Urban",20.47617,2.9473275,0.143939393939394,1.77
"USA","US dollar","USD","Saratoga","Suburban",14.82774,2.878326,0.194117647058824,1.06
"USA","US dollar","USD","Gadsden, AL",NA,11.33886,2.878326,0.253846153846154,1.06
"Spain","Euro","EUR","Las Palmas de Gran Canaria","Urban",9,2.85,0.316666666666667,1.22
"Argentina","Argentine Peso","ARS","La plata","Urban",2.888044,2.65700048,0.92,1.41
"USA","US dollar","USD","Buffalo, NY","Urban",14.82774,2.8696038,0.193529411764706,1.06
"Canada","Canadian Dollar","CAD","Canmore","Urban",11.829875,2.814265,0.237894736842105,2.24
"Malaysia","Malaysian Ringgit","MYR","Kuala Lumpur","Urban",1.9223541,2.7767337,1.44444444444444,1.9
"Canada","Canadian Dollar","CAD","Calgary","Urban",13.69775,2.8018125,0.204545454545455,2.24
"Canada","Canadian Dollar","CAD","Toronto","Urban",11.331775,2.8018125,0.247252747252747,2.24
"Canada","Canadian Dollar","CAD","Toronto","Urban",11.829875,2.8018125,0.236842105263158,2.24
"Canada","Canadian Dollar","CAD","Dartmouth, Nova Scotia","Urban",13.69775,2.8018125,0.204545454545455,2.24
"Canada","Canadian Dollar","CAD","Invermere","Rural",13.274365,2.8018125,0.211069418386492,2.24
"Canada","Canadian Dollar","CAD","Fredericton","Suburban",9.962,2.8018125,0.28125,2.24
"Canada","Canadian Dollar","CAD","Toronto","Urban",19.07100375,2.8018125,0.146914789422135,2.24
"Canada","Canadian Dollar","CAD","Montréal","Urban",12.1411875,2.8018125,0.230769230769231,2.24
"Guatemala","Quetzal","GTQ","Ciudad de Guatemala","Urban",2.440597495,2.8578425,1.17096018735363,NA
"Australia","Australian Dollar","AUD","Perth","Suburban",19.85568,2.916303,0.146875,1.77
"Australia","Australian Dollar","AUD","Melbourne","Suburban",21.71715,2.916303,0.134285714285714,1.77
"Australia","Australian Dollar","AUD","Melbourne","Urban",24.8196,2.916303,0.1175,1.77
"Australia","Australian Dollar","AUD","Brisbane","Suburban",13.1854125,2.916303,0.221176470588235,1.77
"Hungary","Forint","HUF","Budapest","Urban",6.71581505,3.0152639,0.448979591836735,1.23
"USA","US dollar","USD","St. Paul","Urban",14.609685,2.834715,0.194029850746269,1.06
"Poland","Zloty","PLN","Łódź","Suburban",7.79229,2.75022,0.352941176470588,1.05
"Poland","Zloty","PLN","Tychy","Urban",7.33392,2.75022,0.375,1.05
"Greece","Euro","EUR","Athens","Urban",5.5,2.8,0.509090909090909,1.75
"Slovakia","Euro","EUR","Košice","Urban",5.5,2.8,0.509090909090909,1.11
"Germany","Euro","EUR","Stuttgart","Suburban",13.5,2.8,0.207407407407407,1.35
"Slovakia","Euro","EUR","Bratislava","Urban",6.4,2.8,0.4375,1.11
"Spain","Euro","EUR","Seville","Urban",8.25,2.8,0.339393939393939,1.22
"Brazil","Brazilian Real","BRL","Florianópolis","Urban",3.386,2.8781,0.85,1.05
"Russia","Russian Ruble","RUB","Obninsk","Urban",3.519816,2.691624,0.764705882352941,1.18
"Argentina","Argentine Peso","ARS","Tucuman","Urban",1.79058728,2.5992396,1.45161290322581,1.41
"Argentina","Argentine Peso","ARS","Crespo, Entre Rios","Urban",2.5992396,2.5992396,1,1.41
"USA","US dollar","USD","Chicago","Urban",16.57218,2.7998262,0.168947368421053,1.06
"UK","Pound Sterling","GBP","Norwich","Suburban",14.4809686,2.793756,0.192926045016077,1.69
"New Zealand","New Zealand Dollar","NZD","Wellington","Urban",11.70065,2.73845,0.234042553191489,NA
"New Zealand","New Zealand Dollar","NZD","Paraparaumu, Kapit Coast","Suburban",13.69225,2.73845,0.2,NA
"New Zealand","New Zealand Dollar","NZD","Palmerston North","Suburban",13.9412,2.73845,0.196428571428571,NA
"New Zealand","New Zealand Dollar","NZD","Auckland","Suburban",12.9454,2.73845,0.211538461538462,NA
"New Zealand","New Zealand Dollar","NZD","Palmerston North","Urban",13.9412,2.73845,0.196428571428571,NA
"India","Indian Rupee","INR","Bangalore","Urban",1.04620652,2.7292344,2.60869565217391,0.65
"Australia","Australian Dollar","AUD","Brisbane","Urban",20.5816533,2.854254,0.138679529695508,1.77
"Australia","Australian Dollar","AUD","Melbourne","Urban",17.37372,2.854254,0.164285714285714,1.77
"Mexico","Mexican Peso","MXN","Colima","Urban",1.9978206468,2.89171602,1.44743524631793,1.74
"Romania","Romanian Leu","RON","Bucharest","Urban",6.64846,2.659384,0.4,1.58
"Canada","Canadian Dollar","CAD","Nanaimo","Urban",14.30169625,2.714645,0.189812799303439,2.24
"Czechia","Czech Koruna","CZK","","Urban",6.16245,2.752561,0.446666666666667,1.2
"Serbia","Serbian Dinar","RSD","",NA,4.68528225,2.7259824,0.581818181818182,1.37
"Japan","Yen","JPY","Nishinoomote","Rural",8.2905,2.7635,0.333333333333333,1.48
"Moldova","Moldovan Leu","MDL","Chisinau","Urban",4.48515,2.740925,0.611111111111111,1.26
"New Zealand","New Zealand Dollar","NZD","Christchurch","Suburban",12.9454,2.68866,0.207692307692308,NA
"Australia","Australian Dollar","AUD","Horsham","Rural",11.6341875,2.792205,0.24,1.77
"Australia","Australian Dollar","AUD","Sydney","Suburban",20.165925,2.792205,0.138461538461538,1.77
"Australia","Australian Dollar","AUD","Perth","Suburban",19.85568,2.792205,0.140625,1.77
"Australia","Australian Dollar","AUD","Melbourne","Suburban",19.607484,2.792205,0.142405063291139,1.77
"Australia","Australian Dollar","AUD","","Suburban",18.6147,2.792205,0.15,1.77
"Australia","Australian Dollar","AUD","Melbourne","Urban",20.165925,2.792205,0.138461538461538,1.77
"Australia","Australian Dollar","AUD","Sydney","Urban",14.89176,2.792205,0.1875,1.77
"Australia","Australian Dollar","AUD","Townsville","Urban",19.85568,2.792205,0.140625,1.77
"Australia","Australian Dollar","AUD","Brisbane","Suburban",19.85568,2.792205,0.140625,1.77
"Australia","Australian Dollar","AUD","Melbourne","Urban",20.47617,2.792205,0.136363636363636,1.77
"Australia","Australian Dollar","AUD","Brisbane","Suburban",21.71715,2.792205,0.128571428571429,1.77
"Australia","Australian Dollar","AUD","Melbourne","Suburban",16.2878625,2.792205,0.171428571428571,1.77
"Australia","Australian Dollar","AUD","Sydney","Urban",34.12695,2.792205,0.0818181818181818,1.77
"Australia","Australian Dollar","AUD","Sydney","Suburban",17.063475,2.792205,0.163636363636364,1.77
"Australia","Australian Dollar","AUD","Sydney","Suburban",19.359288,2.792205,0.144230769230769,1.77
"Australia","Australian Dollar","AUD","Newcastle","Urban",17.37372,2.792205,0.160714285714286,1.77
"Croatia","Euro","EUR","Zagreb","Suburban",6,2.7,0.45,1.24
"Greece","Euro","EUR","Thessaloniki","Urban",5.9,2.7,0.457627118644068,1.75
"Spain","Euro","EUR","Málaga","Urban",8.8,2.7,0.306818181818182,1.22
"Slovenia","Euro","EUR","Ljubljana","Urban",7.74,2.7,0.348837209302326,1.42
"Canada","Canadian Dollar","CAD","Montréal","Urban",10.584625,2.64615625,0.25,2.24
"Canada","Canadian Dollar","CAD","Montréal","Urban",12.1411875,2.64615625,0.217948717948718,2.24
"Argentina","Argentine Peso","ARS","La plata","Urban",3.4656528,2.48371784,0.716666666666667,1.41
"Argentina","Argentine Peso","ARS","Buenos Aires","Urban",3.1768484,2.48371784,0.781818181818182,1.41
"Argentina","Argentine Peso","ARS","La Plata","Urban",3.4656528,2.48371784,0.716666666666667,1.41
"Mexico","Mexican Peso","MXN","Matamoros","Urban",3.14537532,2.7902523,0.887096774193548,1.74
"Mexico","Mexican Peso","MXN","Puebla","Urban",1.7756151,2.7902523,1.57142857142857,1.74
"Mexico","Mexican Peso","MXN","Puebla","Urban",2.0292744,2.7902523,1.375,1.74
"Mexico","Mexican Peso","MXN","Tepic","Urban",2.3417826576,2.7902523,1.19150779896014,1.74
"Mexico","Mexican Peso","MXN","México city","Urban",3.8048895,2.7902523,0.733333333333333,1.74
"Czechia","Czech Koruna","CZK","Olomouc","Urban",9.03826,2.670395,0.295454545454545,1.2
"Czechia","Czech Koruna","CZK","Brno","Suburban",6.16245,2.670395,0.433333333333333,1.2
"Serbia","Serbian Dinar","RSD","Novi Sad","Urban",3.160435845,2.64079545,0.835579514824798,1.37
"Australia","Australian Dollar","AUD","Melbourne","Urban",17.870112,2.730156,0.152777777777778,1.77
"Chile","Chilean Peso","CLP","Santiago","Urban",2.73,2.548,0.933333333333333,1.19
"Canada","Canadian Dollar","CAD","Vancouver","Urban",10.74028125,2.615025,0.243478260869565,2.24
"USA","US dollar","USD","Columbus, OH","Urban",14.0165754,2.6515488,0.189172370877411,1.06
"Brazil","Brazilian Real","BRL","Londrina","Urban",3.386,2.7088,0.8,1.05
"Brazil","Brazilian Real","BRL","São Paulo","Urban",4.0632,2.7088,0.666666666666667,1.05
"Brazil","Brazilian Real","BRL","Erechim / Rio Grande do Sul","Urban",1.8623,2.7088,1.45454545454545,1.05
"Russia","Russian Ruble","RUB","Rostov-in-Don","Urban",2.381052,2.536338,1.06521739130435,1.18
"Russia","Russian Ruble","RUB","Obninsk","Urban",2.795148,2.536338,0.907407407407407,1.18
"Malaysia","Malaysian Ringgit","MYR","Kuala Lumpur","Urban",1.7087592,2.5631388,1.5,1.9
"Malaysia","Malaysian Ringgit","MYR","Shah Alam","Suburban",2.9903286,2.5631388,0.857142857142857,1.9
"Malaysia","Malaysian Ringgit","MYR","Klang","Suburban",2.135949,2.5631388,1.2,1.9
"Czechia","Czech Koruna","CZK","Poděbrady","Urban",6.16245,2.629312,0.426666666666667,1.2
"Czechia","Czech Koruna","CZK","Poděbrady","Urban",6.98411,2.629312,0.376470588235294,1.2
"New Zealand","New Zealand Dollar","NZD","Wellington","Suburban",13.19435,2.58908,0.19622641509434,NA
"Serbia","Serbian Dinar","RSD","Belgrade","Urban",3.9185997,2.598201975,0.66304347826087,1.37
"Croatia","Euro","EUR","Zagreb","Urban",5.63,2.6,0.461811722912966,1.24
"Spain","Euro","EUR","Valencia","Urban",9.37,2.6,0.277481323372465,1.22
"Latvia","Euro","EUR","Riga","Urban",5,2.6,0.52,1.26
"Argentina","Argentine Peso","ARS","Rosario","Urban",2.888044,2.42595696,0.84,1.41
"Philippines","Philippine Peso","PHP","Baguio City","Urban",0.8150475625,2.497167,3.06382978723404,1.71
"USA","US dollar","USD","Modesto, CA","Suburban",15.26385,2.61666,0.171428571428571,1.06
"USA","US dollar","USD","","Suburban",14.82774,2.61666,0.176470588235294,1.06
"USA","US dollar","USD","Baltimore","Urban",6.10554,2.61666,0.428571428571429,1.06
"USA","US dollar","USD","Houston, TX","Urban",8.7222,2.61666,0.3,1.06
"USA","US dollar","USD","","Suburban",10.46664,2.61666,0.25,1.06
"USA","US dollar","USD","","Rural",13.0833,2.61666,0.2,1.06
"Australia","Australian Dollar","AUD","Melbourne","Urban",18.6147,2.668107,0.143333333333333,1.77
"India","Indian Rupee","INR","lucknow uttar pradesh",NA,0.72779584,2.54728544,3.5,0.65
"Poland","Zloty","PLN","Lublin","Urban",7.563105,2.521035,0.333333333333333,1.05
"Poland","Zloty","PLN","Rawa Mazowiecka","Urban",7.33392,2.521035,0.34375,1.05
"Poland","Zloty","PLN","Warsaw",NA,7.56081315,2.51874315,0.333131251894513,1.05
"New Zealand","New Zealand Dollar","NZD","Auckland","Suburban",12.9454,2.53929,0.196153846153846,NA
"Chile","Chilean Peso","CLP","Santiago","Urban",3.9585,2.457,0.620689655172414,1.19
"Canada","Canadian Dollar","CAD","","Urban",10.55349375,2.4905,0.23598820058997,2.24
"Canada","Canadian Dollar","CAD","Fredericton","Urban",11.20725,2.4905,0.222222222222222,2.24
"Canada","Canadian Dollar","CAD","Princeton, BC","Rural",11.829875,2.4905,0.210526315789474,2.24
"New Zealand","New Zealand Dollar","NZD","Auckland","Urban",12.9454,2.4895,0.192307692307692,NA
"New Zealand","New Zealand Dollar","NZD","Auckland","Urban",14.4391,2.4895,0.172413793103448,NA
"New Zealand","New Zealand Dollar","NZD","Christchurch","Urban",12.9454,2.4895,0.192307692307692,NA
"New Zealand","New Zealand Dollar","NZD","Auckland","Urban",13.4433,2.4895,0.185185185185185,NA
"USA","US dollar","USD","","Suburban",10.90275,2.529438,0.232,1.06
"Bolivia","Boliviano","BOB","La Paz","Urban",1.2212893,1.7764208,1.45454545454545,0.69
"Malta","Euro","EUR","Sliema","Urban",8,2.5,0.3125,1.36
"Portugal","Euro","EUR","","Suburban",6,2.5,0.416666666666667,1.1
"Spain","Euro","EUR","Madrid","Urban",10,2.5,0.25,1.22
"Greece","Euro","EUR","Athens","Urban",5.9,2.5,0.423728813559322,1.75
"Greece","Euro","EUR","Athens","Urban",5,2.5,0.5,1.75
"Greece","Euro","EUR","Drama","Urban",4.5,2.5,0.555555555555556,1.75
"Italy","Euro","EUR","Milan","Urban",10,2.5,0.25,1.64
"Italy","Euro","EUR","Pesaro","Urban",6,2.5,0.416666666666667,1.64
"Serbia","Serbian Dinar","RSD","Belgrade","Urban",2.98154325,2.47042155,0.828571428571429,1.37
"Brazil","Brazilian Real","BRL","Florianópolis",NA,3.2167,2.5395,0.789473684210526,1.05
"Hungary","Forint","HUF","Szeged","Urban",5.087572544,2.60409155,0.511853448275862,1.23
"Malaysia","Malaysian Ringgit","MYR","Selangor",NA,2.135949,2.3495439,1.1,1.9
"Malaysia","Malaysian Ringgit","MYR","Kota Kinabalu","Suburban",1.7087592,2.3495439,1.375,1.9
"Malaysia","Malaysian Ringgit","MYR","Kuala Lumpur","Urban",1.2815694,2.3495439,1.83333333333333,1.9
"Malaysia","Malaysian Ringgit","MYR","Subang Jaya","Urban",2.5631388,2.3495439,0.916666666666667,1.9
"Australia","Australian Dollar","AUD","Sydney","Urban",21.71715,2.48196,0.114285714285714,1.77
"Sweden","Swedish Krona","SEK","Stockholm","Urban",22.1218375,2.3006711,0.104,1.66
"Australia","Australian Dollar","AUD","Perth","Suburban",23.57862,2.48196,0.105263157894737,1.77
"Australia","Australian Dollar","AUD","Melbourne","Suburban",20.165925,2.48196,0.123076923076923,1.77
"Latvia","Euro","EUR","Liepaja","Urban",4,2.4,0.6,1.26
"Netherlands","Euro","EUR","The Hague","Urban",19.2,2.4,0.125,1.35
"Greece","Euro","EUR","Thessaloniki","Urban",5.5,2.4,0.436363636363636,1.75
"Greece","Euro","EUR","Thessaloniki","Urban",5,2.4,0.48,1.75
"Slovenia","Euro","EUR","Celje","Urban",10,2.4,0.24,1.42
"Spain","Euro","EUR","Girona","Urban",12,2.4,0.2,1.22
"Croatia","Euro","EUR","Omiš","Urban",6.81,2.4,0.352422907488987,1.24
"Germany","Euro","EUR","","Urban",15,2.4,0.16,1.35
"Greece","Euro","EUR","Thessaloniki","Suburban",4.5,2.4,0.533333333333333,1.75
"Ireland","Euro","EUR","Galway","Urban",11.45,2.4,0.209606986899563,1.62
"Croatia","Euro","EUR","Zagreb","Urban",8,2.4,0.3,1.24
"India","Indian Rupee","INR","Hyderabad","Urban",1.18266824,2.36533648,2,0.65
"Serbia","Serbian Dinar","RSD","Novi Sad","Suburban",3.407478,2.3852346,0.7,1.37
"Philippines","Philippine Peso","PHP","Manila","Urban",1.205299272,2.28906975,1.89917127071823,1.71
"USA","US dollar","USD","Lakewood","Suburban",15.69996,2.398605,0.152777777777778,1.06
"Ukraine","Hryvnia","UAH","Kyiv","Urban",1.5619656,2.3429484,1.5,1.21
"Russia","Russian Ruble","RUB","Khabarovsk","Urban",3.62334,2.277528,0.628571428571429,1.18
"Romania","Romanian Leu","RON","Iaşi","Urban",3.609164,2.279472,0.631578947368421,1.58
"Argentina","Argentine Peso","ARS","San Miguel de Tucumán","Urban",3.58117456,2.19491344,0.612903225806452,1.41
"Argentina","Argentine Peso","ARS","Córdoba","Urban",2.5992396,2.19491344,0.844444444444444,1.41
"Mauritius","Mauritius Rupee","MUR","Pamplemousses","Rural",2.201886,2.29363125,1.04166666666667,1.48
"South Korea","Won","KRW","Seoul","Urban",6.9119589,2.5134396,0.363636363636364,2.13
"Philippines","Philippine Peso","PHP","Makati City","Urban",1.560729375,2.219704,1.42222222222222,1.71
"Philippines","Philippine Peso","PHP","Malolos City","Suburban",0.95724735,2.219704,2.31884057971015,1.71
"Indonesia","Rupiah","IDR","Bali","Urban",0.979514,2.2039065,2.25,1.22
"India","Indian Rupee","INR","Ludhiana","Urban",1.009816728,2.274362,2.25225225225225,0.65
"Greece","Euro","EUR","Kastoria","Suburban",5,2.3,0.46,1.75
"Spain","Euro","EUR","Gijon","Urban",8.75,2.3,0.262857142857143,1.22
"Italy","Euro","EUR","Florence","Urban",8,2.3,0.2875,1.64
"Slovenia","Euro","EUR","Ljubljana","Urban",15,2.3,0.153333333333333,1.42
"Spain","Euro","EUR","Oviedo","Urban",8.5,2.3,0.270588235294118,1.22
"Brazil","Brazilian Real","BRL","Joinville, SC","Urban",2.351577,2.3702,1.00791936645068,1.05
"Brazil","Brazilian Real","BRL","São Sebastião","Suburban",3.386,2.3702,0.7,1.05
"Brazil","Brazilian Real","BRL","Joinville, SC","Urban",2.796836,2.3702,0.847457627118644,1.05
"Brazil","Brazilian Real","BRL","Caxias do Sul","Urban",1.3544,2.3702,1.75,1.05
"Brazil","Brazilian Real","BRL","Porto Alegre","Urban",2.0316,2.3702,1.16666666666667,1.05
"New Zealand","New Zealand Dollar","NZD","Palmerston North","Urban",13.99099,2.24055,0.160142348754448,NA
"New Zealand","New Zealand Dollar","NZD","Wellington","Urban",12.19855,2.24055,0.183673469387755,NA
"Guatemala","Quetzal","GTQ","Antigua","Urban",3.8866658,2.286274,0.588235294117647,NA
"India","Indian Rupee","INR","Mumbai","Urban",0.9097448,2.22887476,2.45,0.65
"Bolivia","Boliviano","BOB","Santa Cruz","Urban",1.3323156,1.59877872,1.2,0.69
"Puerto Rico","US dollar","USD","Arecibo","Urban",9.15831,2.267772,0.247619047619048,2.15
"Nicaragua","Cordoba Oro","NIO","Estelí","Urban",1.085504498893,2.2501184245,2.07287802749291,NA
"South Africa","Rand","ZAR","Modderfontein","Suburban",2.62253684,2.35493104,0.897959183673469,NA
"Brazil","Brazilian Real","BRL","Rio de Janeiro","Suburban",1.291759,2.28555,1.76933158584535,1.05
"Colombia","Colombian Peso","COP","Monteria","Urban",2.1957894084,2.6209322,1.1936172886041,1.53
"India","Indian Rupee","INR","Delhi","Urban",0.81877032,2.18338752,2.66666666666667,0.65
"Spain","Euro","EUR","Madrid","Urban",9.35,2.2,0.235294117647059,1.22
"Croatia","Euro","EUR","Rijeka","Urban",7,2.2,0.314285714285714,1.24
"Italy","Euro","EUR","Milan","Urban",11,2.2,0.2,1.64
"Croatia","Euro","EUR","Osijek","Urban",5.5,2.2,0.4,1.24
"Canada","Canadian Dollar","CAD","St. John’s","Urban",10.2733125,2.1791875,0.212121212121212,2.24
"Malaysia","Malaysian Ringgit","MYR","Kuala Lumpur","Suburban",2.5631388,2.135949,0.833333333333333,1.9
"Japan","Yen","JPY","Kobe","Urban",8.2905,2.2108,0.266666666666667,1.48
"Mexico","Mexican Peso","MXN","Ciudad Guzmán","Urban",4.21074438,2.2829337,0.542168674698795,1.74
"Pakistan","Pakistan Rupee","PKR","Islamabad","Urban",0.53505018,2.2031478,4.11764705882353,0.83
"Pakistan","Pakistan Rupee","PKR","Lahore","Urban",0.42489279,2.2031478,5.18518518518519,0.83
"Ecuador","US dollar","USD","Quito","Urban",6.97776,2.18055,0.3125,1.07
"Russia","Russian Ruble","RUB","Krasnoyarsk","Urban",2.381052,2.07048,0.869565217391304,1.18
"Jordan","Jordanian Dinar","JOD","Amman","Suburban",1.6608618,2.152969,1.2962962962963,1.42
"Brazil","Brazilian Real","BRL","Belém","Suburban",2.0316,2.2009,1.08333333333333,1.05
"Vietnam","Dong","VND","Hanoi","Urban",0.8044104,2.1786115,2.70833333333333,1.49
"Canada","Canadian Dollar","CAD","Edmonton","Urban",15.565625,2.09202,0.1344,2.24
"Australia","Australian Dollar","AUD","Sydney","Urban",20.0728515,2.171715,0.108191653786708,1.77
"Greece","Euro","EUR","Athens","Urban",7,2.1,0.3,1.75
"Colombia","Colombian Peso","COP","Chia","Urban",1.9312132,2.4829884,1.28571428571429,1.53
"India","Indian Rupee","INR","Mumbai","Urban",0.200143856,2.0469258,10.2272727272727,0.65
"India","Indian Rupee","INR","Lucknow","Urban",0.527651984,2.0469258,3.87931034482759,0.65
"Hungary","Forint","HUF","Budapest","Urban",4.9340682,2.1929192,0.444444444444444,1.23
"Czechia","Czech Koruna","CZK","","Rural",6.16245,2.05415,0.333333333333333,1.2
"Russia","Russian Ruble","RUB","","Urban",2.5881,1.966956,0.76,1.18
"Russia","Russian Ruble","RUB","Tomsk","Urban",2.8365576,1.966956,0.693430656934307,1.18
"Philippines","Philippine Peso","PHP","Makati City","Urban",1.664778,1.942241,1.16666666666667,1.71
"Philippines","Philippine Peso","PHP","Makati City","Urban",1.1930909,1.942241,1.62790697674419,1.71
"Philippines","Philippine Peso","PHP","Makati City","Urban",1.109852,1.942241,1.75,1.71
"Croatia","Euro","EUR","Zagreb","Urban",8.5,2,0.235294117647059,1.24
"Italy","Euro","EUR","Modena","Urban",10,2,0.2,1.64
"Italy","Euro","EUR","Udine","Urban",9.5,2,0.210526315789474,1.64
"Italy","Euro","EUR","Milano","Urban",8,2,0.25,1.64
"Italy","Euro","EUR","Rome","Urban",5,2,0.4,1.64
"Italy","Euro","EUR","Rome","Urban",12,2,0.166666666666667,1.64
"Spain","Euro","EUR","San Sebastian basque country","Urban",16,2,0.125,1.22
"Spain","Euro","EUR","Alicante","Urban",10,2,0.2,1.22
"Iraq","Iraqi Dinar","IQD","Sulaymaniyah","Urban",2.99381265,1.9958751,0.666666666666667,1.16
"South Africa","Rand","ZAR","Gqeberha","Urban",1.12394436,2.08732524,1.85714285714286,NA
"Brazil","Brazilian Real","BRL","São Paulo","Urban",3.386,2.0316,0.6,1.05
"Vietnam","Dong","VND","Hanoi","Urban",0.670342,2.011026,3,1.49
"Vietnam","Dong","VND","Hanoi","Urban",0.7708933,2.011026,2.60869565217391,1.49
"Malaysia","Malaysian Ringgit","MYR","Shah Alam","Urban",2.135949,1.9223541,0.9,1.9
"Romania","Romanian Leu","RON","Bucharest","Urban",3.6661508,1.89956,0.518134715025907,1.58
"North Macedonia","Denar","MKD","Skopje","Urban",3.82262045,1.9519764,0.51063829787234,1.31
"Djibouti","Djiboutian Franc","DJF","Djibouti",NA,0.6796562692,1.9586636,2.88184438040346,NA
"Russia","Russian Ruble","RUB","Saint-Petersburg","Urban",2.174004,1.863432,0.857142857142857,1.18
"Russia","Russian Ruble","RUB","Moscow","Urban",4.14096,1.863432,0.45,1.18
"South Africa","Rand","ZAR","Johannesburg","Urban",8.028174,2.03380408,0.253333333333333,NA
"Georgia","Lari","GEL","Tbilisi","Urban",2.6783568,2.0087676,0.75,2.06
"Canada","Canadian Dollar","CAD","Vancouver","Urban",11.20725,1.867875,0.166666666666667,2.24
"Philippines","Philippine Peso","PHP","Batangas city","Suburban",1.04048625,1.8035095,1.73333333333333,1.71
"South Africa","Rand","ZAR","Rosendal","Rural",2.1408464,1.98028292,0.925,NA
"Colombia","Colombian Peso","COP","Bucaramanga, Santander","Urban",2.1957894084,2.2071008,1.00515140092977,1.53
"South Africa","Rand","ZAR","Durban north","Suburban",1.84648002,1.92676176,1.04347826086957,NA
"Vietnam","Dong","VND","Hanoi","Urban",0.7708933,1.8434405,2.39130434782609,1.49
"Vietnam","Dong","VND","Hanoi","Urban",0.670342,1.8434405,2.75,1.49
"Australia","Australian Dollar","AUD","Perth","Urban",20.165925,1.86147,0.0923076923076923,1.77
"Philippines","Philippine Peso","PHP","La Carlota City","Suburban",0.6936575,1.73414375,2.5,1.71
"Indonesia","Rupiah","IDR","Jakarta","Urban",0.7346355,1.7141495,2.33333333333333,1.22
"Indonesia","Rupiah","IDR","Surabaya","Urban",0.66117195,1.7141495,2.59259259259259,1.22
"Ukraine","Hryvnia","UAH","Kyiv","Urban",2.9286855,1.7572113,0.6,1.21
"South Africa","Rand","ZAR","","Suburban",6.4225392,1.8732406,0.291666666666667,NA
"Belarus","Belarussian Ruble","BYN","Zhlobin","Urban",1.152472052,1.728708078,1.5,0.87
"Belarus","Belarussian Ruble","BYN","Minsk","Urban",1.8727670845,1.728708078,0.923076923076923,0.87
"Serbia","Serbian Dinar","RSD","Belgrade","Urban",2.98154325,1.703739,0.571428571428571,1.37
"Italy","Euro","EUR","Verona","Suburban",10,1.7,0.17,1.64
"Italy","Euro","EUR","Casalbuttano (CR)","Rural",8,1.7,0.2125,1.64
"Mexico","Mexican Peso","MXN","México city","Urban",2.7902523,1.7756151,0.636363636363636,1.74
"Ukraine","Hryvnia","UAH","Odesa",NA,2.5381941,1.65958845,0.653846153846154,1.21
"South Korea","Won","KRW","Wonju","Suburban",6.484674168,1.82224371,0.281007751937984,2.13
"Hungary","Forint","HUF","Szeged","Urban",5.7564129,1.78174685,0.30952380952381,1.23
"India","Indian Rupee","INR","Bangalore","Urban",0.54584688,1.63754064,3,0.65
"Sri Lanka","Sri Lanka Rupee","LKR","Wattala","Suburban",0.68517644,1.5811764,2.30769230769231,1.57
"Indonesia","Rupiah","IDR","Makassar","Urban",0.8815626,1.5672224,1.77777777777778,1.22
"Algeria","Algerian Dinar","DZD","Algiers","Urban",1.12782614604,1.62905325,1.44441876588861,0.95
"Colombia","Colombian Peso","COP","Pasto","Urban",2.6209322,1.9312132,0.736842105263158,1.53
"Italy","Euro","EUR","Padua","Urban",8,1.6,0.2,1.64
"Greece","Euro","EUR","Thessaloniki","Urban",4.5,1.6,0.355555555555556,1.75
"Spain","Euro","EUR","Sant Cugat del Vallés","Urban",7.5,1.6,0.213333333333333,1.22
"Thailand","Baht","THB","Pathum Thani","Suburban",1.960581,1.5684648,0.8,1.81
"Ukraine","Hryvnia","UAH","Kyiv","Urban",2.5381941,1.5619656,0.615384615384615,1.21
"Egypt","Egyptian Pound","EGP","Cairo","Urban",0.86995792,1.5056964,1.73076923076923,0.88
"South Africa","Rand","ZAR","Mosselbay","Urban",1.6056348,1.55211364,0.966666666666667,NA
"Philippines","Philippine Peso","PHP","Bacolod City","Urban",0.832389,1.387315,1.66666666666667,1.71
"Philippines","Philippine Peso","PHP","Antipolo City","Urban",0.5271797,1.387315,2.63157894736842,1.71
"Italy","Euro","EUR","Rieti","Rural",15,1.4,0.0933333333333333,1.64
"South Africa","Rand","ZAR","Potchefstroom","Suburban",1.65915596,1.44507132,0.870967741935484,NA
"Italy","Euro","EUR","Sezto Fiorentino","Urban",7,1.3,0.185714285714286,1.64
"Colombia","Colombian Peso","COP","Bogotá","Suburban",2.53816592,1.5173818,0.597826086956522,1.53
"Indonesia","Rupiah","IDR","Bandung","Urban",1.0284897,1.2243925,1.19047619047619,1.22
"Italy","Euro","EUR","Ancona","Suburban",16,1.2,0.075,1.64
"India","Indian Rupee","INR","Meerut","Suburban",0.473067296,1.09169376,2.30769230769231,0.65
"Indonesia","Rupiah","IDR","Sleman","Suburban",0.4407813,1.0284897,2.33333333333333,1.22
"Indonesia","Rupiah","IDR","Samarinda","Urban",0.635704586,0.979514,1.54083204930663,1.22
"Indonesia","Rupiah","IDR","Jakarta","Urban",3.428299,0.979514,0.285714285714286,1.22
