"is_male","height","weight","bmi"
1,188,109.7,31
1,175,73.6,24
1,188,96.5,27.3
1,182,99.8,30.1
1,177,93.6,29.9
1,171,69,23.6
1,175,83.4,27.2
1,174,76.2,25.2
1,170,79.8,27.6
1,161,70.9,27.4
1,181,84.6,25.8
1,182,97,29.3
1,165,75.8,27.8
1,176,85.9,27.7
1,176,84.6,27.3
1,172,78.1,26.4
1,184,88.9,26.3
1,162,78.4,29.9
1,177,84.4,26.9
1,173,82.7,27.6
1,173,79,26.4
1,176,89.7,29
1,168,67.7,24
1,191,103.8,28.5
1,172,73.5,24.8
1,173,87.2,29.1
1,175,83.7,27.3
1,185,93.8,27.4
1,171,79.5,27.2
1,174,70,23.1
1,174,85.1,28.1
1,188,96.6,27.3
1,182,88.5,26.7
1,176,93.1,30.1
1,177,92.6,29.6
1,179,87.5,27.3
1,175,89.6,29.3
1,171,83.4,28.5
1,167,74.3,26.6
1,163,74,27.9
1,173,78.1,26.1
1,183,88,26.3
1,166,76.5,27.8
1,168,73.1,25.9
1,171,74.7,25.5
1,178,85.7,27
1,173,84.8,28.3
1,183,94.8,28.3
1,176,87.1,28.1
1,185,95.9,28
1,165,75.1,27.6
1,178,91.2,28.8
1,174,78.7,26
1,171,82.3,28.1
1,170,77,26.6
1,169,74.1,25.9
1,174,86.1,28.4
1,180,87.1,26.9
1,181,89.9,27.4
1,178,95,30
1,181,90.2,27.5
1,177,89.8,28.7
1,187,88.6,25.3
1,170,74.8,25.9
1,181,81.6,24.9
1,166,70.4,25.5
1,173,83.7,28
1,185,100.1,29.2
1,173,83.1,27.8
1,175,89.1,29.1
1,176,83.7,27
1,179,94.1,29.4
1,177,80.4,25.7
1,172,74,25
1,184,98.1,29
1,181,92.8,28.3
1,182,91.1,27.5
1,184,100.2,29.6
1,169,89.1,31.2
1,168,76.5,27.1
1,172,82.3,27.8
1,173,90.1,30.1
1,188,107.9,30.5
1,177,78.5,25.1
1,168,72.9,25.8
1,181,85.5,26.1
1,169,94.5,33.1
1,175,87.7,28.6
1,173,79,26.4
1,184,89.5,26.4
1,182,91.5,27.6
1,166,82.1,29.8
1,179,82.6,25.8
1,164,80.5,29.9
1,170,74.8,25.9
1,165,75.2,27.6
1,182,87.6,26.4
1,170,82,28.4
1,169,78.4,27.5
1,176,80.5,26
1,178,91.1,28.8
1,170,76.1,26.3
1,168,70,24.8
1,174,80.7,26.7
1,178,83.4,26.3
1,175,81.3,26.5
1,172,71.9,24.3
1,168,75.5,26.8
1,176,78,25.2
1,172,79.1,26.7
1,176,85.2,27.5
1,173,91.4,30.5
1,182,93,28.1
1,176,81.1,26.2
1,171,74.4,25.4
1,187,101.3,29
1,177,92.1,29.4
1,174,85.9,28.4
1,172,80.8,27.3
1,182,101.3,30.6
1,162,75.8,28.9
1,175,81.9,26.7
1,170,74.6,25.8
1,159,68,26.9
1,184,87.5,25.8
1,180,91.6,28.3
1,172,81.6,27.6
1,180,89.1,27.5
1,176,85.1,27.5
1,168,77.9,27.6
1,171,87,29.8
1,167,75.2,27
1,181,84.2,25.7
1,174,80.9,26.7
1,163,68.5,25.8
1,180,95.2,29.4
1,173,79,26.4
1,174,81.6,27
1,173,76.1,25.4
1,173,83,27.7
1,175,76.9,25.1
1,168,78.7,27.9
1,168,82.1,29.1
1,171,83.2,28.5
1,176,93.4,30.2
1,179,83.4,26
1,181,91.6,28
1,180,98,30.2
1,168,72.3,25.6
1,184,95.4,28.2
1,171,81,27.7
1,166,66.6,24.2
1,180,88.9,27.4
1,178,77.2,24.4
1,164,77,28.6
1,176,90,29.1
1,175,81.6,26.6
1,157,66.8,27.1
1,174,80.3,26.5
1,166,84.1,30.5
1,163,80.5,30.3
1,175,77,25.1
1,184,90.1,26.6
1,171,92.2,31.5
1,171,87.6,30
1,165,80.8,29.7
1,168,73.8,26.1
1,172,72.3,24.4
1,166,78.1,28.3
1,177,91.6,29.2
1,174,77.3,25.5
1,183,93.2,27.8
1,173,77,25.7
1,183,90.9,27.1
1,168,81,28.7
1,169,76.2,26.7
1,172,80.6,27.2
1,173,87.7,29.3
1,165,73.7,27.1
1,171,83.2,28.5
1,173,82.1,27.4
1,177,95.6,30.5
1,169,75.1,26.3
1,169,89,31.2
1,183,91.6,27.4
1,173,77.3,25.8
1,178,91.6,28.9
1,183,87.7,26.2
1,167,81.6,29.3
1,170,71,24.6
1,195,106.6,28
1,184,104.6,30.9
1,177,92.5,29.5
1,185,99,28.9
1,184,101,29.8
1,184,94.6,27.9
1,171,82,28
1,193,105.2,28.2
1,168,77.4,27.4
1,181,85.4,26.1
1,181,88.9,27.1
1,183,97.3,29.1
1,191,101.7,27.9
1,164,71.9,26.7
1,164,75.5,28.1
1,161,72.6,28
1,172,79.9,27
1,167,79.1,28.4
1,180,88,27.2
1,172,84.8,28.7
1,174,78.7,26
1,179,87.7,27.4
1,184,94.5,27.9
1,180,93.5,28.9
1,167,78.3,28.1
1,190,105.5,29.2
1,172,80.4,27.2
1,171,79.7,27.3
1,182,96.4,29.1
1,164,75.7,28.1
1,173,89.1,29.8
1,170,75,26
1,170,80.1,27.7
1,172,79.2,26.8
1,176,88.6,28.6
1,178,93.3,29.4
1,165,71.8,26.4
1,172,76.7,25.9
1,161,61.5,23.7
1,182,99,29.9
1,169,70.7,24.8
1,183,91.4,27.3
1,193,107,28.7
1,182,88.6,26.7
1,171,80.1,27.4
1,179,90,28.1
1,177,84.2,26.9
1,173,80.4,26.9
1,188,97.9,27.7
1,176,84.8,27.4
1,169,77.8,27.2
1,169,78.4,27.5
1,171,76.3,26.1
1,175,74.3,24.3
1,180,86.2,26.6
1,166,71.2,25.8
1,166,78.3,28.4
1,172,76.7,25.9
1,187,104.9,30
1,182,94,28.4
1,172,78.1,26.4
1,173,90.6,30.3
1,167,76.2,27.3
1,182,89.7,27.1
1,176,89.3,28.8
1,174,81.7,27
1,180,85.8,26.5
1,162,71.9,27.4
1,181,94.8,28.9
1,168,84.9,30.1
1,165,71.5,26.3
1,173,82.4,27.5
1,180,92.9,28.7
1,189,104.8,29.3
1,176,84.5,27.3
1,165,82.1,30.2
1,174,90.2,29.8
1,180,92.2,28.5
1,156,73,30
1,174,86.1,28.4
1,183,90.8,27.1
1,184,100.6,29.7
1,181,97.1,29.6
1,184,91.5,27
1,172,84.9,28.7
1,184,89.1,26.3
1,159,68.8,27.2
1,168,75.9,26.9
1,177,90.2,28.8
1,176,81.1,26.2
1,180,87.8,27.1
1,175,89.7,29.3
1,168,83.7,29.7
1,169,70.4,24.6
1,169,73,25.6
1,173,85.8,28.7
1,179,78.5,24.5
1,176,88.9,28.7
1,180,97.9,30.2
1,166,75.6,27.4
1,190,108.6,30.1
1,181,83.6,25.5
1,176,90.7,29.3
1,178,86.8,27.4
1,164,76.7,28.5
1,172,88.3,29.8
1,172,83.1,28.1
1,190,95.4,26.4
1,181,89.8,27.4
1,170,78.3,27.1
1,177,89.4,28.5
1,174,86.4,28.5
1,173,83.7,28
1,174,81.6,27
1,166,72.3,26.2
1,178,89.8,28.3
1,181,98.6,30.1
1,174,85.2,28.1
1,166,80.2,29.1
1,172,84,28.4
1,189,101.3,28.4
1,181,93.9,28.7
1,171,77.6,26.5
1,172,79.5,26.9
1,171,78.6,26.9
1,175,82.2,26.8
1,182,91.9,27.7
1,176,90.7,29.3
1,187,101.4,29
1,176,99.5,32.1
1,180,95.8,29.6
1,182,91.1,27.5
1,176,94.7,30.6
1,166,73.2,26.6
1,180,94.3,29.1
1,174,82,27.1
1,174,80.2,26.5
1,176,88.3,28.5
1,167,73.9,26.5
1,174,78.6,26
1,188,97.8,27.7
1,181,95.3,29.1
1,169,83.9,29.4
1,182,85.3,25.8
1,177,85.4,27.3
1,170,81.4,28.2
1,177,96,30.6
1,179,89.7,28
1,175,84.5,27.6
1,164,75.3,28
1,180,85.6,26.4
1,164,73.2,27.2
1,177,87.8,28
1,182,85.9,25.9
1,174,94.2,31.1
1,180,90.4,27.9
1,181,95.2,29.1
1,176,81.7,26.4
1,183,89,26.6
1,176,85.9,27.7
1,168,75.1,26.6
1,171,82.7,28.3
1,180,86,26.5
1,176,86,27.8
1,171,77.2,26.4
1,185,98,28.6
1,179,80.3,25.1
1,175,88.9,29
1,170,76.1,26.3
1,176,81.5,26.3
1,186,100.1,28.9
1,171,74.5,25.5
1,165,71,26.1
1,172,83.3,28.2
1,172,77.2,26.1
1,169,76.5,26.8
1,185,95.1,27.8
1,177,88.6,28.3
1,180,88.1,27.2
1,178,99.5,31.4
1,182,93.1,28.1
1,172,81.1,27.4
1,173,82.4,27.5
1,174,92.3,30.5
1,175,74.9,24.5
1,175,89.8,29.3
1,171,78.6,26.9
1,175,83.4,27.2
1,167,63.3,22.7
1,164,72.7,27
1,168,74.2,26.3
1,170,88,30.4
1,170,86.1,29.8
1,180,83.6,25.8
1,174,86.5,28.6
1,172,85.4,28.9
1,192,102.6,27.8
1,179,89.8,28
1,175,86.4,28.2
1,173,79.9,26.7
1,165,80.6,29.6
1,167,78.8,28.3
1,176,95.5,30.8
1,167,77.2,27.7
1,172,78.7,26.6
1,176,83.9,27.1
1,173,88.1,29.4
1,157,67.7,27.5
1,171,87.3,29.9
1,172,81.5,27.5
1,178,92,29
1,166,74.1,26.9
1,183,98.4,29.4
1,168,83.1,29.4
1,167,75.6,27.1
1,185,93.1,27.2
1,180,86,26.5
1,181,99.1,30.2
1,180,92.1,28.4
1,157,63.5,25.8
1,175,89,29.1
1,172,81.6,27.6
1,171,74.5,25.5
1,167,76.3,27.4
1,174,86.1,28.4
1,177,88.5,28.2
1,169,86.4,30.3
1,177,92.7,29.6
1,174,89,29.4
1,182,95.1,28.7
1,177,86.6,27.6
1,180,89.8,27.7
1,173,84.7,28.3
1,179,85.6,26.7
1,182,80,24.2
1,185,95,27.8
1,154,61.8,26.1
1,175,86.6,28.3
1,176,86.8,28
1,172,83.9,28.4
1,193,105.4,28.3
1,183,91.5,27.3
1,175,85.4,27.9
1,166,79.2,28.7
1,167,83.4,29.9
1,179,85.1,26.6
1,186,97,28
1,174,79.5,26.3
1,174,76.9,25.4
1,162,65.6,25
1,171,79.7,27.3
1,180,89.4,27.6
1,187,101.1,28.9
1,168,75,26.6
1,172,77.3,26.1
1,181,98.3,30
1,170,78.8,27.3
1,186,98.8,28.6
1,162,73,27.8
1,176,87.9,28.4
1,177,80.3,25.6
1,179,92.9,29
1,175,80.2,26.2
1,174,87.4,28.9
1,168,75.7,26.8
1,176,84.7,27.3
1,175,85.5,27.9
1,187,94.5,27
1,168,73.3,26
1,187,97.5,27.9
1,177,93,29.7
1,169,83.1,29.1
1,185,94.8,27.7
1,173,94.3,31.5
1,183,95.6,28.5
1,180,92.7,28.6
1,170,88.5,30.6
1,174,86.5,28.6
1,181,90.6,27.7
1,165,75.7,27.8
1,170,81.1,28.1
1,175,84.3,27.5
1,175,87.9,28.7
1,181,103.8,31.7
1,175,87.2,28.5
1,169,79.8,27.9
1,174,79.9,26.4
1,171,80.5,27.5
1,181,91.5,27.9
1,174,80.2,26.5
1,177,84.2,26.9
1,177,85.3,27.2
1,184,85.9,25.4
1,166,75.3,27.3
1,168,77.2,27.4
1,178,96.5,30.5
1,181,89,27.2
1,178,91.8,29
1,181,91.3,27.9
1,164,71.9,26.7
1,175,79.1,25.8
1,174,83.4,27.5
1,176,85.3,27.5
1,176,79.9,25.8
1,177,88.1,28.1
1,185,88.1,25.7
1,158,66.2,26.5
1,175,87,28.4
1,181,95.2,29.1
1,183,91.3,27.3
1,183,94.7,28.3
1,171,82.9,28.4
1,173,75.5,25.2
1,180,87.7,27.1
1,166,80.9,29.4
1,178,93.4,29.5
1,182,90.4,27.3
1,173,87.1,29.1
1,174,79.5,26.3
1,168,77.1,27.3
1,182,93.1,28.1
1,187,88.9,25.4
1,181,94.4,28.8
1,180,92,28.4
1,182,85.5,25.8
1,161,73.7,28.4
1,173,82.9,27.7
1,167,71.4,25.6
1,174,81,26.8
1,177,84.9,27.1
1,175,77.8,25.4
1,178,91,28.7
1,175,88,28.7
1,163,70.5,26.5
1,179,87.3,27.2
1,174,72.5,23.9
1,177,79.9,25.5
1,175,77.9,25.4
1,171,82.4,28.2
1,168,77.7,27.5
1,174,81.3,26.9
1,176,85,27.4
1,177,82.6,26.4
1,185,97.3,28.4
1,191,94.6,25.9
1,180,86.3,26.6
1,189,98.5,27.6
1,163,70.8,26.6
1,181,93.6,28.6
1,171,80.8,27.6
1,189,103.8,29.1
1,162,79.1,30.1
1,175,74.5,24.3
1,183,96.2,28.7
1,174,93.4,30.8
1,165,75.9,27.9
1,176,88.5,28.6
1,183,94.9,28.3
1,171,82.7,28.3
1,176,86.3,27.9
1,162,72.7,27.7
1,154,58.6,24.7
1,179,88.7,27.7
1,172,84.7,28.6
1,190,103.2,28.6
1,179,89.4,27.9
1,183,95.1,28.4
1,188,95.1,26.9
1,180,100,30.9
1,164,76.8,28.6
1,174,84.3,27.8
1,182,87.4,26.4
1,170,80.3,27.8
1,180,90.7,28
1,166,76.5,27.8
1,157,56,22.7
1,159,72.7,28.8
1,172,89.4,30.2
1,177,73.5,23.5
1,184,91.5,27
1,179,88.4,27.6
1,169,73.7,25.8
1,181,79.7,24.3
1,182,95,28.7
1,186,92.7,26.8
1,175,95.6,31.2
1,168,76.8,27.2
1,188,101.3,28.7
1,176,87.5,28.2
1,176,78.4,25.3
1,180,86.9,26.8
1,161,71.3,27.5
1,177,82.9,26.5
1,166,68.9,25
1,178,87.7,27.7
1,177,84.1,26.8
1,181,88.6,27
1,179,79,24.7
1,167,74.7,26.8
1,171,74.3,25.4
1,167,79.3,28.4
1,187,96.6,27.6
1,172,78.4,26.5
1,166,78,28.3
1,181,88.9,27.1
1,167,79.3,28.4
1,167,79.2,28.4
1,157,63.6,25.8
1,188,97.8,27.7
1,184,97.9,28.9
1,179,83.6,26.1
1,170,76.3,26.4
1,167,68.7,24.6
1,171,84.4,28.9
1,178,92.2,29.1
1,190,101.6,28.1
1,164,67.3,25
1,178,94,29.7
1,182,93.1,28.1
1,185,95,27.8
1,186,90.3,26.1
1,169,74.9,26.2
1,169,82,28.7
1,176,91.8,29.6
1,173,88.6,29.6
1,179,83.6,26.1
1,177,85.5,27.3
1,166,71.3,25.9
1,176,89.2,28.8
1,187,94.5,27
1,167,71.8,25.7
1,174,83.7,27.6
1,179,89.8,28
1,183,92,27.5
1,182,90.3,27.3
1,167,70.9,25.4
1,162,76.3,29.1
1,179,91.4,28.5
1,167,79.2,28.4
1,177,89.3,28.5
1,174,89.7,29.6
1,172,75.1,25.4
1,191,105.6,28.9
1,186,87.4,25.3
1,177,87.2,27.8
1,164,71.3,26.5
1,172,74.2,25.1
1,186,93.1,26.9
1,169,77.8,27.2
1,188,94.8,26.8
1,180,95.1,29.4
1,182,93.6,28.3
1,167,80.4,28.8
1,178,96,30.3
1,157,67.8,27.5
1,190,99.9,27.7
1,182,87.3,26.4
1,171,74.1,25.3
1,180,90.6,28
1,191,99.1,27.2
1,186,101.2,29.3
1,179,98.9,30.9
1,171,77.7,26.6
1,170,66.9,23.1
1,177,77.1,24.6
1,166,73,26.5
1,174,84,27.7
1,175,80.3,26.2
1,173,85.7,28.6
1,176,72.2,23.3
1,174,85.3,28.2
1,167,68.5,24.6
1,176,78.2,25.2
1,168,75.5,26.8
1,180,84.5,26.1
1,168,85.1,30.2
1,165,74.3,27.3
1,174,89.3,29.5
1,177,86,27.5
1,169,85.7,30
1,176,80.4,26
1,175,83.5,27.3
1,187,100.4,28.7
1,194,98.8,26.3
1,181,90.3,27.6
1,164,74.6,27.7
1,169,74.1,25.9
1,176,85.1,27.5
1,161,68.2,26.3
1,177,91.9,29.3
1,174,82.4,27.2
1,182,93.7,28.3
1,177,92.5,29.5
1,187,105.1,30.1
1,173,88.5,29.6
1,184,90.8,26.8
1,180,88.6,27.3
1,179,85.3,26.6
1,175,88.3,28.8
1,176,89.5,28.9
1,171,70.9,24.2
1,182,94.2,28.4
1,175,78,25.5
1,181,98.4,30
1,178,86.4,27.3
1,180,93.5,28.9
1,174,91.2,30.1
1,181,93.7,28.6
1,166,72.1,26.2
1,180,94.4,29.1
1,177,85.2,27.2
1,162,76.4,29.1
1,179,89.3,27.9
1,179,93.2,29.1
1,171,74.6,25.5
1,170,75.8,26.2
1,174,76.7,25.3
1,177,83.6,26.7
1,159,76.3,30.2
1,176,83.5,27
1,170,78.1,27
1,191,99.2,27.2
1,178,86,27.1
1,181,89.2,27.2
1,177,82.4,26.3
1,169,79.6,27.9
1,180,94.7,29.2
1,162,73.8,28.1
1,179,86.8,27.1
1,171,87.4,29.9
1,181,96.8,29.5
1,174,85,28.1
1,181,92.3,28.2
1,180,86.2,26.6
1,181,89.5,27.3
1,179,87.7,27.4
1,189,102.8,28.8
1,161,84,32.4
1,174,77.7,25.7
1,171,79.4,27.2
1,180,89,27.5
1,170,88.3,30.6
1,172,83.7,28.3
1,174,81.4,26.9
1,174,87.4,28.9
1,179,89.5,27.9
1,170,74.5,25.8
1,166,75.9,27.5
1,178,84.3,26.6
1,174,88,29.1
1,180,93.4,28.8
1,193,106.8,28.7
1,173,80.3,26.8
1,177,90.3,28.8
1,177,91,29
1,182,97.1,29.3
1,180,91.5,28.2
1,166,65.4,23.7
1,180,91.9,28.4
1,173,83.4,27.9
1,179,90.5,28.2
1,176,79.9,25.8
1,182,88.4,26.7
1,178,92.3,29.1
1,169,75.6,26.5
1,179,94.1,29.4
1,159,69.3,27.4
1,169,66.3,23.2
1,166,71.1,25.8
1,182,95.2,28.7
1,176,83.4,26.9
1,178,91.1,28.8
1,167,74.5,26.7
1,164,70.1,26.1
1,174,85.9,28.4
1,177,80.1,25.6
1,171,78.6,26.9
1,173,84,28.1
1,177,92.4,29.5
1,167,82.6,29.6
1,186,91.5,26.4
1,169,80.7,28.3
1,176,91.9,29.7
1,168,84.5,29.9
1,171,84.1,28.8
1,166,79.8,29
1,185,95.1,27.8
1,174,81.4,26.9
1,168,75,26.6
1,184,89.9,26.6
1,172,83.9,28.4
1,179,90.8,28.3
1,181,90.5,27.6
1,176,91.8,29.6
1,178,91.6,28.9
1,176,89.5,28.9
1,161,71.2,27.5
1,172,83.2,28.1
1,186,92.1,26.6
1,186,88,25.4
1,180,88.7,27.4
1,183,97.5,29.1
1,183,83.5,24.9
1,181,87.9,26.8
1,168,77.2,27.4
1,184,93.3,27.6
1,173,75.4,25.2
1,181,90,27.5
1,167,77,27.6
1,170,72.6,25.1
1,183,93,27.8
1,160,67.1,26.2
1,177,82.1,26.2
1,179,98.8,30.8
1,173,85.9,28.7
1,177,79.9,25.5
1,158,59.1,23.7
1,167,72.3,25.9
1,180,87.1,26.9
1,177,82.6,26.4
1,171,85.4,29.2
1,172,87,29.4
1,169,73.8,25.8
1,177,89.6,28.6
1,165,82.8,30.4
1,188,90.7,25.7
1,173,83.6,27.9
1,170,75.1,26
1,175,80.1,26.2
1,194,103.8,27.6
1,175,81.8,26.7
1,187,102.5,29.3
1,177,86.1,27.5
1,183,91.7,27.4
1,179,81.2,25.3
1,170,75.8,26.2
1,168,78.3,27.7
1,174,81.6,27
1,169,72.6,25.4
1,177,80.9,25.8
1,168,70.1,24.8
1,185,94.7,27.7
1,164,76.9,28.6
1,177,82.4,26.3
1,179,92.5,28.9
1,184,83.7,24.7
1,173,90.6,30.3
1,185,93.7,27.4
1,179,89.2,27.8
1,178,86.2,27.2
1,175,89.3,29.2
1,187,100.8,28.8
1,173,81.7,27.3
1,173,80.9,27
1,182,92,27.8
1,186,100.2,29
1,177,90.1,28.8
1,178,92.4,29.2
1,168,68.1,24.1
1,194,103,27.4
1,180,84.7,26.1
1,169,77.3,27.1
1,168,82.7,29.3
1,179,85,26.5
1,166,72,26.1
1,170,79.7,27.6
1,187,100.1,28.6
1,178,88.8,28
1,177,85.7,27.4
1,170,69.9,24.2
1,175,81.4,26.6
1,174,78.1,25.8
1,179,86.4,27
1,183,94.4,28.2
1,180,87,26.9
1,179,89.5,27.9
1,172,86,29.1
1,174,94.4,31.2
1,176,85.6,27.6
1,172,85,28.7
1,181,98.8,30.2
1,181,91.6,28
1,180,92.8,28.6
1,164,65,24.2
1,171,82.6,28.2
1,184,91.7,27.1
1,178,87.5,27.6
1,164,72.1,26.8
1,189,96.8,27.1
1,166,73.9,26.8
1,185,96.2,28.1
1,167,70.4,25.2
1,175,88.3,28.8
1,186,95,27.5
1,177,90,28.7
1,177,81.5,26
1,182,87.4,26.4
1,170,81.6,28.2
1,172,86.4,29.2
1,176,89,28.7
1,175,82,26.8
1,175,84.7,27.7
1,169,76.1,26.6
1,169,81.4,28.5
1,175,82.3,26.9
1,167,73.2,26.2
1,159,67.9,26.9
1,169,73.1,25.6
1,171,85,29.1
1,177,79.8,25.5
1,189,108.2,30.3
1,181,94.8,28.9
1,180,88.4,27.3
1,172,74.3,25.1
1,170,82.8,28.7
1,169,79.4,27.8
1,170,82,28.4
1,175,78.3,25.6
1,183,94.2,28.1
1,179,88,27.5
1,176,85.2,27.5
1,170,73.1,25.3
1,196,103.7,27
1,173,80,26.7
1,170,84.8,29.3
1,188,99.1,28
1,177,83.7,26.7
1,179,90.4,28.2
1,168,74.7,26.5
1,183,87.7,26.2
1,168,77.6,27.5
1,185,98.7,28.8
1,177,85.3,27.2
1,175,80.8,26.4
1,162,68.9,26.3
1,165,65.9,24.2
1,165,67,24.6
1,175,83.2,27.2
1,178,80.9,25.5
1,159,69.3,27.4
1,170,78.8,27.3
1,171,81.7,27.9
1,183,90.9,27.1
1,177,77.2,24.6
1,166,75.6,27.4
1,188,88.4,25
1,155,69.3,28.8
1,174,93.6,30.9
1,162,74.7,28.5
1,174,82.2,27.2
1,165,83.9,30.8
1,177,95,30.3
1,181,89.5,27.3
1,160,67.4,26.3
1,180,91.3,28.2
1,177,90.4,28.9
1,170,85.5,29.6
1,171,80.9,27.7
1,176,78.7,25.4
1,189,99.1,27.7
1,169,78.6,27.5
1,171,84.5,28.9
1,168,74.9,26.5
1,171,92.1,31.5
1,173,73.3,24.5
1,168,74.6,26.4
1,167,77.5,27.8
1,175,77.3,25.2
1,179,87.3,27.2
1,169,75.5,26.4
1,182,89.1,26.9
1,178,83.3,26.3
1,174,85,28.1
1,175,80.9,26.4
1,187,100.9,28.9
1,175,86.4,28.2
1,186,92.6,26.8
1,174,87.2,28.8
1,165,81.4,29.9
1,168,87.4,31
1,172,77,26
1,182,87.5,26.4
1,176,84.2,27.2
1,171,85.5,29.2
1,177,81.5,26
1,163,73.7,27.7
1,171,83.2,28.5
1,186,100.4,29
1,172,85.7,29
1,174,87,28.7
1,180,97.2,30
1,173,82.7,27.6
1,172,74.4,25.1
1,187,90,25.7
1,175,85,27.8
1,169,79.8,27.9
1,178,85.6,27
1,172,91.1,30.8
1,189,95.2,26.7
1,183,91.6,27.4
1,177,82.9,26.5
1,182,93.5,28.2
1,171,78,26.7
1,174,77.7,25.7
1,198,116,29.6
1,174,81.1,26.8
1,178,84.5,26.7
1,189,100.2,28.1
1,183,91.7,27.4
1,172,87.6,29.6
1,169,71.3,25
1,165,82,30.1
1,176,93.7,30.2
1,172,81.6,27.6
1,173,88,29.4
1,184,92.4,27.3
1,188,96,27.2
1,186,91.2,26.4
1,185,96.3,28.1
1,173,76.2,25.5
1,178,93.9,29.6
1,182,84.3,25.4
1,174,78.4,25.9
1,178,83.8,26.4
1,170,82.7,28.6
1,172,85.4,28.9
1,172,76.5,25.9
1,171,78.7,26.9
1,170,80.8,28
1,168,79,28
1,172,87.1,29.4
1,181,86.7,26.5
1,178,86,27.1
1,187,95.4,27.3
1,169,72.3,25.3
1,173,86.1,28.8
1,173,79.9,26.7
1,167,80.4,28.8
1,170,77.3,26.7
1,168,75.3,26.7
1,186,105.3,30.4
1,176,93.8,30.3
1,182,90.9,27.4
1,162,74.1,28.2
1,183,85.7,25.6
1,183,94.1,28.1
1,173,78.7,26.3
1,175,86.1,28.1
1,171,77.1,26.4
1,162,72.9,27.8
1,182,95.7,28.9
1,179,87.9,27.4
1,185,98.6,28.8
1,173,80.2,26.8
1,177,92.2,29.4
1,160,75.1,29.3
1,182,96,29
1,182,91.4,27.6
1,181,91,27.8
1,178,86,27.1
1,179,93.7,29.2
1,174,78.6,26
1,181,100.3,30.6
1,171,77,26.3
1,186,99.7,28.8
1,180,83,25.6
1,183,89.8,26.8
1,187,98.3,28.1
1,177,92.2,29.4
1,179,84,26.2
1,168,67.3,23.8
1,178,87.2,27.5
1,180,93.7,28.9
1,179,82.5,25.7
1,182,96.5,29.1
1,180,88.9,27.4
1,169,70.4,24.6
1,185,94.1,27.5
1,169,82.5,28.9
1,169,74.4,26
1,169,84.1,29.4
1,176,80.8,26.1
1,174,80.9,26.7
1,167,73.5,26.4
1,178,98.6,31.1
1,175,86.1,28.1
1,180,89.5,27.6
1,170,80.9,28
1,174,80.8,26.7
1,180,83.9,25.9
1,160,69.7,27.2
1,178,100.7,31.8
1,172,79.6,26.9
1,181,90.2,27.5
1,178,85.9,27.1
1,167,75.4,27
1,182,91.9,27.7
1,182,99.9,30.2
1,181,96.8,29.5
1,176,77.7,25.1
1,178,86.9,27.4
1,183,91,27.2
1,182,94.7,28.6
1,176,78.4,25.3
1,181,85.7,26.2
1,170,85.1,29.4
1,193,101.8,27.3
1,173,77.2,25.8
1,176,89.5,28.9
1,181,88.6,27
1,179,90,28.1
1,183,89.1,26.6
1,185,88.6,25.9
1,185,97,28.3
1,182,91.3,27.6
1,190,103.2,28.6
1,171,71.2,24.3
1,179,87.2,27.2
1,166,76.9,27.9
1,177,89.6,28.6
1,182,97.9,29.6
1,175,78.6,25.7
1,165,73.9,27.1
1,178,94.6,29.9
1,180,91.6,28.3
1,185,104.2,30.4
1,183,91.9,27.4
1,188,103,29.1
1,167,75.5,27.1
1,180,84.9,26.2
1,173,82.1,27.4
1,171,79.5,27.2
1,180,89.7,27.7
1,162,75.5,28.8
1,170,75.5,26.1
1,179,84.9,26.5
1,179,84.4,26.3
1,179,93,29
1,176,85.9,27.7
1,189,95.3,26.7
1,170,84.5,29.2
1,187,93.7,26.8
1,175,85.8,28
1,172,76.5,25.9
1,160,65.4,25.5
1,175,85.1,27.8
1,177,87.8,28
1,177,84.1,26.8
1,176,85.4,27.6
1,170,75.4,26.1
1,181,91.8,28
1,172,86.9,29.4
1,169,73.5,25.7
1,170,79.8,27.6
1,177,87.7,28
1,184,87.4,25.8
1,176,84.4,27.2
1,175,89.8,29.3
1,166,76.1,27.6
1,174,90.7,30
1,183,90.7,27.1
1,187,98.5,28.2
1,179,88.1,27.5
1,175,86.4,28.2
1,187,107.4,30.7
1,174,82.2,27.2
1,163,68.8,25.9
1,173,77.4,25.9
1,180,89.5,27.6
1,182,90.8,27.4
1,171,71.9,24.6
1,173,84.6,28.3
1,166,75.6,27.4
1,180,92.9,28.7
1,171,79.2,27.1
1,172,81,27.4
1,174,84.1,27.8
1,184,88.3,26.1
1,166,72.4,26.3
1,167,73.8,26.5
1,176,81.7,26.4
1,173,78,26.1
1,182,87,26.3
1,187,99.6,28.5
1,171,80,27.4
1,183,97.7,29.2
1,174,88.1,29.1
1,166,75.8,27.5
1,168,75.3,26.7
1,178,98.3,31
1,169,77.7,27.2
1,185,92.8,27.1
1,190,95.1,26.3
1,167,85.1,30.5
1,169,73.7,25.8
1,173,83.6,27.9
1,177,86.8,27.7
1,166,70.8,25.7
1,169,82.2,28.8
1,173,91.6,30.6
1,175,77.2,25.2
1,178,87.1,27.5
1,181,81,24.7
1,181,84.3,25.7
1,174,81.9,27.1
1,175,80.7,26.4
1,170,85.1,29.4
1,175,89.6,29.3
1,174,88.5,29.2
1,168,83,29.4
1,164,71.2,26.5
1,173,78.3,26.2
1,164,68.1,25.3
1,178,92.2,29.1
1,169,74.5,26.1
1,183,84.5,25.2
1,164,71.8,26.7
1,189,101.5,28.4
1,181,86.2,26.3
1,166,71.7,26
1,173,77.6,25.9
1,164,70.6,26.2
1,177,86.9,27.7
1,184,103.9,30.7
1,169,74.8,26.2
1,174,80.8,26.7
1,177,90.5,28.9
1,185,95.8,28
1,176,92.1,29.7
1,176,84.1,27.2
1,167,67.7,24.3
1,182,97.2,29.3
1,169,72.7,25.5
1,169,81.9,28.7
1,179,89.4,27.9
1,173,84.5,28.2
1,167,75.1,26.9
1,176,91.3,29.5
1,185,91.3,26.7
1,172,86.5,29.2
1,178,87.6,27.6
1,181,96.8,29.5
1,182,95.2,28.7
1,176,82.2,26.5
1,173,77.4,25.9
1,183,104.1,31.1
1,181,90.6,27.7
1,184,91.4,27
1,153,60.8,26
1,179,86,26.8
1,182,87.6,26.4
1,179,84.1,26.2
1,186,93.8,27.1
1,158,79.4,31.8
1,175,80.1,26.2
1,182,95,28.7
1,179,93.3,29.1
1,165,70.2,25.8
1,173,89.1,29.8
1,175,79.9,26.1
1,180,90.2,27.8
1,164,68.1,25.3
1,180,81.3,25.1
1,175,84.8,27.7
1,166,64.7,23.5
1,166,74.2,26.9
1,178,84.1,26.5
1,170,76.6,26.5
1,171,75,25.6
1,174,74.6,24.6
1,172,84.4,28.5
1,169,75.1,26.3
1,178,88,27.8
1,175,87.8,28.7
1,180,92.7,28.6
1,190,100.3,27.8
1,169,78.6,27.5
1,168,77.7,27.5
1,170,77.1,26.7
1,183,92.8,27.7
1,173,86.4,28.9
1,176,81,26.1
1,179,86.1,26.9
1,184,90.5,26.7
1,176,84.3,27.2
1,170,75,26
1,179,80.5,25.1
1,184,85.8,25.3
1,179,93.6,29.2
1,171,90.6,31
1,187,102.6,29.3
1,171,79.1,27.1
1,188,97.7,27.6
1,175,79.6,26
1,162,76.2,29
1,173,84.2,28.1
1,172,81.6,27.6
1,177,86,27.5
1,174,82.7,27.3
1,175,82.3,26.9
1,177,88.3,28.2
1,167,79.1,28.4
1,168,82.1,29.1
1,159,74,29.3
1,171,80.6,27.6
1,178,82.3,26
1,172,80.7,27.3
1,177,86.7,27.7
1,177,80.4,25.7
1,171,72.5,24.8
1,173,85.3,28.5
1,179,94.7,29.6
1,180,87.1,26.9
1,181,99.9,30.5
1,174,84.6,27.9
1,176,89.4,28.9
1,164,63.6,23.6
1,175,81.7,26.7
1,173,79.8,26.7
1,167,76.1,27.3
1,172,69.4,23.5
1,171,73.9,25.3
1,168,74.2,26.3
1,172,86.4,29.2
1,168,86.9,30.8
1,172,79.5,26.9
1,175,83.5,27.3
1,199,103.1,26
1,179,90,28.1
1,179,87.9,27.4
1,172,80.2,27.1
1,180,84.1,26
1,172,87.4,29.5
1,190,94,26
1,174,81.3,26.9
1,192,102.7,27.9
1,180,84.5,26.1
1,180,92,28.4
1,194,105.9,28.1
1,177,87.1,27.8
1,177,88.4,28.2
1,177,89,28.4
1,167,71.5,25.6
1,172,83.9,28.4
1,174,81.4,26.9
1,165,71.9,26.4
1,174,82.8,27.3
1,185,93.9,27.4
1,168,73.3,26
1,156,68.2,28
1,173,72.6,24.3
1,191,101.4,27.8
1,169,82.8,29
1,169,81.3,28.5
1,172,81.2,27.4
1,182,95.6,28.9
1,175,90.9,29.7
1,173,84,28.1
1,188,97.5,27.6
1,175,88.1,28.8
1,187,94,26.9
1,170,76.7,26.5
1,176,88.5,28.6
1,170,83.2,28.8
1,183,90.8,27.1
1,172,79.6,26.9
1,162,69.8,26.6
1,168,78.2,27.7
1,187,94.7,27.1
1,164,73,27.1
1,170,85.7,29.7
1,180,88,27.2
1,171,76.5,26.2
1,170,79.4,27.5
1,164,79.9,29.7
1,171,76.5,26.2
1,173,88.2,29.5
1,187,103.2,29.5
1,168,80.1,28.4
1,172,80.4,27.2
1,167,80.8,29
1,182,95.9,29
1,166,70.6,25.6
1,173,87.1,29.1
1,191,97.2,26.6
1,161,74,28.5
1,165,71.1,26.1
1,172,74.8,25.3
1,184,91.6,27.1
1,176,89.7,29
1,165,80.2,29.5
1,170,85.3,29.5
1,170,82.6,28.6
1,173,79.7,26.6
1,179,79.9,24.9
1,179,93.6,29.2
1,177,89.7,28.6
1,174,80.3,26.5
1,171,79,27
1,173,79.7,26.6
1,172,81.8,27.7
1,189,100.1,28
1,175,82.5,26.9
1,174,85.1,28.1
1,175,85.4,27.9
1,165,74.7,27.4
1,186,98,28.3
1,182,95.7,28.9
1,178,86.6,27.3
1,180,89.9,27.7
1,176,85.1,27.5
1,163,71.5,26.9
1,179,92.7,28.9
1,161,64,24.7
1,181,94,28.7
1,177,98.9,31.6
1,170,76.9,26.6
1,181,86.7,26.5
1,187,90.5,25.9
1,173,91.4,30.5
1,187,97.6,27.9
1,178,78,24.6
1,165,73.3,26.9
1,183,95.1,28.4
1,171,74.2,25.4
1,172,80.5,27.2
1,177,90.6,28.9
1,168,81.5,28.9
1,174,80.7,26.7
1,179,82.4,25.7
1,169,73.9,25.9
1,174,80.1,26.5
1,184,101.9,30.1
1,171,87.9,30.1
1,172,74.4,25.1
1,174,86,28.4
1,174,84.4,27.9
1,179,89.2,27.8
1,175,88.6,28.9
1,176,90.2,29.1
1,184,91,26.9
1,172,80.9,27.3
1,176,91.7,29.6
1,178,83.7,26.4
1,176,87.8,28.3
1,190,104.4,28.9
1,172,78.4,26.5
1,170,77.7,26.9
1,185,92,26.9
1,174,92.7,30.6
1,170,76.3,26.4
1,188,89.6,25.4
1,154,62.5,26.4
1,177,90.9,29
1,172,88.1,29.8
1,177,88.2,28.2
1,178,94.4,29.8
1,164,75.5,28.1
1,165,84,30.9
1,177,89.4,28.5
1,173,88,29.4
1,179,92.2,28.8
1,188,94.2,26.7
1,182,89.7,27.1
1,171,83,28.4
1,172,79.1,26.7
1,158,67.8,27.2
1,183,97.6,29.1
1,174,81.6,27
1,177,92.2,29.4
1,181,82.9,25.3
1,183,98.1,29.3
1,184,96.9,28.6
1,164,73.5,27.3
1,180,96.3,29.7
1,180,89.7,27.7
1,169,78,27.3
1,180,92.2,28.5
1,170,74.7,25.8
1,178,87.4,27.6
1,182,94.7,28.6
1,178,89.9,28.4
1,172,76.2,25.8
1,183,95,28.4
1,175,79.8,26.1
1,177,89,28.4
1,176,88.4,28.5
1,174,81.1,26.8
1,174,87.6,28.9
1,188,98.8,28
1,184,98.4,29.1
1,174,86.2,28.5
1,174,82.2,27.2
1,165,78.7,28.9
1,192,98.5,26.7
1,179,90.3,28.2
1,186,99.9,28.9
1,186,94.9,27.4
1,166,78.3,28.4
1,190,101.9,28.2
1,175,94.2,30.8
1,177,86.7,27.7
1,170,79.8,27.6
1,188,96.8,27.4
1,179,82.5,25.7
1,185,95.6,27.9
1,177,86,27.5
1,177,92.6,29.6
1,169,83.7,29.3
1,175,90.7,29.6
1,172,77.5,26.2
1,183,96,28.7
1,192,98.9,26.8
1,162,72.6,27.7
1,176,83.9,27.1
1,180,88,27.2
1,192,113.2,30.7
1,181,86.8,26.5
1,178,89.5,28.2
1,172,82.8,28
1,173,84.2,28.1
1,180,90.1,27.8
1,167,78.3,28.1
1,188,98.8,28
1,182,89.5,27
1,158,67.1,26.9
1,165,71.7,26.3
1,159,63.6,25.2
1,175,86.7,28.3
1,177,92.6,29.6
1,172,77.7,26.3
1,186,91.8,26.5
1,177,89.8,28.7
1,180,101.9,31.5
1,172,85.5,28.9
1,180,87.1,26.9
1,179,94.3,29.4
1,180,88.8,27.4
1,176,86.4,27.9
1,165,69.2,25.4
1,184,94,27.8
1,175,80.7,26.4
1,169,78.7,27.6
1,193,104.8,28.1
1,184,90.2,26.6
1,170,81.9,28.3
1,162,73,27.8
1,174,85.6,28.3
1,177,91,29
1,185,92.2,26.9
1,187,94.4,27
1,167,73.7,26.4
1,169,72.6,25.4
1,174,91.2,30.1
1,187,96.1,27.5
1,160,67.4,26.3
1,173,86.8,29
1,190,94,26
1,164,78.2,29.1
1,181,83.3,25.4
1,171,81.9,28
1,171,77.3,26.4
1,180,91.4,28.2
1,174,87.1,28.8
1,181,96.1,29.3
1,171,84.3,28.8
1,180,80.3,24.8
1,176,91.2,29.4
1,187,92.2,26.4
1,182,91,27.5
1,178,82.7,26.1
1,190,95,26.3
1,172,76.6,25.9
1,182,85.6,25.8
1,183,88.6,26.5
1,173,78.9,26.4
1,169,74,25.9
1,178,82.2,25.9
1,194,108.7,28.9
1,168,75.3,26.7
1,167,69.4,24.9
1,182,90.9,27.4
1,176,89.6,28.9
1,186,98.6,28.5
1,175,88.3,28.8
1,183,92.3,27.6
1,183,92.7,27.7
1,154,58.2,24.5
1,175,82.3,26.9
1,174,85.7,28.3
1,180,90.1,27.8
1,183,90.2,26.9
1,178,85,26.8
1,183,92.9,27.7
1,180,88,27.2
1,184,93.4,27.6
1,168,79,28
1,173,83.2,27.8
1,184,99.1,29.3
1,171,79.5,27.2
1,180,93.6,28.9
1,182,85.9,25.9
1,182,97.2,29.3
1,168,79.6,28.2
1,179,90.9,28.4
1,180,98.1,30.3
1,169,72.3,25.3
1,166,76.1,27.6
1,177,82.8,26.4
1,183,96.5,28.8
1,170,76.8,26.6
1,176,79.8,25.8
1,166,79.4,28.8
1,185,82.2,24
1,185,85.7,25
1,169,81,28.4
1,159,65.6,25.9
1,172,74.5,25.2
1,174,79.1,26.1
1,172,76.9,26
1,195,116.1,30.5
1,187,101,28.9
1,172,76.1,25.7
1,177,91.2,29.1
1,167,77.5,27.8
1,175,78.5,25.6
1,180,85,26.2
1,176,83.9,27.1
1,190,96.6,26.8
1,179,91.6,28.6
1,173,76.1,25.4
1,181,95.6,29.2
1,178,93.6,29.5
1,166,71,25.8
1,172,76.9,26
1,188,103.6,29.3
1,175,78.1,25.5
1,176,87.3,28.2
1,175,79,25.8
1,172,81.4,27.5
1,182,87.5,26.4
1,179,88.7,27.7
1,174,85.2,28.1
1,182,92.8,28
1,176,96.2,31.1
1,189,95.2,26.7
1,184,89.2,26.3
1,186,94.4,27.3
1,173,80,26.7
1,171,85.9,29.4
1,180,88.1,27.2
1,171,80.2,27.4
1,181,95.1,29
1,167,71.9,25.8
1,164,77.7,28.9
1,171,81.8,28
1,181,95.9,29.3
1,173,86.2,28.8
1,171,80.9,27.7
1,167,74,26.5
1,172,70.4,23.8
1,158,59.3,23.8
1,171,84.7,29
1,177,88,28.1
1,178,92.9,29.3
1,175,90.4,29.5
1,180,87.2,26.9
1,182,94.3,28.5
1,169,73.4,25.7
1,175,86.6,28.3
1,173,77.6,25.9
1,179,85.4,26.7
1,181,91,27.8
1,178,85.5,27
1,169,75.1,26.3
1,179,81.1,25.3
1,175,79.3,25.9
1,177,85,27.1
1,176,91.4,29.5
1,182,93.6,28.3
1,174,91.1,30.1
1,178,102.1,32.2
1,180,90.4,27.9
1,170,77.5,26.8
1,172,79.3,26.8
1,180,97.4,30.1
1,170,79.5,27.5
1,174,84.9,28
1,168,74.2,26.3
1,167,71.2,25.5
1,164,72.1,26.8
1,167,70.3,25.2
1,178,80.6,25.4
1,176,89.1,28.8
1,179,88.1,27.5
1,187,95.1,27.2
1,184,88.4,26.1
1,187,92.5,26.5
1,187,96.2,27.5
1,160,70.3,27.5
1,184,95.1,28.1
1,181,79.2,24.2
1,183,93.4,27.9
1,169,85.9,30.1
1,161,65.7,25.3
1,180,84.8,26.2
1,192,105.3,28.6
1,173,83.1,27.8
1,178,87,27.5
1,182,88.3,26.7
1,182,92.7,28
1,190,94.3,26.1
1,170,79.1,27.4
1,173,84.1,28.1
1,173,76.3,25.5
1,183,92.5,27.6
1,169,74.5,26.1
1,165,82,30.1
1,173,79.2,26.5
1,179,90.1,28.1
1,175,75.7,24.7
1,185,92.1,26.9
1,179,86.4,27
1,176,78.2,25.2
1,168,82.1,29.1
1,155,61.2,25.5
1,168,76.9,27.2
1,176,90,29.1
1,180,87.2,26.9
1,165,73.1,26.9
1,170,77.1,26.7
1,181,86.9,26.5
1,172,78.6,26.6
1,174,82.6,27.3
1,171,85.7,29.3
1,173,80.1,26.8
1,180,98.7,30.5
1,167,76.2,27.3
1,174,80.5,26.6
1,184,92.7,27.4
1,177,98.5,31.4
1,169,77.2,27
1,172,78.9,26.7
1,181,85.3,26
1,167,78.4,28.1
1,174,84.6,27.9
1,177,93.1,29.7
1,183,93.3,27.9
1,172,82,27.7
1,177,86.1,27.5
1,170,79.5,27.5
1,182,89.2,26.9
1,175,83.3,27.2
1,174,92.1,30.4
1,173,86.4,28.9
1,171,75.5,25.8
1,173,87,29.1
1,180,87.8,27.1
1,180,88.4,27.3
1,180,96.5,29.8
1,189,113.4,31.7
1,165,76.4,28.1
1,171,78.9,27
1,180,87.8,27.1
1,182,93.9,28.3
1,180,93.4,28.8
1,179,90.4,28.2
1,174,81,26.8
1,179,86,26.8
1,182,90.8,27.4
1,172,75.2,25.4
1,160,68.7,26.8
1,170,79.4,27.5
1,168,79.2,28.1
1,165,75.4,27.7
1,174,88,29.1
1,178,86.1,27.2
1,164,67.5,25.1
1,184,101.3,29.9
1,178,86.7,27.4
1,176,78.2,25.2
1,177,86.9,27.7
1,177,87.1,27.8
1,176,80.6,26
1,164,73.8,27.4
1,171,80.7,27.6
1,187,97.4,27.9
1,180,92.7,28.6
1,190,102.3,28.3
1,173,86.3,28.8
1,177,94.3,30.1
1,171,80.4,27.5
1,172,87.4,29.5
1,180,99,30.6
1,181,87.1,26.6
1,189,99.7,27.9
1,177,83.3,26.6
1,179,83.3,26
1,173,83.3,27.8
1,183,97.9,29.2
1,173,80.5,26.9
1,174,79.8,26.4
1,175,90.9,29.7
1,173,82.5,27.6
1,187,97.8,28
1,171,77.6,26.5
1,188,97.1,27.5
1,169,77.1,27
1,183,90.1,26.9
1,181,93.3,28.5
1,179,89.8,28
1,167,74.8,26.8
1,182,91.7,27.7
1,180,91.6,28.3
1,177,85.6,27.3
1,179,90.1,28.1
1,180,78.9,24.4
1,169,83.2,29.1
1,168,83.4,29.5
1,174,77.5,25.6
1,174,83.8,27.7
1,173,76.8,25.7
1,169,89.7,31.4
1,163,67.8,25.5
1,175,79.1,25.8
1,184,90.8,26.8
1,180,88.1,27.2
1,184,93.8,27.7
1,179,89.6,28
1,184,98.3,29
1,183,99.9,29.8
1,178,79.8,25.2
1,176,86,27.8
1,163,69.9,26.3
1,177,85.5,27.3
1,164,78.2,29.1
1,181,95.4,29.1
1,175,79.5,26
1,171,71.6,24.5
1,176,91.8,29.6
1,169,79.9,28
1,173,80.9,27
1,173,79,26.4
1,168,75.6,26.8
1,180,89,27.5
1,173,87.5,29.2
1,180,90.7,28
1,183,98,29.3
1,181,95.2,29.1
1,165,74.5,27.4
1,169,78.6,27.5
1,183,92,27.5
1,174,81.6,27
1,178,82.4,26
1,186,91.3,26.4
1,174,78.3,25.9
1,177,83.6,26.7
1,166,76,27.6
1,175,79.8,26.1
1,168,71.8,25.4
1,184,90.5,26.7
1,173,79.1,26.4
1,182,96,29
1,180,89.3,27.6
1,185,100.2,29.3
1,181,94.2,28.8
1,178,100,31.6
1,182,95.3,28.8
1,193,102.7,27.6
1,181,90.4,27.6
1,170,72.8,25.2
1,181,92.1,28.1
1,179,88.7,27.7
1,174,83.3,27.5
1,162,67.1,25.6
1,175,83.8,27.4
1,170,84.9,29.4
1,168,74.3,26.3
1,178,91.1,28.8
1,167,77.2,27.7
1,171,84.5,28.9
1,181,92.1,28.1
1,176,92.1,29.7
1,175,89,29.1
1,177,81.9,26.1
1,176,85.6,27.6
1,174,85.2,28.1
1,165,72.1,26.5
1,170,77.6,26.9
1,175,84.3,27.5
1,163,71.6,26.9
1,170,68.6,23.7
1,177,88.6,28.3
1,181,85.6,26.1
1,186,99.2,28.7
1,189,93.4,26.1
1,178,86.1,27.2
1,182,96.3,29.1
1,175,77.9,25.4
1,172,81.3,27.5
1,182,96.2,29
1,175,89.7,29.3
1,169,79.3,27.8
1,186,88.7,25.6
1,187,93.5,26.7
1,182,90.3,27.3
1,194,111.7,29.7
1,180,96.7,29.8
1,184,104.4,30.8
1,183,96.5,28.8
1,173,87.3,29.2
1,172,78.1,26.4
1,157,61.5,25
1,174,88.5,29.2
1,182,97.5,29.4
1,182,93.9,28.3
1,182,89.9,27.1
1,183,94.3,28.2
1,179,83.1,25.9
1,173,84.2,28.1
1,170,74.9,25.9
1,171,72.6,24.8
1,177,85.3,27.2
1,171,79.1,27.1
1,167,76.3,27.4
1,157,61.6,25
1,187,99.8,28.5
1,163,77,29
1,176,87.7,28.3
1,179,88.6,27.7
1,160,71.4,27.9
1,172,77.2,26.1
1,197,105.5,27.2
1,177,80.6,25.7
1,181,84,25.6
1,173,83.9,28
1,175,83.5,27.3
1,190,102.2,28.3
1,167,67.2,24.1
1,171,73.9,25.3
1,167,79.6,28.5
1,172,78,26.4
1,177,82.5,26.3
1,181,87.5,26.7
1,181,88.9,27.1
1,166,74.4,27
1,182,92.4,27.9
1,170,81,28
1,162,63.7,24.3
1,181,88,26.9
1,173,82.7,27.6
1,175,81.2,26.5
1,152,51.2,22.2
1,174,85.6,28.3
1,173,77.7,26
1,191,100.4,27.5
1,174,90.4,29.9
1,165,72.2,26.5
1,180,94.9,29.3
1,189,103.6,29
1,158,70,28
1,170,74.6,25.8
1,178,88.8,28
1,181,83.3,25.4
1,193,109.2,29.3
1,181,93.1,28.4
1,176,89.5,28.9
1,173,80.3,26.8
1,176,78.2,25.2
1,187,99.2,28.4
1,168,75.8,26.9
1,183,95.9,28.6
1,171,78,26.7
1,175,82.7,27
1,180,88.3,27.3
1,178,87.2,27.5
1,172,77.9,26.3
1,176,86.6,28
1,176,93.3,30.1
1,173,80.6,26.9
1,169,69.5,24.3
1,172,79.3,26.8
1,172,90,30.4
1,170,85.9,29.7
1,180,90.6,28
1,184,92.2,27.2
1,172,81.8,27.7
1,177,89.4,28.5
1,173,85.4,28.5
1,160,72.9,28.5
1,179,84.9,26.5
1,189,103.9,29.1
1,169,75.8,26.5
1,179,82.9,25.9
1,172,82.8,28
1,174,83.1,27.4
1,192,103.4,28
1,166,74.6,27.1
1,181,97.5,29.8
1,183,92.5,27.6
1,171,75.5,25.8
1,162,69.2,26.4
1,183,95.3,28.5
1,166,78.6,28.5
1,163,68.6,25.8
1,169,82.9,29
1,184,98.2,29
1,170,89.7,31
1,177,87.3,27.9
1,165,79.3,29.1
1,176,85.8,27.7
1,171,85.3,29.2
1,178,87.5,27.6
1,171,84.8,29
1,176,88.7,28.6
1,180,83.9,25.9
1,165,68.3,25.1
1,174,85.5,28.2
1,169,87.8,30.7
1,181,91.9,28.1
1,179,84.6,26.4
1,172,85.5,28.9
1,175,89.6,29.3
1,185,99.7,29.1
1,201,122.5,30.3
1,171,80,27.4
1,170,75.4,26.1
1,170,72.6,25.1
1,188,103.4,29.3
1,166,70.2,25.5
1,172,75.8,25.6
1,172,77.2,26.1
1,176,80.6,26
1,176,80.9,26.1
1,165,68.5,25.2
1,173,79.6,26.6
1,184,88.5,26.1
1,178,92.1,29.1
1,173,69.2,23.1
1,170,85.5,29.6
1,186,96.8,28
1,179,88.4,27.6
1,176,80.6,26
1,188,98.7,27.9
1,176,90.2,29.1
1,176,83.1,26.8
1,182,99,29.9
1,184,94.1,27.8
1,172,79,26.7
1,172,82.6,27.9
1,180,97.3,30
1,174,76.9,25.4
1,175,86.9,28.4
1,181,91.1,27.8
1,171,79.3,27.1
1,170,76.8,26.6
1,168,77.8,27.6
1,170,76.4,26.4
1,174,81.2,26.8
1,163,71.8,27
1,169,76.9,26.9
1,167,76.1,27.3
1,176,85.7,27.7
1,187,96.6,27.6
1,166,66.8,24.2
1,179,97.2,30.3
1,177,88.9,28.4
1,180,90.5,27.9
1,173,83.3,27.8
1,183,96.1,28.7
1,181,79.6,24.3
1,170,82.3,28.5
1,173,77,25.7
1,173,88.4,29.5
1,170,84.8,29.3
1,179,93.8,29.3
1,187,99.5,28.5
1,167,70.3,25.2
1,179,81.9,25.6
1,173,85,28.4
1,197,114.6,29.5
1,184,95,28.1
1,166,80.9,29.4
1,167,76.3,27.4
1,192,109.4,29.7
1,177,88.5,28.2
1,177,93.1,29.7
1,175,80.6,26.3
1,175,94.6,30.9
1,174,83.6,27.6
1,179,84,26.2
1,172,76.8,26
1,182,88.1,26.6
1,172,75.4,25.5
1,179,85.8,26.8
1,180,89.8,27.7
1,176,86.5,27.9
1,188,95.8,27.1
1,176,87.4,28.2
1,184,93,27.5
1,176,81.8,26.4
1,163,73.2,27.6
1,159,73.7,29.2
1,168,71.1,25.2
1,163,61.3,23.1
1,183,95.5,28.5
1,178,92,29
1,167,76.4,27.4
1,191,103.2,28.3
1,187,101.2,28.9
1,169,79.3,27.8
1,171,87.7,30
1,173,85.3,28.5
1,163,69.3,26.1
1,178,85.8,27.1
1,177,78.9,25.2
1,182,92.8,28
1,173,82.6,27.6
1,189,95.6,26.8
1,184,94.4,27.9
1,185,91.5,26.7
1,183,94.7,28.3
1,176,86.2,27.8
1,171,80.5,27.5
1,171,81.2,27.8
1,178,75.9,24
1,163,79.7,30
1,177,88.8,28.3
1,163,70.3,26.5
1,169,84.1,29.4
1,184,91.5,27
1,177,96,30.6
1,172,75.4,25.5
1,174,85.7,28.3
1,183,90.9,27.1
1,178,87.5,27.6
1,181,93.2,28.4
1,181,91.6,28
1,176,89,28.7
1,178,87.4,27.6
1,171,79.4,27.2
1,180,91.2,28.1
1,169,75.5,26.4
1,171,80.4,27.5
1,173,78.1,26.1
1,173,81.1,27.1
1,172,83.3,28.2
1,169,76.6,26.8
1,194,104.3,27.7
1,175,85.1,27.8
1,184,89.2,26.3
1,173,92.2,30.8
1,169,82.5,28.9
1,180,84.3,26
1,182,86.4,26.1
1,182,94.3,28.5
1,171,82.2,28.1
1,177,91,29
1,180,85.6,26.4
1,172,67.8,22.9
1,181,93.2,28.4
1,177,97.3,31.1
1,186,98.3,28.4
1,187,101.3,29
1,176,84.9,27.4
1,182,100.6,30.4
1,172,76.6,25.9
1,172,81.3,27.5
1,174,82.6,27.3
1,181,94.5,28.8
1,173,94.2,31.5
1,171,78.6,26.9
1,178,96.2,30.4
1,174,85.2,28.1
1,169,72,25.2
1,174,84.3,27.8
1,188,91,25.7
1,186,101.1,29.2
1,184,94.6,27.9
1,172,87.8,29.7
1,178,92.6,29.2
1,166,74,26.9
1,173,89.4,29.9
1,176,93.8,30.3
1,178,89.7,28.3
1,175,79.1,25.8
1,176,79.8,25.8
1,170,80.1,27.7
1,176,88.4,28.5
1,181,95.1,29
1,179,85.2,26.6
1,183,99.5,29.7
1,176,79.9,25.8
1,169,74.4,26
1,173,80.3,26.8
1,161,70.8,27.3
1,171,80.3,27.5
1,179,86.8,27.1
1,174,83.6,27.6
1,171,77.1,26.4
1,177,79,25.2
1,152,64.2,27.8
1,173,72.6,24.3
1,172,87.9,29.7
1,177,98.3,31.4
1,171,86,29.4
1,171,82.4,28.2
1,181,93.4,28.5
1,174,84.7,28
1,161,69,26.6
1,183,90,26.9
1,178,84.3,26.6
1,164,75.6,28.1
1,182,87.4,26.4
1,177,91.2,29.1
1,178,85.6,27
1,184,85.1,25.1
1,182,92.7,28
1,170,86.4,29.9
1,173,89.3,29.8
1,170,79.6,27.5
1,167,80.8,29
1,176,81.2,26.2
1,181,92.2,28.1
1,173,79.1,26.4
1,176,93.8,30.3
1,173,82.2,27.5
1,161,75.2,29
1,171,79.9,27.3
1,167,72.8,26.1
1,183,92.2,27.5
1,165,75.1,27.6
1,182,92.4,27.9
1,167,78.5,28.1
1,185,98,28.6
1,178,84.3,26.6
1,167,73.7,26.4
1,171,81.1,27.7
1,165,75.6,27.8
1,177,78.9,25.2
1,172,82.6,27.9
1,183,96.6,28.8
1,169,79.3,27.8
1,173,84.6,28.3
1,165,75,27.5
1,186,93.8,27.1
1,169,78.4,27.5
1,170,83,28.7
1,177,83.6,26.7
1,176,83.2,26.9
1,166,79.2,28.7
1,164,68.3,25.4
1,175,83.4,27.2
1,160,69.9,27.3
1,173,84.5,28.2
1,172,81.7,27.6
1,166,70.9,25.7
1,177,77,24.6
1,190,107.2,29.7
1,172,77,26
1,179,85.6,26.7
1,164,72.3,26.9
1,189,96.5,27
1,165,75.2,27.6
1,181,85.8,26.2
1,182,83.9,25.3
1,170,86.4,29.9
1,176,82.5,26.6
1,174,82.2,27.2
1,184,100.3,29.6
1,173,84.7,28.3
1,181,86.8,26.5
1,174,83.3,27.5
1,179,96.6,30.1
1,175,83.3,27.2
1,173,84.5,28.2
1,181,90.9,27.7
1,179,90.3,28.2
1,158,66.1,26.5
1,176,81.1,26.2
1,163,71.7,27
1,177,87.4,27.9
1,187,97.9,28
1,186,94.9,27.4
1,168,79,28
1,183,90,26.9
1,174,85,28.1
1,169,75.6,26.5
1,179,87.4,27.3
1,179,86.6,27
1,187,95.2,27.2
1,163,79.4,29.9
1,172,82.6,27.9
1,182,91.7,27.7
1,175,87.4,28.5
1,173,79.9,26.7
1,162,73,27.8
1,170,86.7,30
1,175,85.1,27.8
1,172,71.8,24.3
1,161,65,25.1
1,171,84.7,29
1,163,75.6,28.5
1,188,98.8,28
1,181,90.2,27.5
1,179,93.6,29.2
1,177,85,27.1
1,158,63.1,25.3
1,181,94.9,29
1,180,90.5,27.9
1,162,71,27.1
1,169,81.3,28.5
1,170,77,26.6
1,185,86.3,25.2
1,161,64,24.7
1,181,83.9,25.6
1,164,71.4,26.5
1,169,80.4,28.2
1,171,76.6,26.2
1,181,93.1,28.4
1,169,77.6,27.2
1,182,91.7,27.7
1,173,83.6,27.9
1,172,82,27.7
1,173,73.5,24.6
1,165,74.9,27.5
1,174,85,28.1
1,173,81.1,27.1
1,195,103.1,27.1
1,167,74,26.5
1,179,84,26.2
1,174,84.4,27.9
1,177,85.2,27.2
1,182,87.5,26.4
1,156,69.6,28.6
1,178,89.5,28.2
1,193,104.9,28.2
1,167,66.2,23.7
1,171,90.2,30.8
1,179,92.3,28.8
1,169,73.5,25.7
1,172,87,29.4
1,192,106.7,28.9
1,156,61.5,25.3
1,151,61.9,27.1
1,169,84.4,29.6
1,181,89.8,27.4
1,177,87.3,27.9
1,171,82.8,28.3
1,187,102.2,29.2
1,179,85.1,26.6
1,165,62.9,23.1
1,174,80,26.4
1,165,71.5,26.3
1,181,87.2,26.6
1,160,69.6,27.2
1,167,69.4,24.9
1,185,91.9,26.9
1,168,77.5,27.5
1,179,93.5,29.2
1,165,60.6,22.3
1,167,79.2,28.4
1,164,69.5,25.8
1,170,78.8,27.3
1,178,89,28.1
1,165,67.6,24.8
1,171,82.4,28.2
1,183,86.6,25.9
1,174,87.2,28.8
1,180,91.6,28.3
1,164,72.9,27.1
1,175,79.1,25.8
1,170,78.8,27.3
1,171,80.7,27.6
1,177,90.7,29
1,175,82,26.8
1,178,85.9,27.1
1,158,67.8,27.2
1,179,83.9,26.2
1,162,63.2,24.1
1,187,90.7,25.9
1,182,90.3,27.3
1,178,82.9,26.2
1,169,70.7,24.8
1,180,89.7,27.7
1,173,87.6,29.3
1,175,80.9,26.4
1,181,87.9,26.8
1,175,80.9,26.4
1,181,83.7,25.5
1,189,94.9,26.6
1,176,81.2,26.2
1,181,93.5,28.5
1,182,93.4,28.2
1,182,90.9,27.4
1,179,88.1,27.5
1,169,75.3,26.4
1,189,91.6,25.6
1,183,93.5,27.9
1,186,94,27.2
1,177,82.2,26.2
1,185,100.6,29.4
1,167,72.7,26.1
1,173,79.4,26.5
1,178,87.5,27.6
1,180,96.9,29.9
1,168,81.5,28.9
1,169,70.1,24.5
1,189,98.2,27.5
1,162,73.6,28
1,178,84.8,26.8
1,193,103.1,27.7
1,174,84.1,27.8
1,180,94.1,29
1,173,83.9,28
1,184,97.8,28.9
1,171,71.9,24.6
1,176,88.2,28.5
1,174,83,27.4
1,174,89,29.4
1,175,81.8,26.7
1,179,84.1,26.2
1,165,77.4,28.4
1,185,93.1,27.2
1,175,82.8,27
1,175,90.7,29.6
1,191,100.4,27.5
1,160,54.1,21.1
1,164,77,28.6
1,176,82.5,26.6
1,170,80.9,28
1,164,80.2,29.8
1,178,87.9,27.7
1,171,70.2,24
1,172,76,25.7
1,178,90.1,28.4
1,171,90.3,30.9
1,172,79.5,26.9
1,181,89,27.2
1,180,86.7,26.8
1,170,78.6,27.2
1,169,78.4,27.5
1,187,95.4,27.3
1,176,83.4,26.9
1,175,78.9,25.8
1,182,94,28.4
1,186,94.2,27.2
1,177,85,27.1
1,171,86.3,29.5
1,175,90.1,29.4
1,185,100.2,29.3
1,180,91.7,28.3
1,175,82.3,26.9
1,179,91,28.4
1,175,86.6,28.3
1,169,73.9,25.9
1,175,80.3,26.2
1,174,81.8,27
1,189,105.3,29.5
1,175,90.2,29.5
1,186,94.4,27.3
1,178,84.2,26.6
1,189,95.3,26.7
1,172,89.3,30.2
1,169,73.8,25.8
1,175,92.7,30.3
1,173,78.2,26.1
1,175,94.9,31
1,180,91.4,28.2
1,180,91.4,28.2
1,176,76.1,24.6
1,174,86.6,28.6
1,173,81.3,27.2
1,183,92.3,27.6
1,180,89,27.5
1,175,85.3,27.9
1,175,76.4,24.9
1,170,77.4,26.8
1,157,65.7,26.7
1,161,62.7,24.2
1,165,67.5,24.8
1,185,92.6,27.1
1,178,93.2,29.4
1,168,76.7,27.2
1,169,79.2,27.7
1,158,65.6,26.3
1,177,88.2,28.2
1,186,104.6,30.2
1,179,87.8,27.4
1,184,90.4,26.7
1,176,80.9,26.1
1,168,76,26.9
1,164,68,25.3
1,174,74.8,24.7
1,175,87.3,28.5
1,165,79.1,29.1
1,182,94,28.4
1,186,88.9,25.7
1,166,69.9,25.4
1,177,82.3,26.3
1,183,92.3,27.6
1,178,88.2,27.8
1,176,89.5,28.9
1,174,87.4,28.9
1,188,96.3,27.2
1,171,85.7,29.3
1,185,98.5,28.8
1,175,83.7,27.3
1,175,88.8,29
1,174,77,25.4
1,155,55.6,23.1
1,177,75.2,24
1,181,90.1,27.5
1,182,82.6,24.9
1,173,77.3,25.8
1,165,71.3,26.2
1,169,80.1,28
1,171,74.9,25.6
1,159,74.4,29.4
1,178,80.1,25.3
1,176,80.5,26
1,167,66.4,23.8
1,175,85.4,27.9
1,165,73.6,27
1,180,92,28.4
1,162,66.3,25.3
1,168,77.2,27.4
1,164,74.8,27.8
1,183,85.5,25.5
1,186,92.4,26.7
1,168,72.7,25.8
1,180,87.1,26.9
1,166,80.3,29.1
1,168,73.3,26
1,168,83.2,29.5
1,171,71.7,24.5
1,168,73.7,26.1
1,153,57.4,24.5
1,174,77.6,25.6
1,170,82.3,28.5
1,171,84,28.7
1,169,74.8,26.2
1,171,78.7,26.9
1,176,82.9,26.8
1,176,88.1,28.4
1,182,94.5,28.5
1,179,89.2,27.8
1,174,89.7,29.6
1,172,86.9,29.4
1,179,78.9,24.6
1,190,97.6,27
1,170,84.9,29.4
1,172,88.2,29.8
1,175,87.7,28.6
1,176,85.2,27.5
1,166,80.9,29.4
1,182,79.1,23.9
1,171,80.1,27.4
1,184,96.8,28.6
1,183,87.5,26.1
1,181,88.2,26.9
1,176,78.6,25.4
1,180,85.6,26.4
1,166,65.1,23.6
1,159,62.3,24.6
1,173,83.2,27.8
1,168,83,29.4
1,175,86.9,28.4
1,181,89.8,27.4
1,172,78.8,26.6
1,166,76,27.6
1,181,94.9,29
1,184,92.8,27.4
1,180,90.7,28
1,178,87.2,27.5
1,183,91.1,27.2
1,178,91.4,28.8
1,178,85.1,26.9
1,176,83.7,27
1,174,87,28.7
1,185,88.1,25.7
1,178,94.2,29.7
1,187,99.2,28.4
1,178,90.8,28.7
1,186,101.3,29.3
1,174,83.5,27.6
1,178,95.2,30
1,174,89.1,29.4
1,164,72.6,27
1,165,72.2,26.5
1,177,86,27.5
1,177,90.4,28.9
1,178,82.2,25.9
1,171,81,27.7
1,179,85.8,26.8
1,173,82.2,27.5
1,176,81.2,26.2
1,173,78.6,26.3
1,170,87.9,30.4
1,179,88.4,27.6
1,176,86.2,27.8
1,178,85.4,27
1,175,85.6,28
1,166,70.4,25.5
1,171,78,26.7
1,165,70.1,25.7
1,176,86.7,28
1,175,82.6,27
1,167,79.8,28.6
1,167,76.1,27.3
1,172,70.8,23.9
1,165,66.7,24.5
1,168,71,25.2
1,181,87.9,26.8
1,179,97.7,30.5
1,173,81.4,27.2
1,184,92.2,27.2
1,190,105.3,29.2
1,188,94.2,26.7
1,178,83.6,26.4
1,174,78.3,25.9
1,166,71.2,25.8
1,171,84.3,28.8
1,167,79.5,28.5
1,188,98.6,27.9
1,174,87.9,29
1,181,81.4,24.8
1,176,79.5,25.7
1,166,77.5,28.1
1,170,80.2,27.8
1,182,93.4,28.2
1,173,77.9,26
1,178,84.2,26.6
1,195,96,25.2
1,162,75.3,28.7
1,161,78,30.1
1,171,71.8,24.6
1,175,82.5,26.9
1,179,98.1,30.6
1,178,80.1,25.3
1,173,84.5,28.2
1,165,79.2,29.1
1,164,61.6,22.9
1,174,86.6,28.6
1,167,74.4,26.7
1,183,94.4,28.2
1,169,78.9,27.6
1,173,83.8,28
1,185,99.1,29
1,173,79.4,26.5
1,174,84.8,28
1,166,72.5,26.3
1,181,93.3,28.5
1,188,99.4,28.1
1,167,74.9,26.9
1,186,89.2,25.8
1,180,85.9,26.5
1,167,77.1,27.6
1,177,82.9,26.5
1,191,103.2,28.3
1,183,92.5,27.6
1,187,97.2,27.8
1,166,80.9,29.4
1,172,80.8,27.3
1,173,81.3,27.2
1,169,83.1,29.1
1,186,94.7,27.4
1,178,87.1,27.5
1,185,96.9,28.3
1,175,79.6,26
1,176,83.1,26.8
1,158,69.3,27.8
1,173,82.9,27.7
1,167,77.7,27.9
1,179,84.2,26.3
1,184,92.8,27.4
1,181,86.6,26.4
1,173,88.3,29.5
1,185,91.7,26.8
1,172,82.7,28
1,174,85.3,28.2
1,169,77.9,27.3
1,173,78.5,26.2
1,183,95.7,28.6
1,182,91.1,27.5
1,181,95.3,29.1
1,168,79.7,28.2
1,180,84.6,26.1
1,181,93.5,28.5
1,177,84.7,27
1,166,79.6,28.9
1,174,86.7,28.6
1,184,95.9,28.3
1,161,64.5,24.9
1,180,93.4,28.8
1,167,74,26.5
1,166,68.9,25
1,165,64.7,23.8
1,178,84.6,26.7
1,171,77.1,26.4
1,161,74.6,28.8
1,179,81.8,25.5
1,182,87.6,26.4
1,170,80,27.7
1,162,72.6,27.7
1,172,81.8,27.7
1,166,84.1,30.5
1,182,93.1,28.1
1,183,93.5,27.9
1,184,95.3,28.1
1,186,97.8,28.3
1,178,82.4,26
1,164,73.4,27.3
1,179,89.7,28
1,174,81.5,26.9
1,172,84.4,28.5
1,184,87.2,25.8
1,171,81.3,27.8
1,193,107.8,28.9
1,162,69.2,26.4
1,175,89.1,29.1
1,165,78.3,28.8
1,183,91.8,27.4
1,170,87.9,30.4
1,179,84.8,26.5
1,171,81.5,27.9
1,167,76,27.3
1,187,105.6,30.2
1,173,77.9,26
1,167,81.6,29.3
1,167,74.2,26.6
1,182,86.6,26.1
1,187,93.2,26.7
1,163,66.8,25.1
1,173,90.5,30.2
1,189,100,28
1,177,93.6,29.9
1,181,94.9,29
1,186,103.7,30
1,183,93.2,27.8
1,162,76.1,29
1,184,87.8,25.9
1,179,85.5,26.7
1,180,97.5,30.1
1,183,90,26.9
1,173,80.8,27
1,175,86,28.1
1,168,81.7,28.9
1,166,68,24.7
1,174,82.1,27.1
1,167,77.2,27.7
1,175,81.1,26.5
1,174,82.3,27.2
1,176,88.1,28.4
1,179,92.2,28.8
1,185,99.4,29
1,176,82.5,26.6
1,174,84.4,27.9
1,182,91.5,27.6
1,175,79.6,26
1,185,85.5,25
1,181,98.6,30.1
1,179,96,30
1,180,89.4,27.6
1,174,84.7,28
1,157,63.5,25.8
1,175,85.1,27.8
1,187,93.1,26.6
1,169,81.3,28.5
1,179,94.6,29.5
1,184,96.1,28.4
1,187,103.6,29.6
1,173,77.5,25.9
1,174,84.5,27.9
1,188,104,29.4
1,169,80.2,28.1
1,189,109.3,30.6
1,172,78.3,26.5
1,163,70.5,26.5
1,169,77.3,27.1
1,176,88.3,28.5
1,178,86.2,27.2
1,189,103,28.8
1,174,79.7,26.3
1,177,84.8,27.1
1,170,83,28.7
1,181,88.4,27
1,170,75.9,26.3
1,186,94.6,27.3
1,169,77.1,27
1,172,74.5,25.2
1,179,88.9,27.7
1,181,93.3,28.5
1,184,96.2,28.4
1,175,87.9,28.7
1,171,74.9,25.6
1,178,86.1,27.2
1,174,85.8,28.3
1,173,77.1,25.8
1,193,101.7,27.3
1,183,95.7,28.6
1,174,84.2,27.8
1,184,94.5,27.9
1,172,75.5,25.5
1,178,79.1,25
1,183,98.1,29.3
1,177,85.2,27.2
1,180,91.1,28.1
1,180,82.4,25.4
1,173,85.9,28.7
1,186,92.3,26.7
1,191,99.1,27.2
1,184,93.1,27.5
1,168,80,28.3
1,157,71,28.8
1,183,90.6,27.1
1,159,67.5,26.7
1,173,84.6,28.3
1,177,91.4,29.2
1,160,68.3,26.7
1,181,89.6,27.3
1,171,85.1,29.1
1,172,87.2,29.5
1,176,79.5,25.7
1,175,91.5,29.9
1,170,92.3,31.9
1,171,85,29.1
1,172,79.1,26.7
1,174,81.6,27
1,182,89.8,27.1
1,186,95.5,27.6
1,176,76.9,24.8
1,182,99.9,30.2
1,167,77.7,27.9
1,185,94.5,27.6
1,171,80.8,27.6
1,180,87.2,26.9
1,178,85.7,27
1,167,80.8,29
1,180,83.7,25.8
1,182,89.8,27.1
1,178,83.8,26.4
1,171,79.8,27.3
1,165,63.7,23.4
1,175,85.1,27.8
1,180,83.7,25.8
1,180,86.5,26.7
1,173,80.3,26.8
1,177,84.5,27
1,161,72.8,28.1
1,169,74.4,26
1,180,87,26.9
1,171,82.3,28.1
1,179,102.4,32
1,176,89,28.7
1,175,84.8,27.7
1,181,89.2,27.2
1,191,99.4,27.2
1,174,79,26.1
1,170,72,24.9
1,179,84.4,26.3
1,170,72.5,25.1
1,172,81.1,27.4
1,185,91.3,26.7
1,184,79.5,23.5
1,179,86.1,26.9
1,174,86.3,28.5
1,173,87.3,29.2
1,161,62,23.9
1,162,73.3,27.9
1,177,88.6,28.3
1,176,88.3,28.5
1,180,81,25
1,179,89,27.8
1,176,81.4,26.3
1,175,85.1,27.8
1,184,92.9,27.4
1,174,88.3,29.2
1,182,89.2,26.9
1,185,91,26.6
1,175,84.6,27.6
1,179,90.9,28.4
1,179,95.1,29.7
1,155,57.1,23.8
1,180,92.8,28.6
1,172,87.3,29.5
1,184,101.9,30.1
1,178,90.1,28.4
1,166,73.8,26.8
1,176,85,27.4
1,179,85.6,26.7
1,176,91,29.4
1,175,88.1,28.8
1,167,85.4,30.6
1,178,79.9,25.2
1,189,99.1,27.7
1,187,101.2,28.9
1,175,81.9,26.7
1,176,86.8,28
1,183,95.5,28.5
1,176,89.1,28.8
1,176,93.5,30.2
1,164,76,28.3
1,177,85.1,27.2
1,183,92.1,27.5
1,181,93.2,28.4
1,175,84.7,27.7
1,179,94.1,29.4
1,182,91.4,27.6
1,183,92,27.5
1,163,69.8,26.3
1,173,73.7,24.6
1,181,87.5,26.7
1,173,84.5,28.2
1,173,81.3,27.2
1,168,72.1,25.5
1,164,80.4,29.9
1,164,73.3,27.3
1,171,72,24.6
1,183,83.8,25
1,173,75.9,25.4
1,177,84.8,27.1
1,182,89,26.9
1,173,78.3,26.2
1,174,93.4,30.8
1,176,87.1,28.1
1,160,63.2,24.7
1,162,76.7,29.2
1,182,85.8,25.9
1,179,91.4,28.5
1,179,88,27.5
1,174,76.3,25.2
1,180,84.4,26
1,181,93.7,28.6
1,178,84.4,26.6
1,155,63.6,26.5
1,182,90.7,27.4
1,181,89.5,27.3
1,181,94.2,28.8
1,179,82.9,25.9
1,184,98,28.9
1,172,76.1,25.7
1,172,81.7,27.6
1,182,86.4,26.1
1,185,89.1,26
1,179,85.5,26.7
1,186,98.5,28.5
1,179,89.4,27.9
1,174,80.2,26.5
1,159,65.5,25.9
1,176,99.3,32.1
1,183,92.5,27.6
1,183,93.4,27.9
1,185,92.7,27.1
1,172,80.9,27.3
1,178,90.8,28.7
1,174,78.8,26
1,182,92.1,27.8
1,166,66.2,24
1,165,75.4,27.7
1,174,90.9,30
1,192,100.8,27.3
1,179,98.7,30.8
1,180,88.6,27.3
1,171,80.8,27.6
1,171,84.5,28.9
1,184,92.7,27.4
1,172,77.9,26.3
1,182,90.8,27.4
1,155,69.1,28.8
1,173,82.3,27.5
1,174,79.8,26.4
1,172,84.2,28.5
1,184,93.7,27.7
1,176,85,27.4
1,177,90.8,29
1,170,81.9,28.3
1,173,85.2,28.5
1,188,93.2,26.4
1,179,90.3,28.2
1,174,85.2,28.1
1,191,113.5,31.1
1,168,83.5,29.6
1,172,84.9,28.7
1,153,60.3,25.8
1,180,87.9,27.1
1,165,75.2,27.6
1,168,81.9,29
1,175,87,28.4
1,171,84.3,28.8
1,176,94.9,30.6
1,177,83.3,26.6
1,173,92.2,30.8
1,180,86.6,26.7
1,173,86.6,28.9
1,167,77.2,27.7
1,179,88.5,27.6
1,175,89.2,29.1
1,172,75.3,25.5
1,162,71.4,27.2
1,177,91.4,29.2
1,177,85.4,27.3
1,178,83.5,26.4
1,173,74.3,24.8
1,183,94,28.1
1,186,95.8,27.7
1,188,93.7,26.5
1,170,77.8,26.9
1,167,75.6,27.1
1,162,71.4,27.2
1,172,86.1,29.1
1,173,82.9,27.7
1,169,74.7,26.2
1,176,91.1,29.4
1,167,79.1,28.4
1,174,88.2,29.1
1,192,96.2,26.1
1,172,85,28.7
1,172,79.7,26.9
1,169,73.8,25.8
1,165,73.9,27.1
1,176,81.9,26.4
1,173,83.9,28
1,171,77.3,26.4
1,177,86.3,27.5
1,184,94.9,28
1,171,82.8,28.3
1,178,89.1,28.1
1,182,97.9,29.6
1,165,76.8,28.2
1,153,66.7,28.5
1,181,87.3,26.6
1,175,92,30
1,187,95.9,27.4
1,174,82.1,27.1
1,189,95.3,26.7
1,171,79.2,27.1
1,174,85.8,28.3
1,177,85.3,27.2
1,175,69.6,22.7
1,169,81.2,28.4
1,175,84.4,27.6
1,171,80.8,27.6
1,165,74.5,27.4
1,181,96.4,29.4
1,175,79.2,25.9
1,178,89.1,28.1
1,188,98.4,27.8
1,175,83.3,27.2
1,175,88.5,28.9
1,173,75.4,25.2
1,167,81.2,29.1
1,164,71.2,26.5
1,179,87.1,27.2
1,181,90,27.5
1,180,83.1,25.6
1,166,71.9,26.1
1,177,84.6,27
1,178,89.9,28.4
1,174,83.8,27.7
1,176,75.4,24.3
1,179,86,26.8
1,176,90.4,29.2
1,177,86.9,27.7
1,171,82.4,28.2
1,164,75.6,28.1
1,170,87.1,30.1
1,178,90.8,28.7
1,169,77.4,27.1
1,156,62,25.5
1,173,88.1,29.4
1,176,99,32
1,178,88.8,28
1,178,82.4,26
1,175,82,26.8
1,180,93.2,28.8
1,175,83.2,27.2
1,174,83.5,27.6
1,178,87.1,27.5
1,183,87.9,26.2
1,182,91,27.5
1,174,80.9,26.7
1,169,74.3,26
1,175,93.9,30.7
1,175,84.2,27.5
1,184,97,28.7
1,166,78.2,28.4
1,179,95.6,29.8
1,183,95.2,28.4
1,180,97.6,30.1
1,177,87.1,27.8
1,176,90.8,29.3
1,184,90.6,26.8
1,167,86.9,31.2
1,167,76.1,27.3
1,179,92.9,29
1,166,75.9,27.5
1,178,97.1,30.6
1,163,66.8,25.1
1,170,80.8,28
1,188,109.2,30.9
1,175,95.8,31.3
1,178,89.1,28.1
1,171,77.3,26.4
1,189,96.9,27.1
1,178,81.8,25.8
1,175,81.6,26.6
1,172,80.9,27.3
1,180,91.3,28.2
1,179,86.4,27
1,176,87,28.1
1,180,88.1,27.2
1,163,72.4,27.2
1,179,91.5,28.6
1,177,84.2,26.9
1,174,82.7,27.3
1,170,80.6,27.9
1,170,81.8,28.3
1,177,83.4,26.6
1,169,71.5,25
1,179,93.1,29.1
1,163,74.4,28
1,165,65.6,24.1
1,173,80.7,27
1,183,94.2,28.1
1,175,83.7,27.3
1,180,85.6,26.4
1,180,87.7,27.1
1,182,94.7,28.6
1,167,73.6,26.4
1,174,87.8,29
1,178,82.7,26.1
1,170,75.5,26.1
1,184,92.1,27.2
1,180,88.3,27.3
1,174,77.7,25.7
1,182,91.3,27.6
1,175,87.2,28.5
1,176,88.2,28.5
1,178,90.5,28.6
1,174,84.4,27.9
1,169,82,28.7
1,179,96.8,30.2
1,184,91.6,27.1
1,179,86.1,26.9
1,165,71.5,26.3
1,173,80.3,26.8
1,178,93.9,29.6
1,187,94.7,27.1
1,162,71.1,27.1
1,158,58.6,23.5
1,183,91.7,27.4
1,189,100.8,28.2
1,178,98.4,31.1
1,183,91.6,27.4
1,173,79.4,26.5
1,173,84.4,28.2
1,181,85.7,26.2
1,185,99.3,29
1,177,87.5,27.9
1,172,85.4,28.9
1,171,81.7,27.9
1,161,68.4,26.4
1,166,79.3,28.8
1,176,87.5,28.2
1,175,84.7,27.7
1,176,85.3,27.5
1,175,78.2,25.5
1,171,88.5,30.3
1,166,69.1,25.1
1,177,79,25.2
1,165,71.2,26.2
1,175,87.1,28.4
1,170,82.6,28.6
1,170,76.2,26.4
1,171,86.1,29.4
1,179,88.1,27.5
1,166,79.9,29
1,170,72.3,25
1,170,78.7,27.2
1,183,93.2,27.8
1,163,74,27.9
1,157,67.1,27.2
1,180,91.7,28.3
1,170,75.7,26.2
1,176,76.4,24.7
1,171,85.6,29.3
1,182,96.1,29
1,183,92.5,27.6
1,187,98.2,28.1
1,163,73.4,27.6
1,180,88.5,27.3
1,179,92.3,28.8
1,171,77.7,26.6
1,176,84.9,27.4
1,175,86.1,28.1
1,180,90.9,28.1
1,169,71.4,25
1,172,78.8,26.6
1,174,83.2,27.5
1,177,87.6,28
1,177,85.7,27.4
1,169,79.8,27.9
1,185,99.4,29
1,182,86.2,26
1,182,89.8,27.1
1,164,74.9,27.8
1,177,84.5,27
1,178,85.1,26.9
1,170,71.4,24.7
1,178,84.2,26.6
1,166,71.7,26
1,164,62.6,23.3
1,173,82.3,27.5
1,178,80.5,25.4
1,174,86.9,28.7
1,171,83,28.4
1,183,87.6,26.2
1,183,82.2,24.5
1,174,81,26.8
1,174,85,28.1
1,172,87.5,29.6
1,177,85.9,27.4
1,183,88.4,26.4
1,181,89.3,27.3
1,177,79.6,25.4
1,176,89,28.7
1,171,84.9,29
1,183,90.3,27
1,177,93.4,29.8
1,172,83.6,28.3
1,165,72.2,26.5
1,175,82,26.8
1,176,87.4,28.2
1,160,73.8,28.8
1,177,89.6,28.6
1,178,88.5,27.9
1,165,66.1,24.3
1,194,112.2,29.8
1,169,75.3,26.4
1,174,81.4,26.9
1,182,90.6,27.4
1,171,90.1,30.8
1,178,89,28.1
1,185,93.6,27.3
1,179,86.3,26.9
1,164,74.7,27.8
1,174,86,28.4
1,171,81.5,27.9
1,177,85.7,27.4
1,170,81.4,28.2
1,176,92.8,30
1,179,86.6,27
1,159,69.8,27.6
1,181,95.3,29.1
1,165,76.5,28.1
1,177,93.7,29.9
1,187,96.1,27.5
1,173,80.5,26.9
1,181,87.5,26.7
1,173,80.8,27
1,172,72.2,24.4
1,173,77.4,25.9
1,185,93.3,27.3
1,178,83.1,26.2
1,173,85.4,28.5
1,175,87.3,28.5
1,172,84.4,28.5
1,180,83.7,25.8
1,187,95.8,27.4
1,160,66.1,25.8
1,166,73.2,26.6
1,185,95.8,28
1,175,82.4,26.9
1,171,73.7,25.2
1,156,63.4,26.1
1,186,96.3,27.8
1,166,71.5,25.9
1,183,100.1,29.9
1,180,84.1,26
1,172,82.5,27.9
1,174,82.9,27.4
1,179,95.9,29.9
1,179,89.5,27.9
1,172,82.8,28
1,184,92.3,27.3
1,179,87.7,27.4
1,180,96.2,29.7
1,177,84.5,27
1,167,84.5,30.3
1,179,78.9,24.6
1,177,82,26.2
1,173,83.2,27.8
1,184,90.3,26.7
1,180,89.2,27.5
1,199,115.2,29.1
1,170,71.2,24.6
1,176,89.6,28.9
1,172,80,27
1,183,92.8,27.7
1,172,80.6,27.2
1,181,91,27.8
1,168,77.2,27.4
1,172,84,28.4
1,170,77.8,26.9
1,177,79.9,25.5
1,165,70.9,26
1,171,76.4,26.1
1,177,92.2,29.4
1,186,100.8,29.1
1,168,74.2,26.3
1,178,81.9,25.8
1,182,85.7,25.9
1,186,100.1,28.9
1,188,103.5,29.3
1,171,74.1,25.3
1,182,88,26.6
1,181,95.4,29.1
1,173,82.1,27.4
1,164,70.7,26.3
1,190,96.8,26.8
1,172,73.9,25
1,176,84.3,27.2
1,180,89.2,27.5
1,176,86.9,28.1
1,176,78.2,25.2
1,175,86.5,28.2
1,170,79,27.3
1,178,88.3,27.9
1,176,87.2,28.2
1,182,89.1,26.9
1,188,97.2,27.5
1,169,79.3,27.8
1,157,63.9,25.9
1,171,75.6,25.9
1,160,71.8,28
1,183,92,27.5
1,190,95.8,26.5
1,179,84.3,26.3
1,167,81.4,29.2
1,185,90.9,26.6
1,172,74.7,25.3
1,154,56.1,23.7
1,162,69.2,26.4
1,162,72.9,27.8
1,184,94.1,27.8
1,179,91.1,28.4
1,174,88,29.1
1,169,76.3,26.7
1,169,78.4,27.5
1,179,82.9,25.9
1,172,84.1,28.4
1,177,89.1,28.4
1,168,76.6,27.1
1,174,83.3,27.5
1,181,89.8,27.4
1,172,80.4,27.2
1,170,78.5,27.2
1,168,84.3,29.9
1,178,82.8,26.1
1,173,78,26.1
1,178,83.6,26.4
1,176,78.9,25.5
1,177,92.3,29.5
1,173,77.2,25.8
1,177,82.4,26.3
1,177,81.7,26.1
1,177,88.9,28.4
1,181,87.5,26.7
1,166,72.1,26.2
1,171,85.8,29.3
1,177,87.1,27.8
1,175,85.2,27.8
1,178,85.7,27
1,173,90.7,30.3
1,175,85.1,27.8
1,166,73.4,26.6
1,178,84.2,26.6
1,184,96.1,28.4
1,185,84.5,24.7
1,176,83.6,27
1,178,93.4,29.5
1,172,81.2,27.4
1,181,88.2,26.9
1,165,80.6,29.6
1,184,90.3,26.7
1,167,67.3,24.1
1,184,92.1,27.2
1,161,71.1,27.4
1,184,95,28.1
1,174,87.3,28.8
1,172,80,27
1,171,75.7,25.9
1,163,66.2,24.9
1,177,85.1,27.2
1,178,91.6,28.9
1,170,73.3,25.4
1,173,76.7,25.6
1,169,83.3,29.2
1,181,89.7,27.4
1,181,95.8,29.2
1,176,89,28.7
1,180,90.6,28
1,173,81.2,27.1
1,175,77.3,25.2
1,159,68.4,27.1
1,166,76.3,27.7
1,181,83.6,25.5
1,175,90,29.4
1,168,80.1,28.4
1,181,93.3,28.5
1,165,75.6,27.8
1,173,89.6,29.9
1,159,75.3,29.8
1,164,71,26.4
1,176,81,26.1
1,168,85,30.1
1,178,83,26.2
1,180,83.3,25.7
1,177,81,25.9
1,175,88.6,28.9
1,173,85.1,28.4
1,176,86.5,27.9
1,176,79.1,25.5
1,172,78.9,26.7
1,172,80.3,27.1
1,184,85.8,25.3
1,169,81.8,28.6
1,171,84.2,28.8
1,182,93.4,28.2
1,167,78.4,28.1
1,173,84.7,28.3
1,187,101.3,29
1,173,82.7,27.6
1,171,85.5,29.2
1,183,96.6,28.8
1,179,90.7,28.3
1,173,82.5,27.6
1,182,87.6,26.4
1,174,83.7,27.6
1,177,89.5,28.6
1,178,89.2,28.2
1,177,83.5,26.7
1,177,80.3,25.6
1,166,86.2,31.3
1,173,81,27.1
1,171,78.2,26.7
1,182,91.1,27.5
1,171,79.2,27.1
1,182,91.1,27.5
1,177,82.5,26.3
1,171,77.2,26.4
1,179,84.7,26.4
1,180,90.9,28.1
1,173,76.2,25.5
1,177,87,27.8
1,180,83.8,25.9
1,177,83.8,26.7
1,173,75.5,25.2
1,184,94.2,27.8
1,192,104.8,28.4
1,174,82.3,27.2
1,182,87.7,26.5
1,175,80.4,26.3
1,177,86.3,27.5
1,184,103.5,30.6
1,179,87.5,27.3
1,183,92.1,27.5
1,164,78.7,29.3
1,173,75.8,25.3
1,171,74.8,25.6
1,178,84.8,26.8
1,174,83.6,27.6
1,169,80,28
1,185,87.6,25.6
1,173,91.1,30.4
1,171,82.5,28.2
1,182,91.4,27.6
1,178,81.5,25.7
1,189,103.3,28.9
1,181,95.6,29.2
1,163,70,26.3
1,167,73.9,26.5
1,172,88.8,30
1,163,69.3,26.1
1,184,90.1,26.6
1,171,76,26
1,169,80.4,28.2
1,176,90,29.1
1,184,85.8,25.3
1,179,88.9,27.7
1,182,97.4,29.4
1,181,93.4,28.5
1,169,77.1,27
1,186,99.2,28.7
1,182,94.9,28.6
1,175,78.1,25.5
1,190,107.8,29.9
1,161,74.6,28.8
1,180,86.4,26.7
1,176,82.4,26.6
1,171,77.8,26.6
1,178,86.2,27.2
1,187,100.9,28.9
1,166,83.7,30.4
1,174,86.8,28.7
1,176,84.2,27.2
1,179,95.3,29.7
1,188,91.8,26
1,171,65.4,22.4
1,185,84.9,24.8
1,183,98.7,29.5
1,175,83,27.1
1,169,79.5,27.8
1,180,82.5,25.5
1,180,92.2,28.5
1,178,85.4,27
1,170,74.6,25.8
1,168,69.4,24.6
1,180,99.7,30.8
1,180,84.3,26
1,175,86.9,28.4
1,177,89.2,28.5
1,171,83.3,28.5
1,171,80.3,27.5
1,170,80.4,27.8
1,181,85.3,26
1,159,66.2,26.2
1,177,82.9,26.5
1,178,78.8,24.9
1,181,88.2,26.9
1,170,78.7,27.2
1,165,68.7,25.2
1,178,89.9,28.4
1,168,91.7,32.5
1,186,93.2,26.9
1,176,84,27.1
1,182,89.5,27
1,172,76.6,25.9
1,179,91.5,28.6
1,187,91.8,26.3
1,193,104.5,28.1
1,181,97.2,29.7
1,173,87.2,29.1
1,170,82,28.4
1,178,84.6,26.7
1,166,78,28.3
1,182,92.2,27.8
1,182,92.3,27.9
1,166,73,26.5
1,177,84.9,27.1
1,189,99.7,27.9
1,167,79.3,28.4
1,185,95.1,27.8
1,179,93.7,29.2
1,168,81,28.7
1,168,75.5,26.8
1,156,68,27.9
1,188,97.2,27.5
1,183,96.9,28.9
1,188,92.7,26.2
1,182,94.4,28.5
1,176,93.8,30.3
1,167,73.1,26.2
1,183,90.9,27.1
1,169,76.1,26.6
1,171,83.5,28.6
1,182,93.3,28.2
1,165,78.9,29
1,178,80.1,25.3
1,161,72.2,27.9
1,173,78.6,26.3
1,175,88.5,28.9
1,182,96.7,29.2
1,176,83.8,27.1
1,180,93.2,28.8
1,168,86.8,30.8
1,180,94,29
1,168,76.8,27.2
1,169,79.4,27.8
1,165,74.4,27.3
1,174,90.5,29.9
1,175,80.8,26.4
1,184,87.8,25.9
1,183,95.7,28.6
1,174,83.7,27.6
1,178,94.4,29.8
1,184,97.7,28.9
1,179,89.7,28
1,178,89.4,28.2
1,177,86.2,27.5
1,172,77.1,26.1
1,169,74.1,25.9
1,168,76.3,27
1,182,86.3,26.1
1,194,96.9,25.7
1,162,72,27.4
1,176,80.7,26.1
1,185,95.5,27.9
1,170,79.4,27.5
1,176,84.8,27.4
1,171,74.5,25.5
1,175,84.4,27.6
1,181,89,27.2
1,171,79.1,27.1
1,170,80.2,27.8
1,188,102,28.9
1,175,96.7,31.6
1,178,88.6,28
1,164,77.7,28.9
1,161,69.9,27
1,169,81.5,28.5
1,175,90.6,29.6
1,165,69.7,25.6
1,177,84,26.8
1,166,77.6,28.2
1,166,73.4,26.6
1,169,84.4,29.6
1,184,101.9,30.1
1,162,70.5,26.9
1,174,84.2,27.8
1,175,86.8,28.3
1,175,78,25.5
1,166,80.3,29.1
1,182,88.2,26.6
1,184,103.8,30.7
1,177,79.6,25.4
1,174,92,30.4
1,172,80.1,27.1
1,183,96.7,28.9
1,177,80.4,25.7
1,177,96.1,30.7
1,180,88.8,27.4
1,175,87,28.4
1,175,75.9,24.8
1,186,95.3,27.5
1,178,96.9,30.6
1,172,77.7,26.3
1,178,96,30.3
1,172,85.6,28.9
1,171,84.8,29
1,174,87.3,28.8
1,173,87.8,29.3
1,169,80.9,28.3
1,182,80.7,24.4
1,177,76.5,24.4
1,173,82.7,27.6
1,178,89.8,28.3
1,170,85.8,29.7
1,184,95.6,28.2
1,176,89.2,28.8
1,176,82.6,26.7
1,178,78.4,24.7
1,178,88.1,27.8
1,189,103.3,28.9
1,170,74.5,25.8
1,179,86.6,27
1,166,76,27.6
1,169,84.2,29.5
1,177,82.2,26.2
1,183,96.2,28.7
1,177,82.2,26.2
1,183,87,26
1,185,93.8,27.4
1,185,90,26.3
1,169,75,26.3
1,171,79.1,27.1
1,189,106.5,29.8
1,178,84.7,26.7
1,179,89.1,27.8
1,186,101.8,29.4
1,172,77.3,26.1
1,169,76.2,26.7
1,172,86.5,29.2
1,159,60,23.7
1,175,86.3,28.2
1,172,78.3,26.5
1,173,80.6,26.9
1,184,96.7,28.6
1,196,114,29.7
1,171,85.7,29.3
1,170,82.7,28.6
1,182,98.6,29.8
1,172,78.7,26.6
1,166,75.3,27.3
1,176,95.5,30.8
1,178,90.1,28.4
1,167,72.2,25.9
1,168,79.8,28.3
1,169,75.2,26.3
1,177,82.2,26.2
1,175,83.1,27.1
1,170,74.8,25.9
1,175,83.2,27.2
1,170,75.5,26.1
1,162,72.1,27.5
1,178,89.4,28.2
1,184,93.2,27.5
1,181,90.5,27.6
1,168,81.3,28.8
1,173,82.9,27.7
1,176,90.9,29.3
1,173,79.1,26.4
1,183,98.9,29.5
1,182,92,27.8
1,187,101.9,29.1
1,179,79.7,24.9
1,184,98.8,29.2
1,176,80.9,26.1
1,177,93.1,29.7
1,166,72,26.1
1,176,93.8,30.3
1,172,92.3,31.2
1,173,83.2,27.8
1,171,75.5,25.8
1,180,82.6,25.5
1,175,77.4,25.3
1,181,91.9,28.1
1,170,85.2,29.5
1,166,71.3,25.9
1,179,87.4,27.3
1,173,82.4,27.5
1,181,94.9,29
1,164,76.6,28.5
1,167,78.9,28.3
1,173,75.5,25.2
1,179,83.4,26
1,186,101.9,29.5
1,187,99.1,28.3
1,183,96.9,28.9
1,188,94.5,26.7
1,189,96.7,27.1
1,178,88.4,27.9
1,182,87.7,26.5
1,175,84.6,27.6
1,171,79.9,27.3
1,179,97.2,30.3
1,170,69.5,24
1,173,76.4,25.5
1,177,79.3,25.3
1,171,78.5,26.8
1,177,86,27.5
1,171,84.9,29
1,172,81.2,27.4
1,174,82.3,27.2
1,175,87.3,28.5
1,181,89.1,27.2
1,178,81.8,25.8
1,182,96,29
1,165,73.5,27
1,176,87.6,28.3
1,169,83.8,29.3
1,164,74.2,27.6
1,172,84.6,28.6
1,177,91.6,29.2
1,170,82.9,28.7
1,175,83.1,27.1
1,176,91.7,29.6
1,168,76.4,27.1
1,179,96.4,30.1
1,179,89.9,28.1
1,162,70,26.7
1,179,83.6,26.1
1,185,102,29.8
1,184,91.1,26.9
1,160,65.7,25.7
1,170,78.4,27.1
1,200,111.5,27.9
1,174,88.1,29.1
1,165,67.7,24.9
1,183,93.9,28
1,173,86.3,28.8
1,181,94.3,28.8
1,179,91.1,28.4
1,187,100.1,28.6
1,162,72.3,27.5
1,170,82.5,28.5
1,179,84.3,26.3
1,183,90.1,26.9
1,184,95.4,28.2
1,172,81.7,27.6
1,179,87.3,27.2
1,182,91.6,27.7
1,172,80.4,27.2
1,190,103,28.5
1,172,91.8,31
1,171,76,26
1,186,98.6,28.5
1,163,79.3,29.8
1,186,96.3,27.8
1,175,90.6,29.6
1,179,92.5,28.9
1,176,70.5,22.8
1,178,87.4,27.6
1,177,90.6,28.9
1,181,93.3,28.5
1,166,78.8,28.6
1,170,85.3,29.5
1,178,90.6,28.6
1,176,87.3,28.2
1,163,69.5,26.2
1,181,89,27.2
1,162,76.6,29.2
1,176,97.3,31.4
1,175,80.3,26.2
1,176,82.6,26.7
1,175,80.4,26.3
1,173,80.1,26.8
1,186,91.7,26.5
1,178,91.3,28.8
1,189,95.4,26.7
1,183,99,29.6
1,175,84.3,27.5
1,183,94.3,28.2
1,176,88.6,28.6
1,160,70.1,27.4
1,160,63.5,24.8
1,172,89.8,30.4
1,186,96,27.7
1,169,83.1,29.1
1,170,82.9,28.7
1,168,80.4,28.5
1,172,72.4,24.5
1,163,71.1,26.8
1,175,74.7,24.4
1,173,80.6,26.9
1,195,107.1,28.2
1,180,89.5,27.6
1,179,89,27.8
1,177,90.9,29
1,187,97.6,27.9
1,183,94.7,28.3
1,168,84.8,30
1,170,81,28
1,181,95.3,29.1
1,169,70.7,24.8
1,183,92.4,27.6
1,187,94.2,26.9
1,175,91.6,29.9
1,185,96,28
1,188,102.2,28.9
1,184,79.5,23.5
1,177,83.5,26.7
1,158,64.5,25.8
1,170,77.9,27
1,169,87.1,30.5
1,179,81,25.3
1,178,85.4,27
1,180,93.7,28.9
1,178,91.3,28.8
1,181,91.8,28
1,165,72.7,26.7
1,159,67.2,26.6
1,172,79.6,26.9
1,185,101.7,29.7
1,174,82.6,27.3
1,166,72.1,26.2
1,162,67.5,25.7
1,183,92.6,27.7
1,178,97,30.6
1,179,86.6,27
1,186,96.8,28
1,176,87.6,28.3
1,178,90.3,28.5
1,180,92.5,28.5
1,180,93.3,28.8
1,179,83.4,26
1,177,92.2,29.4
1,175,92.6,30.2
1,191,101.7,27.9
1,178,85.6,27
1,184,94.2,27.8
1,182,93.9,28.3
1,185,87.1,25.4
1,181,92.8,28.3
1,175,87.5,28.6
1,171,89.6,30.6
1,182,90.7,27.4
1,175,85,27.8
1,168,75.6,26.8
1,177,82.7,26.4
1,167,72.6,26
1,162,70.8,27
1,167,70.9,25.4
1,175,77.9,25.4
1,169,75.9,26.6
1,176,94.8,30.6
1,173,84,28.1
1,175,78.4,25.6
1,182,91.9,27.7
1,165,77.1,28.3
1,181,92.2,28.1
1,172,79.7,26.9
1,166,73.8,26.8
1,168,80.9,28.7
1,162,67.7,25.8
1,176,78.8,25.4
1,188,95.1,26.9
1,178,86.6,27.3
1,163,66.9,25.2
1,170,87,30.1
1,177,88.2,28.2
1,176,90.2,29.1
1,172,81.3,27.5
1,164,76.7,28.5
1,163,64.6,24.3
1,181,96.5,29.5
1,182,89.1,26.9
1,170,77.9,27
1,159,63.5,25.1
1,179,91.3,28.5
1,170,79,27.3
1,194,104,27.6
1,182,96.6,29.2
1,175,88.4,28.9
1,181,101.8,31.1
1,182,95.3,28.8
1,173,86.9,29
1,177,79,25.2
1,196,113,29.4
1,171,82.7,28.3
1,170,73.3,25.4
1,168,77.5,27.5
1,173,77.8,26
1,182,87.3,26.4
1,172,80.8,27.3
1,174,85.5,28.2
1,167,86.2,30.9
1,194,110.3,29.3
1,179,97.1,30.3
1,156,61.9,25.4
1,177,90.1,28.8
1,162,70.4,26.8
1,171,79.6,27.2
1,176,87.3,28.2
1,176,84.5,27.3
1,171,83.3,28.5
1,172,86.1,29.1
1,175,83.1,27.1
1,168,66.3,23.5
1,171,83,28.4
1,174,92.8,30.7
1,172,79.8,27
1,182,89.1,26.9
1,171,82.8,28.3
1,175,83.8,27.4
1,177,83.5,26.7
1,174,81,26.8
1,179,82.2,25.7
1,177,90.6,28.9
1,164,75.8,28.2
1,177,93.7,29.9
1,180,90.2,27.8
1,173,86.1,28.8
1,170,83.1,28.8
1,169,75.1,26.3
1,179,85,26.5
1,189,100.8,28.2
1,176,78.6,25.4
1,176,85.7,27.7
1,189,96.9,27.1
1,177,87.9,28.1
1,175,79.1,25.8
1,180,92.2,28.5
1,189,92.7,26
1,181,90.2,27.5
1,183,92.2,27.5
1,161,66.9,25.8
1,173,82.4,27.5
1,175,86.4,28.2
1,175,85.4,27.9
1,170,78.3,27.1
1,158,63.7,25.5
1,186,100.6,29.1
1,176,78.4,25.3
1,175,89,29.1
1,168,74.1,26.3
1,180,91.3,28.2
1,187,90.2,25.8
1,185,91.2,26.6
1,178,89.3,28.2
1,172,84.8,28.7
1,165,71.2,26.2
1,177,82.2,26.2
1,184,85.8,25.3
1,185,95.3,27.8
1,179,89.2,27.8
1,188,98.7,27.9
1,167,77,27.6
1,171,83.6,28.6
1,169,82.5,28.9
1,176,79.2,25.6
1,189,104.1,29.1
1,177,87.5,27.9
1,179,90.7,28.3
1,173,77.8,26
1,180,86.5,26.7
1,182,89.5,27
1,172,83.3,28.2
1,179,87.7,27.4
1,175,82.3,26.9
1,167,74.6,26.7
1,177,87.8,28
1,169,78.2,27.4
1,173,88.4,29.5
1,186,92.1,26.6
1,156,58.4,24
1,175,80.3,26.2
1,177,81.5,26
1,184,92.5,27.3
1,174,80.8,26.7
1,185,91.1,26.6
1,174,84.2,27.8
1,175,88.1,28.8
1,180,90.6,28
1,186,100.4,29
1,169,85.4,29.9
1,171,78.5,26.8
1,188,91.3,25.8
1,178,86.9,27.4
1,166,75.2,27.3
1,176,92.3,29.8
1,189,96.2,26.9
1,171,71.9,24.6
1,178,92.9,29.3
1,167,71.8,25.7
1,177,82.4,26.3
1,165,78.4,28.8
1,168,76.2,27
1,169,72.4,25.3
1,169,77.9,27.3
1,182,94.8,28.6
1,168,73.8,26.1
1,183,96.7,28.9
1,171,83.8,28.7
1,176,79.9,25.8
1,170,75.5,26.1
1,186,91.4,26.4
1,174,86.6,28.6
1,182,88.5,26.7
1,181,96.2,29.4
1,170,76.2,26.4
1,181,97.6,29.8
1,167,77.4,27.8
1,171,88.7,30.3
1,167,74,26.5
1,186,101.5,29.3
1,166,74.9,27.2
1,166,70.9,25.7
1,184,90.7,26.8
1,170,79.9,27.6
1,169,81.2,28.4
1,175,80.2,26.2
1,183,93.7,28
1,190,97.6,27
1,182,90.4,27.3
1,168,78.2,27.7
1,175,87.1,28.4
1,165,66.8,24.5
1,181,83.5,25.5
1,171,78.5,26.8
1,175,78.6,25.7
1,181,82.1,25.1
1,162,73.6,28
1,178,83.4,26.3
1,177,93.7,29.9
1,165,75.9,27.9
1,182,95.4,28.8
1,185,96.5,28.2
1,169,76.8,26.9
1,177,77.7,24.8
1,163,74.6,28.1
1,184,96.1,28.4
1,181,94.6,28.9
1,175,79.9,26.1
1,192,99.3,26.9
1,170,80.5,27.9
1,186,88.4,25.6
1,167,79.6,28.5
1,175,79.2,25.9
1,176,84.5,27.3
1,173,78.9,26.4
1,176,85.4,27.6
1,174,90.7,30
1,180,86,26.5
1,180,93.8,29
1,177,85.6,27.3
1,190,112.9,31.3
1,174,83.3,27.5
1,179,89.1,27.8
1,171,76.4,26.1
1,165,80.9,29.7
1,180,89.1,27.5
1,180,89,27.5
1,184,90.2,26.6
1,179,93.2,29.1
1,192,108.6,29.5
1,165,77.1,28.3
1,176,86.8,28
1,173,85,28.4
1,183,97.6,29.1
1,183,92.7,27.7
1,188,103.1,29.2
1,167,82.3,29.5
1,186,90.7,26.2
1,187,89.6,25.6
1,164,78.9,29.3
1,168,82.5,29.2
1,168,80.6,28.6
1,174,81.3,26.9
1,171,83,28.4
1,174,83.6,27.6
1,182,104.2,31.5
1,182,90.6,27.4
1,174,83.1,27.4
1,184,92.9,27.4
1,177,84.7,27
1,169,76.2,26.7
1,173,81.7,27.3
1,179,85.5,26.7
1,171,75.9,26
1,182,87.7,26.5
1,169,82.9,29
1,173,86.3,28.8
1,173,82.4,27.5
1,166,83.4,30.3
1,177,84.6,27
1,167,77.4,27.8
1,180,97.6,30.1
1,182,88.7,26.8
1,188,101.4,28.7
1,183,97.7,29.2
1,168,76.4,27.1
1,175,89.1,29.1
1,174,83.3,27.5
1,165,74.5,27.4
1,187,101.4,29
1,177,80,25.5
1,175,82,26.8
1,172,76.5,25.9
1,170,79.3,27.4
1,177,85.3,27.2
1,179,90.4,28.2
1,167,78.6,28.2
1,165,74.1,27.2
1,191,104,28.5
1,172,75.4,25.5
1,178,93.7,29.6
1,187,98,28
1,178,87.3,27.6
1,183,82.2,24.5
1,182,94.2,28.4
1,173,86.4,28.9
1,175,85.6,28
1,175,90.6,29.6
1,177,88.7,28.3
1,168,75.3,26.7
1,164,74.7,27.8
1,181,92.5,28.2
1,179,84.9,26.5
1,173,76.9,25.7
1,170,79.7,27.6
1,182,94.3,28.5
1,182,89.8,27.1
1,171,87.4,29.9
1,167,73.9,26.5
1,176,93,30
1,169,76.1,26.6
1,172,78.6,26.6
1,186,93.5,27
1,176,84.1,27.2
1,187,90.5,25.9
1,177,89.5,28.6
1,167,74.5,26.7
1,192,93.7,25.4
1,167,81.9,29.4
1,179,90.3,28.2
1,183,88.7,26.5
1,180,87.4,27
1,184,102.3,30.2
1,153,69.8,29.8
1,182,87.5,26.4
1,174,74.1,24.5
1,179,85.1,26.6
1,178,99.7,31.5
1,171,79.4,27.2
1,170,79.4,27.5
1,168,73.7,26.1
1,166,76.8,27.9
1,174,88.4,29.2
1,177,79.8,25.5
1,188,99.1,28
1,173,84,28.1
1,177,90.8,29
1,174,87.2,28.8
1,175,84.5,27.6
1,174,84.5,27.9
1,178,83.5,26.4
1,167,71.1,25.5
1,168,74.3,26.3
1,172,80.6,27.2
1,174,82.6,27.3
1,185,97.7,28.5
1,175,77.7,25.4
1,189,95.4,26.7
1,180,84.5,26.1
1,178,88.2,27.8
1,176,79.1,25.5
1,180,88.9,27.4
1,162,75.2,28.7
1,181,87.9,26.8
1,176,88.3,28.5
1,182,92.4,27.9
1,182,87.3,26.4
1,165,69.3,25.5
1,168,80.9,28.7
1,173,80.8,27
1,172,81.3,27.5
1,164,75.1,27.9
1,183,93,27.8
1,182,92.3,27.9
1,174,77.1,25.5
1,162,73.9,28.2
1,173,80.3,26.8
1,175,80.3,26.2
1,182,94.3,28.5
1,177,89.6,28.6
1,168,68,24.1
1,171,81.8,28
1,183,92.4,27.6
1,170,80.5,27.9
1,172,79.8,27
1,175,88.2,28.8
1,190,102.9,28.5
1,180,93.6,28.9
1,180,88.6,27.3
1,174,89.4,29.5
1,165,69.9,25.7
1,178,84.3,26.6
1,183,93.6,27.9
1,179,81.4,25.4
1,174,88.2,29.1
1,170,80.5,27.9
1,180,88.9,27.4
1,172,81.3,27.5
1,169,78.2,27.4
1,159,63.6,25.2
1,170,85.2,29.5
1,170,75.3,26.1
1,178,85.3,26.9
1,176,83.1,26.8
1,181,92.7,28.3
1,182,96,29
1,180,81.4,25.1
1,183,97.4,29.1
1,164,66.5,24.7
1,172,80.8,27.3
1,179,89.8,28
1,182,92.9,28
1,178,90.5,28.6
1,163,73,27.5
1,176,81.5,26.3
1,175,89.4,29.2
1,169,75.4,26.4
1,171,82.9,28.4
1,183,93.8,28
1,185,94,27.5
1,166,78.2,28.4
1,182,95.8,28.9
1,167,73.7,26.4
1,173,77.1,25.8
1,184,90.2,26.6
1,176,82,26.5
1,167,71.5,25.6
1,162,75.9,28.9
1,171,80.4,27.5
1,183,89.2,26.6
1,175,83.6,27.3
1,173,82.9,27.7
1,176,79.4,25.6
1,165,74,27.2
1,171,80.7,27.6
1,186,104.8,30.3
1,167,75.7,27.1
1,161,64.4,24.8
1,195,109.1,28.7
1,173,78.4,26.2
1,166,68.2,24.7
1,181,94.4,28.8
1,172,84.6,28.6
1,174,77.3,25.5
1,171,79.1,27.1
1,165,72.5,26.6
1,173,81.7,27.3
1,185,92.8,27.1
1,172,82.5,27.9
1,182,95.9,29
1,168,82.1,29.1
1,191,100.9,27.7
1,161,71.1,27.4
1,171,74.2,25.4
1,172,76.7,25.9
1,169,78.4,27.5
1,171,88.1,30.1
1,182,91.9,27.7
1,173,74.9,25
1,186,102.2,29.5
1,196,109.1,28.4
1,159,69.3,27.4
1,177,92.2,29.4
1,192,100.1,27.2
1,160,63.7,24.9
1,195,105.8,27.8
1,170,76.9,26.6
1,163,66.3,25
1,177,86.8,27.7
1,181,83.4,25.5
1,171,91.1,31.2
1,186,93.8,27.1
1,182,81.5,24.6
1,172,86.3,29.2
1,184,103.1,30.5
1,166,72.9,26.5
1,177,94.3,30.1
1,175,76.1,24.8
1,191,99.1,27.2
1,184,95,28.1
1,176,96.3,31.1
1,165,68,25
1,176,90.5,29.2
1,170,84.8,29.3
1,180,82.1,25.3
1,185,86.6,25.3
1,182,90.1,27.2
1,155,68.4,28.5
1,172,80.3,27.1
1,174,84.7,28
1,176,87.6,28.3
1,173,76.5,25.6
1,176,93.2,30.1
1,173,78.3,26.2
1,195,115.3,30.3
1,179,81.7,25.5
1,178,80,25.2
1,167,68.6,24.6
1,177,86,27.5
1,174,75.7,25
1,173,74.2,24.8
1,180,88.1,27.2
1,172,78,26.4
1,183,85.9,25.7
1,185,94.1,27.5
1,168,83.4,29.5
1,174,85.9,28.4
1,182,83.7,25.3
1,179,83.9,26.2
1,167,72.1,25.9
1,159,65.7,26
1,174,85.7,28.3
1,176,88.1,28.4
1,162,73.3,27.9
1,186,93.3,27
1,183,90.1,26.9
1,177,84.2,26.9
1,174,82.1,27.1
1,188,98.5,27.9
1,172,77.7,26.3
1,185,102.3,29.9
1,162,72,27.4
1,182,94.1,28.4
1,172,91.2,30.8
1,182,100.2,30.2
1,169,83.7,29.3
1,191,100.7,27.6
1,180,84.6,26.1
1,171,82,28
1,183,88.5,26.4
1,176,86.3,27.9
1,176,86.3,27.9
1,176,81.8,26.4
1,170,78.1,27
1,181,90.3,27.6
1,178,89.1,28.1
1,177,81,25.9
1,164,73.3,27.3
1,185,92.6,27.1
1,181,91.1,27.8
1,160,69.8,27.3
1,169,78.9,27.6
1,177,83.8,26.7
1,178,86.5,27.3
1,177,82.9,26.5
1,172,77.5,26.2
1,171,79.2,27.1
1,180,82.6,25.5
1,185,100.6,29.4
1,158,68.4,27.4
1,161,64.5,24.9
1,178,91.5,28.9
1,175,92.7,30.3
1,178,86,27.1
1,169,79,27.7
1,178,89,28.1
1,163,74.6,28.1
1,168,72.2,25.6
1,179,92.7,28.9
1,186,93.5,27
1,170,71,24.6
1,181,90.6,27.7
1,176,73.6,23.8
1,195,108.7,28.6
1,175,88.6,28.9
1,155,66.8,27.8
1,182,91.9,27.7
1,166,77.3,28.1
1,171,71.7,24.5
1,190,104.1,28.8
1,165,70.3,25.8
1,172,81.5,27.5
1,174,85.4,28.2
1,175,87.9,28.7
1,178,86.5,27.3
1,172,89.1,30.1
1,174,78.4,25.9
1,172,77.8,26.3
1,176,87,28.1
1,182,92.2,27.8
1,188,101.4,28.7
1,177,84.5,27
1,169,87,30.5
1,168,70.1,24.8
1,171,82.8,28.3
1,194,104.7,27.8
1,177,83.7,26.7
1,178,90.9,28.7
1,188,101,28.6
1,175,78.5,25.6
1,179,90,28.1
1,165,69.5,25.5
1,166,76.5,27.8
1,178,84.7,26.7
1,172,81.6,27.6
1,175,90.5,29.6
1,173,76,25.4
1,175,84.8,27.7
1,173,83.8,28
1,170,76.9,26.6
1,166,75.7,27.5
1,168,80.2,28.4
1,175,88.9,29
1,177,85.4,27.3
1,158,67.7,27.1
1,171,75.8,25.9
1,166,73.1,26.5
1,176,85.6,27.6
1,168,73.6,26.1
1,175,90,29.4
1,173,84.8,28.3
1,185,95.4,27.9
1,181,86.1,26.3
1,180,95,29.3
1,177,81.7,26.1
1,179,87.6,27.3
1,172,73.3,24.8
1,176,83.5,27
1,176,81.8,26.4
1,173,85.8,28.7
1,187,98.4,28.1
1,183,94.1,28.1
1,184,96.3,28.4
1,177,86,27.5
1,181,85.8,26.2
1,171,85.3,29.2
1,162,77,29.3
1,182,94.5,28.5
1,189,98.7,27.6
1,174,76.1,25.1
1,173,77.9,26
1,160,59.8,23.4
1,175,86.3,28.2
1,183,95.2,28.4
1,176,82,26.5
1,180,88.1,27.2
1,180,87.5,27
1,186,93.8,27.1
1,176,82.7,26.7
1,178,88.9,28.1
1,181,89.8,27.4
1,167,73.7,26.4
1,171,73.3,25.1
1,184,98.6,29.1
1,176,79.3,25.6
1,188,98.5,27.9
1,177,82.4,26.3
1,174,82.3,27.2
1,188,94.4,26.7
1,183,90.2,26.9
1,174,83.8,27.7
1,170,64.3,22.2
1,176,81.4,26.3
1,183,90.3,27
1,181,90.3,27.6
1,171,79,27
1,167,70.1,25.1
1,167,75.1,26.9
1,167,73.6,26.4
1,175,83.3,27.2
1,164,66.7,24.8
1,171,81.3,27.8
1,181,90.7,27.7
1,176,92,29.7
1,178,80.1,25.3
1,169,79.4,27.8
1,184,95.6,28.2
1,178,85.2,26.9
1,174,87.4,28.9
1,162,72.4,27.6
1,184,98.4,29.1
1,167,84.4,30.3
1,188,98,27.7
1,177,83,26.5
1,183,88.3,26.4
1,175,82.9,27.1
1,174,79.4,26.2
1,178,94.1,29.7
1,167,79.8,28.6
1,168,79.9,28.3
1,172,83.8,28.3
1,173,88.9,29.7
1,185,95.2,27.8
1,175,86.2,28.1
1,170,82.9,28.7
1,180,89.5,27.6
1,172,78.4,26.5
1,185,94.1,27.5
1,169,77.8,27.2
1,164,66,24.5
1,178,90.2,28.5
1,176,89.5,28.9
1,181,88.7,27.1
1,183,98.7,29.5
1,175,87.3,28.5
1,165,74.4,27.3
1,178,88.9,28.1
1,173,82.2,27.5
1,186,95.9,27.7
1,180,89.5,27.6
1,175,86.1,28.1
1,167,81.9,29.4
1,182,93.7,28.3
1,185,101.6,29.7
1,172,79.6,26.9
1,178,92.5,29.2
1,186,98,28.3
1,177,91.5,29.2
1,177,89.7,28.6
1,177,90.2,28.8
1,177,89.2,28.5
1,159,72.4,28.6
1,182,91,27.5
1,179,90.3,28.2
1,173,83.5,27.9
1,178,84,26.5
1,177,92.1,29.4
1,174,80.9,26.7
1,157,62.4,25.3
1,170,84.8,29.3
1,165,72.2,26.5
1,174,89,29.4
1,169,75.7,26.5
1,173,85,28.4
1,171,76.5,26.2
1,164,83.7,31.1
1,175,84.8,27.7
1,173,80.9,27
1,192,101.4,27.5
1,167,77.5,27.8
1,180,89.9,27.7
1,172,80.9,27.3
1,197,109.8,28.3
1,173,84.4,28.2
1,180,89.3,27.6
1,172,69.4,23.5
1,173,76.8,25.7
1,174,82.6,27.3
1,173,84.9,28.4
1,180,92.8,28.6
1,186,105.6,30.5
1,164,80.3,29.9
1,165,71.7,26.3
1,176,84.2,27.2
1,174,83.4,27.5
1,176,93.6,30.2
1,184,95.7,28.3
1,170,70.8,24.5
1,172,81.2,27.4
1,175,89.2,29.1
1,171,87.5,29.9
1,179,81.4,25.4
1,179,95.1,29.7
1,174,91.5,30.2
1,180,87.5,27
1,180,86.5,26.7
1,172,81.1,27.4
1,182,100,30.2
1,185,90.3,26.4
1,181,93.1,28.4
1,185,90.6,26.5
1,167,76.1,27.3
1,175,84.3,27.5
1,174,93.7,30.9
1,172,80.3,27.1
1,183,96.2,28.7
1,167,79.9,28.6
1,170,88.6,30.7
1,179,80.3,25.1
1,171,77.6,26.5
1,179,93.3,29.1
1,184,94.4,27.9
1,179,89.4,27.9
1,178,88.3,27.9
1,181,93.5,28.5
1,161,71.1,27.4
1,172,76.9,26
1,170,76.6,26.5
1,166,79.6,28.9
1,166,80.6,29.2
1,175,84.8,27.7
1,180,82.7,25.5
1,168,71,25.2
1,163,77,29
1,168,78.9,28
1,168,78.1,27.7
1,180,100.3,31
1,175,86.2,28.1
1,175,86.7,28.3
1,162,73.4,28
1,174,80.2,26.5
1,183,97.3,29.1
1,185,97.3,28.4
1,172,76.6,25.9
1,172,79.7,26.9
1,174,92.1,30.4
1,178,92.3,29.1
1,172,87.1,29.4
1,181,82.6,25.2
1,186,102.2,29.5
1,152,53.4,23.1
1,180,98,30.2
1,165,67.7,24.9
1,175,85.4,27.9
1,178,90.6,28.6
1,171,73.8,25.2
1,185,102.8,30
1,174,84.7,28
1,168,68,24.1
1,176,85.8,27.7
1,176,83.6,27
1,177,94.5,30.2
1,171,78.1,26.7
1,187,96.4,27.6
1,174,88,29.1
1,169,76.8,26.9
1,176,91,29.4
1,175,78,25.5
1,181,95,29
1,179,98.2,30.6
1,167,71.4,25.6
1,169,76.3,26.7
1,175,88.3,28.8
1,185,100.3,29.3
1,176,91.6,29.6
1,173,78.6,26.3
1,172,83.5,28.2
1,164,72.9,27.1
1,170,83.4,28.9
1,174,83.5,27.6
1,171,81.4,27.8
1,183,82.9,24.8
1,177,86.1,27.5
1,177,90.6,28.9
1,169,69.6,24.4
1,174,86.4,28.5
1,182,96.4,29.1
1,172,84.5,28.6
1,170,75,26
1,172,78.9,26.7
1,179,81.9,25.6
1,157,65.1,26.4
1,175,82.5,26.9
1,172,81.4,27.5
1,178,90.6,28.6
1,171,81.1,27.7
1,171,82,28
1,175,88.5,28.9
1,174,82,27.1
1,181,95.6,29.2
1,178,83.5,26.4
1,171,79.5,27.2
1,179,89.5,27.9
1,177,85.5,27.3
1,165,83.4,30.6
1,187,105.1,30.1
1,176,88.5,28.6
1,172,79,26.7
1,184,96.8,28.6
1,175,85.2,27.8
1,180,94.9,29.3
1,164,73.7,27.4
1,175,80,26.1
1,172,81,27.4
1,195,109.6,28.8
1,172,82.1,27.8
1,160,70.2,27.4
1,174,79.5,26.3
1,182,87.1,26.3
1,174,79.6,26.3
1,169,75,26.3
1,173,84.8,28.3
1,179,92.3,28.8
1,173,80.3,26.8
1,181,90.4,27.6
1,173,78.8,26.3
1,176,83.7,27
1,177,89.1,28.4
1,182,86,26
1,172,90.5,30.6
1,169,75.3,26.4
1,176,84.5,27.3
1,172,81.5,27.5
1,181,96,29.3
1,191,109.1,29.9
1,173,79.3,26.5
1,170,79.9,27.6
1,174,86.2,28.5
1,169,77,27
1,184,96.7,28.6
1,166,69,25
1,171,70.5,24.1
1,165,69.5,25.5
1,162,70.2,26.7
1,166,79.3,28.8
1,170,72.7,25.2
1,171,88.5,30.3
1,165,71.5,26.3
1,172,83.9,28.4
1,171,81,27.7
1,173,79.3,26.5
1,171,80.1,27.4
1,178,94.5,29.8
1,173,84.2,28.1
1,174,82.4,27.2
1,183,97.5,29.1
1,176,76.1,24.6
1,177,92,29.4
1,174,81.8,27
1,175,80.1,26.2
1,187,104.1,29.8
1,174,88.8,29.3
1,173,83,27.7
1,181,89.1,27.2
1,181,87.4,26.7
1,171,76.3,26.1
1,174,80.8,26.7
1,176,91.9,29.7
1,176,79.8,25.8
1,165,74.2,27.3
1,179,86.2,26.9
1,178,87.3,27.6
1,174,82.7,27.3
1,174,75.3,24.9
1,181,92,28.1
1,173,81.4,27.2
1,166,79,28.7
1,175,86.1,28.1
1,177,84.8,27.1
1,182,95.8,28.9
1,168,79.7,28.2
1,172,89.2,30.2
1,170,82.4,28.5
1,171,77.8,26.6
1,174,78.3,25.9
1,190,99.3,27.5
1,163,71.6,26.9
1,174,87.1,28.8
1,184,96.6,28.5
1,184,100.9,29.8
1,164,71.7,26.7
1,182,92,27.8
1,177,80.7,25.8
1,173,83.5,27.9
1,178,81.5,25.7
1,179,83.6,26.1
1,171,86.3,29.5
1,165,69.7,25.6
1,179,91.8,28.7
1,175,87,28.4
1,181,82.9,25.3
1,180,84.7,26.1
1,173,77.7,26
1,188,95.8,27.1
1,168,81.7,28.9
1,166,85.9,31.2
1,178,79.5,25.1
1,148,55,25.1
1,184,91.6,27.1
1,171,75,25.6
1,170,75.1,26
1,173,84.8,28.3
1,173,81.2,27.1
1,174,76.9,25.4
1,183,93.2,27.8
1,171,79.8,27.3
1,185,92.3,27
1,160,63.1,24.6
1,169,86.1,30.1
1,185,100.9,29.5
1,189,102.3,28.6
1,176,76.9,24.8
1,185,91.5,26.7
1,179,87.1,27.2
1,183,85.7,25.6
1,179,82.1,25.6
1,182,97.7,29.5
1,172,76.4,25.8
1,171,84.5,28.9
1,185,86.3,25.2
1,172,74.9,25.3
1,157,66.4,26.9
1,176,81.6,26.3
1,167,68.8,24.7
1,167,72.6,26
1,177,84.5,27
1,170,75.6,26.2
1,172,87.7,29.6
1,190,97.3,27
1,187,85.7,24.5
1,167,77.1,27.6
1,171,82.9,28.4
1,179,88,27.5
1,180,90,27.8
1,181,92.7,28.3
1,170,74.2,25.7
1,176,84,27.1
1,160,61.5,24
1,170,82.8,28.7
1,181,96.8,29.5
1,169,78,27.3
1,174,88.5,29.2
1,178,82.5,26
1,177,94.8,30.3
1,180,87.1,26.9
1,181,92.6,28.3
1,190,96.8,26.8
1,183,90.5,27
1,169,79.7,27.9
1,167,87.5,31.4
1,172,87.2,29.5
1,181,95.5,29.2
1,186,97.2,28.1
1,173,81.2,27.1
1,172,82.7,28
1,170,84.5,29.2
1,167,82.1,29.4
1,166,75.1,27.3
1,179,83.4,26
1,170,76.2,26.4
1,171,83.4,28.5
1,175,90.1,29.4
1,169,79,27.7
1,165,72.8,26.7
1,185,102.5,29.9
1,179,92.4,28.8
1,174,83.2,27.5
1,173,81.2,27.1
1,182,96.4,29.1
1,178,87.9,27.7
1,172,85,28.7
1,180,85.6,26.4
1,184,102.2,30.2
1,178,92.2,29.1
1,169,79.9,28
1,179,86.3,26.9
1,181,90.2,27.5
1,159,69.3,27.4
1,183,85.6,25.6
1,172,78.4,26.5
1,179,89,27.8
1,174,85.3,28.2
1,182,95.2,28.7
1,183,89.1,26.6
1,175,83.9,27.4
1,168,75.9,26.9
1,188,92.9,26.3
1,164,71.5,26.6
1,183,99.4,29.7
1,162,62.9,24
1,166,75.5,27.4
1,183,93.4,27.9
1,171,76.2,26.1
1,169,76.8,26.9
1,182,88,26.6
1,185,99.6,29.1
1,175,84.8,27.7
1,174,81.5,26.9
1,179,87.8,27.4
1,178,90.3,28.5
1,178,90,28.4
1,185,93.7,27.4
1,169,80.6,28.2
1,187,99.3,28.4
1,163,72.5,27.3
1,169,82.6,28.9
1,179,87.4,27.3
1,166,66.3,24.1
1,173,83.1,27.8
1,174,76.7,25.3
1,169,81.9,28.7
1,187,96.9,27.7
1,179,87.1,27.2
1,172,82.4,27.9
1,179,93.4,29.2
1,170,84.5,29.2
1,189,101.1,28.3
1,172,78.8,26.6
1,171,78.3,26.8
1,184,93.2,27.5
1,166,78.4,28.5
1,183,93,27.8
1,173,88.1,29.4
1,168,77.5,27.5
1,172,77.5,26.2
1,173,88.4,29.5
1,162,66.7,25.4
1,170,74.8,25.9
1,176,88.1,28.4
1,177,83,26.5
1,184,95.6,28.2
1,173,77.7,26
1,174,78.1,25.8
1,172,88.4,29.9
1,168,76,26.9
1,174,81.5,26.9
1,177,85.7,27.4
1,177,87.3,27.9
1,180,96.5,29.8
1,179,79.3,24.7
1,185,101.8,29.7
1,170,80,27.7
1,179,83.2,26
1,167,82.4,29.5
1,164,69.7,25.9
1,162,70.3,26.8
1,180,92.5,28.5
1,172,81.6,27.6
1,172,84.2,28.5
1,172,78.7,26.6
1,185,98.3,28.7
1,166,65.9,23.9
1,171,80.5,27.5
1,175,76.9,25.1
1,179,91.9,28.7
1,183,90.3,27
1,170,75.6,26.2
1,182,90.7,27.4
1,177,85.1,27.2
1,168,77.3,27.4
1,170,78.7,27.2
1,167,76.9,27.6
1,188,99.7,28.2
1,169,78.4,27.5
1,177,88.9,28.4
1,178,88.4,27.9
1,182,93.3,28.2
1,172,76,25.7
1,168,75.8,26.9
1,171,75,25.6
1,175,82.7,27
1,169,85.9,30.1
1,181,88.6,27
1,175,82,26.8
1,166,72.9,26.5
1,179,90.8,28.3
1,181,85.9,26.2
1,174,79,26.1
1,186,98.5,28.5
1,184,96.7,28.6
1,188,99.5,28.2
1,173,87.9,29.4
1,165,77.8,28.6
1,154,71,29.9
1,175,87.1,28.4
1,176,85.7,27.7
1,165,73,26.8
1,178,89.6,28.3
1,165,63,23.1
1,182,86.2,26
1,184,102,30.1
1,180,86.8,26.8
1,185,99.2,29
1,176,80.1,25.9
1,175,82.7,27
1,182,92.5,27.9
1,166,77.9,28.3
1,186,88,25.4
1,175,80.3,26.2
1,175,72.3,23.6
1,170,90.4,31.3
1,182,84.3,25.4
1,179,90.2,28.2
0,150,46.3,20.6
0,166,64.1,23.3
0,161,59.4,22.9
0,164,58.1,21.6
0,157,58.9,23.9
0,168,71.1,25.2
0,160,52.1,20.4
0,167,74.9,26.9
0,157,50.7,20.6
0,162,47.2,18
0,173,75.6,25.3
0,157,48.2,19.6
0,161,58.1,22.4
0,150,46.1,20.5
0,148,44.5,20.3
0,154,57.6,24.3
0,178,68.6,21.7
0,158,52.5,21
0,157,48.9,19.8
0,160,66,25.8
0,158,63.3,25.4
0,157,55.7,22.6
0,169,71.4,25
0,166,65.8,23.9
0,168,67.4,23.9
0,164,60.2,22.4
0,144,38.5,18.6
0,159,62.8,24.8
0,156,62.3,25.6
0,158,56.5,22.6
0,166,63.6,23.1
0,155,49.1,20.4
0,170,68.1,23.6
0,153,54,23.1
0,162,63.3,24.1
0,161,57,22
0,162,60,22.9
0,153,59.2,25.3
0,161,58.4,22.5
0,154,49.8,21
0,171,66.2,22.6
0,170,72.1,24.9
0,153,52,22.2
0,163,60.4,22.7
0,161,58.5,22.6
0,171,69.9,23.9
0,168,63,22.3
0,164,62.9,23.4
0,168,82,29.1
0,167,67.6,24.2
0,165,65.8,24.2
0,164,65.6,24.4
0,159,63.3,25
0,156,59,24.2
0,155,53.3,22.2
0,161,62.4,24.1
0,158,62.8,25.2
0,168,64.1,22.7
0,159,56.1,22.2
0,169,66,23.1
0,151,49.8,21.8
0,164,72.3,26.9
0,165,69.1,25.4
0,156,64.2,26.4
0,168,67,23.7
0,162,59.7,22.7
0,177,71.2,22.7
0,171,71.2,24.3
0,161,65.2,25.2
0,155,44.8,18.6
0,152,57.3,24.8
0,163,60.9,22.9
0,154,53.6,22.6
0,158,65.9,26.4
0,143,41.2,20.1
0,171,77.5,26.5
0,165,70.8,26
0,166,63,22.9
0,160,56.3,22
0,150,46.7,20.8
0,168,64.3,22.8
0,156,60.6,24.9
0,162,60.4,23
0,152,53,22.9
0,171,63.3,21.6
0,158,57.7,23.1
0,165,61.1,22.4
0,179,77.2,24.1
0,171,74.8,25.6
0,173,80.4,26.9
0,161,56.3,21.7
0,155,48.6,20.2
0,180,73.2,22.6
0,166,62.5,22.7
0,156,56,23
0,158,64.7,25.9
0,166,65.3,23.7
0,157,50.8,20.6
0,160,56.1,21.9
0,163,60.4,22.7
0,163,66.8,25.1
0,177,75.9,24.2
0,160,57.5,22.5
0,183,80.5,24
0,157,61,24.7
0,167,63.3,22.7
0,152,47.4,20.5
0,164,66.3,24.7
0,158,54.4,21.8
0,164,62.4,23.2
0,154,52.8,22.3
0,155,58.2,24.2
0,167,66.6,23.9
0,154,52.5,22.1
0,165,56.3,20.7
0,160,59.4,23.2
0,162,64.6,24.6
0,158,60.4,24.2
0,157,49,19.9
0,165,64.7,23.8
0,166,66.3,24.1
0,156,57.8,23.8
0,145,42.4,20.2
0,143,43.8,21.4
0,154,60,25.3
0,156,62.3,25.6
0,157,57.3,23.2
0,169,69.8,24.4
0,165,64,23.5
0,161,72.8,28.1
0,164,63.6,23.6
0,155,60.9,25.3
0,158,53.2,21.3
0,165,63.9,23.5
0,161,64.9,25
0,161,59.5,23
0,161,61.2,23.6
0,168,63,22.3
0,160,57.6,22.5
0,159,55.2,21.8
0,157,50.6,20.5
0,161,57.4,22.1
0,158,55.3,22.2
0,173,73.1,24.4
0,169,74.2,26
0,159,53.9,21.3
0,166,60.6,22
0,166,55.9,20.3
0,162,55.3,21.1
0,162,67.8,25.8
0,163,59.4,22.4
0,151,52.9,23.2
0,163,63.6,23.9
0,168,65.2,23.1
0,150,58.6,26
0,162,63.8,24.3
0,159,54.6,21.6
0,166,64.4,23.4
0,165,71.6,26.3
0,157,55.2,22.4
0,162,69.8,26.6
0,163,60.8,22.9
0,147,50.9,23.6
0,149,47.5,21.4
0,159,58,22.9
0,155,54.1,22.5
0,157,50.3,20.4
0,171,72.5,24.8
0,160,55.4,21.6
0,162,61.6,23.5
0,168,63,22.3
0,155,51.6,21.5
0,158,56.9,22.8
0,167,72.7,26.1
0,168,68.1,24.1
0,168,74.2,26.3
0,158,46.8,18.7
0,156,57.8,23.8
0,165,64.2,23.6
0,166,61.9,22.5
0,146,47.4,22.2
0,164,58.9,21.9
0,146,43.2,20.3
0,157,50.1,20.3
0,162,55.6,21.2
0,164,68.2,25.4
0,168,72.1,25.5
0,157,51.2,20.8
0,161,65.3,25.2
0,155,61.7,25.7
0,154,53.4,22.5
0,150,41.2,18.3
0,169,71.1,24.9
0,169,71.8,25.1
0,159,61,24.1
0,160,56.6,22.1
0,157,50.8,20.6
0,157,50.4,20.4
0,156,56.6,23.3
0,163,59.1,22.2
0,157,59.4,24.1
0,165,67.6,24.8
0,170,68.4,23.7
0,171,80,27.4
0,160,68.3,26.7
0,163,55.9,21
0,154,50.3,21.2
0,154,59.4,25
0,150,50.7,22.5
0,161,60.9,23.5
0,157,51.3,20.8
0,155,52.6,21.9
0,161,63.7,24.6
0,157,54.4,22.1
0,144,38.1,18.4
0,160,52.9,20.7
0,149,44.3,20
0,156,50.6,20.8
0,161,54.1,20.9
0,170,68.8,23.8
0,173,80.3,26.8
0,149,45.5,20.5
0,163,64.8,24.4
0,164,64.3,23.9
0,163,61.7,23.2
0,169,73.5,25.7
0,159,66.9,26.5
0,163,61.3,23.1
0,147,51.3,23.7
0,150,47.8,21.2
0,168,67.5,23.9
0,167,59.6,21.4
0,156,54.7,22.5
0,164,66.8,24.8
0,166,68.3,24.8
0,160,58.6,22.9
0,165,63.6,23.4
0,160,65.6,25.6
0,158,59.6,23.9
0,165,63.1,23.2
0,156,54.2,22.3
0,166,65.9,23.9
0,164,60.5,22.5
0,159,54,21.4
0,162,67.9,25.9
0,166,68.2,24.7
0,165,67,24.6
0,164,71.3,26.5
0,159,56.4,22.3
0,171,70,23.9
0,179,83.8,26.2
0,157,53.6,21.7
0,166,67.9,24.6
0,173,65.7,22
0,164,65.2,24.2
0,162,59.4,22.6
0,165,65.7,24.1
0,155,53.2,22.1
0,164,59.5,22.1
0,167,71.7,25.7
0,167,59,21.2
0,160,58.9,23
0,157,51.2,20.8
0,161,57.7,22.3
0,155,58.1,24.2
0,160,60.2,23.5
0,165,70.2,25.8
0,174,70.6,23.3
0,174,82.1,27.1
0,168,80,28.3
0,155,60.4,25.1
0,159,58.3,23.1
0,163,66.3,25
0,166,68.2,24.7
0,156,58.4,24
0,161,58.4,22.5
0,160,58.1,22.7
0,169,65.9,23.1
0,151,52.1,22.8
0,150,45.7,20.3
0,162,59.2,22.6
0,157,47.3,19.2
0,167,66.7,23.9
0,179,74,23.1
0,159,53.3,21.1
0,160,59,23
0,162,61.5,23.4
0,171,71.6,24.5
0,163,69.6,26.2
0,155,50.8,21.1
0,159,58.4,23.1
0,162,59,22.5
0,155,52.3,21.8
0,160,60.3,23.6
0,171,75.5,25.8
0,154,53.2,22.4
0,167,70.4,25.2
0,174,75.2,24.8
0,170,70.5,24.4
0,151,56.5,24.8
0,146,48.3,22.7
0,161,55.3,21.3
0,162,61,23.2
0,169,73.6,25.8
0,166,64.8,23.5
0,156,49.5,20.3
0,158,54.1,21.7
0,155,59.7,24.8
0,170,63.5,22
0,148,41,18.7
0,158,60.7,24.3
0,154,54.7,23.1
0,161,69.9,27
0,158,51.2,20.5
0,152,54.8,23.7
0,157,56.1,22.8
0,159,57.9,22.9
0,153,59.7,25.5
0,155,53.2,22.1
0,162,66.3,25.3
0,153,50,21.4
0,158,53.4,21.4
0,155,48.7,20.3
0,154,50,21.1
0,169,60.3,21.1
0,162,67.8,25.8
0,158,62.1,24.9
0,164,61.1,22.7
0,166,58.3,21.2
0,160,62.4,24.4
0,164,65.2,24.2
0,157,56.4,22.9
0,160,56.9,22.2
0,157,48.6,19.7
0,168,67.8,24
0,165,70.4,25.9
0,173,64.5,21.6
0,161,60.8,23.5
0,167,57.3,20.5
0,156,57.9,23.8
0,155,49.4,20.6
0,156,52,21.4
0,161,60,23.1
0,173,73.6,24.6
0,163,70.6,26.6
0,141,40.1,20.2
0,156,53.3,21.9
0,170,72.9,25.2
0,169,73.2,25.6
0,165,58.1,21.3
0,155,55,22.9
0,167,71.2,25.5
0,158,56.3,22.6
0,170,70.3,24.3
0,156,58,23.8
0,160,64,25
0,159,57.3,22.7
0,158,54.1,21.7
0,160,54.5,21.3
0,159,62.8,24.8
0,141,31.3,15.7
0,155,56.6,23.6
0,166,65.5,23.8
0,155,61.1,25.4
0,152,46.3,20
0,164,68.7,25.5
0,175,72.2,23.6
0,169,71.1,24.9
0,163,61.1,23
0,162,69.2,26.4
0,169,70,24.5
0,167,75.7,27.1
0,172,73.7,24.9
0,174,68.3,22.6
0,171,75.2,25.7
0,156,46.2,19
0,152,50.5,21.9
0,159,48.8,19.3
0,158,55.6,22.3
0,147,50.2,23.2
0,150,50.4,22.4
0,155,52.1,21.7
0,152,51.1,22.1
0,162,60.9,23.2
0,159,54.3,21.5
0,165,64.2,23.6
0,147,42.4,19.6
0,178,73.7,23.3
0,160,61.5,24
0,151,49.6,21.8
0,163,71.1,26.8
0,159,65.7,26
0,162,53.6,20.4
0,177,77.8,24.8
0,153,42.7,18.2
0,158,59.9,24
0,163,61.6,23.2
0,159,58.6,23.2
0,160,59.5,23.2
0,158,57.6,23.1
0,153,51.4,22
0,158,56.1,22.5
0,163,64.6,24.3
0,169,59.5,20.8
0,164,57.1,21.2
0,164,64.5,24
0,176,71.3,23
0,157,57.6,23.4
0,164,60.9,22.6
0,170,75.3,26.1
0,165,66.8,24.5
0,162,61.5,23.4
0,168,69.5,24.6
0,168,64.7,22.9
0,157,57.5,23.3
0,164,56.6,21
0,177,82.8,26.4
0,155,54,22.5
0,161,63.2,24.4
0,169,60.9,21.3
0,164,58.3,21.7
0,161,57.3,22.1
0,157,60.6,24.6
0,170,81.5,28.2
0,151,54.8,24
0,156,51.8,21.3
0,147,45.6,21.1
0,161,58.7,22.6
0,164,64.5,24
0,166,65.3,23.7
0,169,66.9,23.4
0,167,66,23.7
0,162,51.8,19.7
0,156,53.5,22
0,151,63.1,27.7
0,156,53.1,21.8
0,159,61.1,24.2
0,175,69.7,22.8
0,164,65.5,24.4
0,154,45.4,19.1
0,164,61,22.7
0,159,60.2,23.8
0,159,52.9,20.9
0,165,67.3,24.7
0,165,67.3,24.7
0,158,58.3,23.4
0,169,72.6,25.4
0,159,57,22.5
0,168,64,22.7
0,155,52.9,22
0,159,54.7,21.6
0,162,64.6,24.6
0,161,56.9,22
0,158,59.5,23.8
0,162,68.2,26
0,156,53.9,22.1
0,165,64.3,23.6
0,158,54,21.6
0,162,63.8,24.3
0,166,68.1,24.7
0,163,51.7,19.5
0,165,63.6,23.4
0,146,42.6,20
0,161,57.6,22.2
0,170,73.1,25.3
0,162,60.5,23.1
0,154,53.7,22.6
0,166,62.6,22.7
0,161,60.6,23.4
0,165,68.1,25
0,161,63.6,24.5
0,167,68.6,24.6
0,154,51.4,21.7
0,154,51.1,21.5
0,169,59.9,21
0,161,58.9,22.7
0,173,75.7,25.3
0,161,61.6,23.8
0,155,54.3,22.6
0,156,53.7,22.1
0,165,70.2,25.8
0,161,63.1,24.3
0,163,63.9,24.1
0,159,69.7,27.6
0,171,72.8,24.9
0,163,62.3,23.4
0,163,64.7,24.4
0,154,56.1,23.7
0,164,60.5,22.5
0,168,68.5,24.3
0,157,53.1,21.5
0,162,67.7,25.8
0,160,56.6,22.1
0,173,70.6,23.6
0,161,65.3,25.2
0,159,62.8,24.8
0,166,62.1,22.5
0,166,66.7,24.2
0,167,70.7,25.4
0,168,67,23.7
0,167,65.1,23.3
0,163,62.5,23.5
0,164,67.6,25.1
0,166,63.5,23
0,157,64,26
0,164,63.5,23.6
0,165,67.9,24.9
0,169,78.7,27.6
0,162,64.8,24.7
0,164,61.3,22.8
0,168,76.7,27.2
0,155,53.8,22.4
0,159,59.3,23.5
0,160,55.5,21.7
0,154,55.1,23.2
0,159,65.7,26
0,171,74.9,25.6
0,151,56.2,24.6
0,162,61.1,23.3
0,167,77.4,27.8
0,159,48.4,19.1
0,163,59.2,22.3
0,178,74.4,23.5
0,173,78,26.1
0,152,52.4,22.7
0,148,43.7,20
0,156,62.2,25.6
0,161,60.5,23.3
0,166,58.1,21.1
0,156,58.7,24.1
0,158,60.2,24.1
0,161,54.5,21
0,170,75.5,26.1
0,164,65,24.2
0,163,58.8,22.1
0,170,75.5,26.1
0,159,65.4,25.9
0,166,72.8,26.4
0,168,68.7,24.3
0,163,55,20.7
0,159,62.6,24.8
0,160,67.6,26.4
0,161,59.8,23.1
0,165,68.7,25.2
0,155,53.5,22.3
0,164,64.2,23.9
0,160,54.7,21.4
0,160,62.9,24.6
0,163,67.9,25.6
0,161,61.5,23.7
0,154,51,21.5
0,154,53.6,22.6
0,169,68.6,24
0,172,74,25
0,160,54.9,21.4
0,172,79.4,26.8
0,166,71.8,26.1
0,150,51.6,22.9
0,169,67.6,23.7
0,171,66.5,22.7
0,157,58.7,23.8
0,165,58.5,21.5
0,166,68.8,25
0,156,62,25.5
0,168,70.2,24.9
0,159,52.2,20.6
0,176,76,24.5
0,161,52.6,20.3
0,165,63.8,23.4
0,154,58.3,24.6
0,166,70,25.4
0,160,69.6,27.2
0,160,59.7,23.3
0,164,64.6,24
0,162,64.4,24.5
0,158,56.5,22.6
0,170,69.2,23.9
0,164,66.4,24.7
0,168,66.5,23.6
0,162,57,21.7
0,172,77.6,26.2
0,169,74.5,26.1
0,159,56.7,22.4
0,175,79.3,25.9
0,163,59.1,22.2
0,165,70.1,25.7
0,160,60.5,23.6
0,160,64.8,25.3
0,156,57.2,23.5
0,159,59.9,23.7
0,167,62.9,22.6
0,159,57.4,22.7
0,157,62.1,25.2
0,163,59.3,22.3
0,155,54.9,22.9
0,159,61.4,24.3
0,159,61.1,24.2
0,166,68.1,24.7
0,160,57.8,22.6
0,162,61.8,23.5
0,171,77.4,26.5
0,152,43.3,18.7
0,163,63,23.7
0,162,59.4,22.6
0,173,78.7,26.3
0,153,41.7,17.8
0,161,49.5,19.1
0,166,73.2,26.6
0,158,60.2,24.1
0,168,75.7,26.8
0,162,64.7,24.7
0,149,47.9,21.6
0,158,67,26.8
0,158,61.5,24.6
0,165,74.1,27.2
0,162,57.1,21.8
0,156,57,23.4
0,160,61.1,23.9
0,156,63.2,26
0,159,60.3,23.9
0,160,58,22.7
0,166,66,24
0,172,81.8,27.7
0,155,53.1,22.1
0,158,55.7,22.3
0,173,72.8,24.3
0,164,72.6,27
0,164,66.2,24.6
0,155,54,22.5
0,176,78.8,25.4
0,152,48.2,20.9
0,162,60.5,23.1
0,162,56.6,21.6
0,169,74.5,26.1
0,164,67.3,25
0,172,70.1,23.7
0,161,69.4,26.8
0,158,61,24.4
0,166,63.1,22.9
0,170,69.4,24
0,163,65.5,24.7
0,169,70.7,24.8
0,162,62.3,23.7
0,168,66.3,23.5
0,165,66.1,24.3
0,148,52.1,23.8
0,159,65.2,25.8
0,155,55.6,23.1
0,153,48.4,20.7
0,166,61.5,22.3
0,168,64.8,23
0,161,59.1,22.8
0,167,62.1,22.3
0,158,51.1,20.5
0,162,66.6,25.4
0,149,41.2,18.6
0,167,69.3,24.8
0,168,63.5,22.5
0,166,64.7,23.5
0,173,70.5,23.6
0,171,73.2,25
0,173,76.6,25.6
0,175,85.6,28
0,163,63.3,23.8
0,169,65.3,22.9
0,173,78.2,26.1
0,172,74.6,25.2
0,176,80.6,26
0,164,66.4,24.7
0,165,56.2,20.6
0,154,58.9,24.8
0,169,73,25.6
0,166,64.6,23.4
0,165,67.5,24.8
0,168,75.1,26.6
0,166,60.6,22
0,162,53.3,20.3
0,169,67.5,23.6
0,164,66.6,24.8
0,154,51.5,21.7
0,162,63.7,24.3
0,155,53.4,22.2
0,165,63.9,23.5
0,167,68.7,24.6
0,159,57.8,22.9
0,161,51.9,20
0,159,54.7,21.6
0,179,73.6,23
0,159,54.2,21.4
0,171,76,26
0,151,50.3,22.1
0,162,59.1,22.5
0,162,63.7,24.3
0,168,64.9,23
0,156,61.3,25.2
0,159,61.5,24.3
0,157,50.2,20.4
0,168,62.2,22
0,162,60.9,23.2
0,160,62,24.2
0,162,65.5,25
0,170,69.4,24
0,168,68.5,24.3
0,163,73.8,27.8
0,156,54.1,22.2
0,170,75,26
0,153,55.5,23.7
0,166,61.1,22.2
0,159,61.7,24.4
0,156,52.2,21.4
0,162,62.6,23.9
0,154,46.8,19.7
0,164,73.7,27.4
0,167,65.8,23.6
0,171,76.8,26.3
0,157,65.7,26.7
0,146,44.8,21
0,168,71.7,25.4
0,167,79.3,28.4
0,149,41.3,18.6
0,168,79.4,28.1
0,150,46.5,20.7
0,173,66.8,22.3
0,173,75.2,25.1
0,163,68.3,25.7
0,165,64,23.5
0,153,49.7,21.2
0,155,56.1,23.4
0,176,76.6,24.7
0,170,69.4,24
0,157,58.9,23.9
0,168,78,27.6
0,142,42.9,21.3
0,173,79.5,26.6
0,161,63.2,24.4
0,156,45.7,18.8
0,174,80.2,26.5
0,156,55.7,22.9
0,174,78.3,25.9
0,166,66.7,24.2
0,143,36.5,17.8
0,171,79.8,27.3
0,162,66.1,25.2
0,165,62.8,23.1
0,156,59.2,24.3
0,161,63.1,24.3
0,149,46.3,20.9
0,173,71.7,24
0,162,67.5,25.7
0,169,67.4,23.6
0,151,59,25.9
0,163,62.5,23.5
0,157,68.8,27.9
0,172,69.9,23.6
0,151,60.3,26.4
0,159,56.3,22.3
0,167,64.8,23.2
0,154,60.4,25.5
0,171,72,24.6
0,160,51.9,20.3
0,161,58.1,22.4
0,171,74.2,25.4
0,159,58.5,23.1
0,160,64.1,25
0,158,53.9,21.6
0,154,54.9,23.1
0,158,53.2,21.3
0,154,53.4,22.5
0,158,59.7,23.9
0,164,64.4,23.9
0,166,67.2,24.4
0,170,69.1,23.9
0,152,49.3,21.3
0,168,76.7,27.2
0,172,68.4,23.1
0,150,45.8,20.4
0,176,74.8,24.1
0,170,63.4,21.9
0,163,65.8,24.8
0,161,62.3,24
0,159,62.6,24.8
0,164,71.7,26.7
0,161,63.6,24.5
0,161,53.6,20.7
0,163,54.5,20.5
0,153,48.1,20.5
0,165,55.6,20.4
0,169,64.9,22.7
0,163,63.6,23.9
0,166,67.5,24.5
0,158,60.5,24.2
0,154,58.3,24.6
0,164,61.3,22.8
0,169,68.5,24
0,175,75.8,24.8
0,157,53.4,21.7
0,158,53.8,21.6
0,156,63.5,26.1
0,164,56.5,21
0,162,63.5,24.2
0,168,72.8,25.8
0,164,68.5,25.5
0,164,61.8,23
0,172,69.5,23.5
0,162,65.7,25
0,176,76.3,24.6
0,172,66.2,22.4
0,154,50.1,21.1
0,152,53.3,23.1
0,151,48.7,21.4
0,174,79.4,26.2
0,167,72,25.8
0,173,74.8,25
0,171,68.8,23.5
0,161,57.5,22.2
0,162,57.3,21.8
0,170,72.8,25.2
0,159,57.5,22.7
0,171,69.6,23.8
0,160,57.2,22.3
0,158,62.3,25
0,147,48.9,22.6
0,161,55,21.2
0,158,62.4,25
0,158,57.6,23.1
0,162,68,25.9
0,175,75.7,24.7
0,165,67.5,24.8
0,156,52.9,21.7
0,157,55.2,22.4
0,164,66.7,24.8
0,154,49.8,21
0,166,63.7,23.1
0,161,61.6,23.8
0,165,64.8,23.8
0,162,63.2,24.1
0,160,59.7,23.3
0,161,67.6,26.1
0,164,62.1,23.1
0,165,62.5,23
0,163,62.8,23.6
0,157,53.4,21.7
0,159,55.6,22
0,172,66,22.3
0,168,76.3,27
0,149,49.5,22.3
0,157,58.5,23.7
0,149,46.7,21
0,165,65.7,24.1
0,147,41.5,19.2
0,173,70.2,23.5
0,153,48.6,20.8
0,167,70.7,25.4
0,162,63,24
0,172,68.4,23.1
0,171,76.4,26.1
0,165,57.1,21
0,158,59.5,23.8
0,164,76.6,28.5
0,165,64.9,23.8
0,163,72,27.1
0,159,56.4,22.3
0,162,50.2,19.1
0,165,58.6,21.5
0,169,71.6,25.1
0,173,73.8,24.7
0,160,62.2,24.3
0,162,55.4,21.1
0,148,43.8,20
0,158,51.4,20.6
0,171,70.6,24.1
0,157,61.1,24.8
0,157,61,24.7
0,160,59.2,23.1
0,167,66.5,23.8
0,157,58.8,23.9
0,157,54.7,22.2
0,167,66.1,23.7
0,151,53.3,23.4
0,164,60.5,22.5
0,162,76.7,29.2
0,154,59.1,24.9
0,167,71.3,25.6
0,151,39.4,17.3
0,170,69,23.9
0,162,55.4,21.1
0,167,62.2,22.3
0,171,66.3,22.7
0,165,68.3,25.1
0,168,67.6,24
0,162,54.9,20.9
0,157,64.1,26
0,158,58.4,23.4
0,169,56.4,19.7
0,156,63.7,26.2
0,173,64.8,21.7
0,164,66.3,24.7
0,164,64.9,24.1
0,159,59,23.3
0,176,76.3,24.6
0,155,52.1,21.7
0,167,76.1,27.3
0,178,75.2,23.7
0,164,64.3,23.9
0,158,58.7,23.5
0,166,74.4,27
0,167,59.8,21.4
0,154,54.1,22.8
0,164,60.4,22.5
0,173,68.5,22.9
0,163,64.2,24.2
0,163,64.3,24.2
0,164,67.7,25.2
0,160,54.1,21.1
0,155,61.5,25.6
0,157,55.7,22.6
0,167,63.4,22.7
0,174,76.4,25.2
0,157,57.2,23.2
0,164,61.5,22.9
0,154,49.8,21
0,167,70.8,25.4
0,159,49.5,19.6
0,155,52.1,21.7
0,165,71.1,26.1
0,146,39.7,18.6
0,151,55.8,24.5
0,158,54.4,21.8
0,152,51.7,22.4
0,158,55,22
0,159,54.2,21.4
0,174,73.2,24.2
0,155,63.9,26.6
0,158,58.5,23.4
0,150,48.4,21.5
0,156,55.3,22.7
0,174,81.3,26.9
0,165,58.2,21.4
0,160,55.2,21.6
0,152,58,25.1
0,157,60.5,24.5
0,156,46.7,19.2
0,157,57.7,23.4
0,159,53.8,21.3
0,166,65.6,23.8
0,158,52.1,20.9
0,152,43.9,19
0,166,71.9,26.1
0,163,65.8,24.8
0,163,63.7,24
0,159,64.7,25.6
0,159,64.8,25.6
0,169,66,23.1
0,173,74.1,24.8
0,158,62.1,24.9
0,167,68.5,24.6
0,161,63.8,24.6
0,167,64.1,23
0,144,40.3,19.4
0,147,41.9,19.4
0,174,77.6,25.6
0,162,69.4,26.4
0,160,63.1,24.6
0,172,74.8,25.3
0,169,72.6,25.4
0,158,62,24.8
0,154,44.4,18.7
0,161,61.8,23.8
0,170,72.9,25.2
0,171,77.3,26.4
0,167,72.3,25.9
0,159,64.8,25.6
0,161,62.2,24
0,167,71,25.5
0,165,65.7,24.1
0,153,49.9,21.3
0,180,79.8,24.6
0,152,48.7,21.1
0,158,62.3,25
0,168,66.9,23.7
0,167,67.3,24.1
0,150,44.7,19.9
0,162,60.3,23
0,160,59.3,23.2
0,154,48.5,20.5
0,160,50.6,19.8
0,159,54.3,21.5
0,158,55.8,22.4
0,162,56.9,21.7
0,155,56.7,23.6
0,169,61.6,21.6
0,153,61.1,26.1
0,159,58.7,23.2
0,160,63.2,24.7
0,156,53.6,22
0,163,55.3,20.8
0,158,49.6,19.9
0,166,67.8,24.6
0,173,73.4,24.5
0,167,61.8,22.2
0,166,63.5,23
0,162,65.4,24.9
0,165,61.1,22.4
0,159,60.2,23.8
0,168,73.9,26.2
0,154,55.2,23.3
0,165,67.9,24.9
0,158,59.9,24
0,161,66.7,25.7
0,155,57.7,24
0,163,57.7,21.7
0,168,69.7,24.7
0,145,45.1,21.5
0,161,59.4,22.9
0,150,48.1,21.4
0,164,69,25.7
0,169,69.3,24.3
0,164,59.3,22
0,169,70,24.5
0,164,68.9,25.6
0,152,60.5,26.2
0,161,70.8,27.3
0,162,66.6,25.4
0,166,73.2,26.6
0,169,67.2,23.5
0,165,61.2,22.5
0,170,68.7,23.8
0,167,68.3,24.5
0,162,60.6,23.1
0,159,62.4,24.7
0,168,64.1,22.7
0,158,61.6,24.7
0,161,61.1,23.6
0,164,59.5,22.1
0,163,63.2,23.8
0,161,56.3,21.7
0,164,66.8,24.8
0,162,68.1,25.9
0,155,50.7,21.1
0,160,53.1,20.7
0,163,62.4,23.5
0,156,46.6,19.1
0,163,64.6,24.3
0,156,59.6,24.5
0,167,62.1,22.3
0,163,61.2,23
0,172,66.9,22.6
0,144,40.6,19.6
0,148,44.8,20.5
0,153,57,24.3
0,151,57,25
0,167,60.5,21.7
0,160,59.5,23.2
0,160,54.5,21.3
0,166,62.7,22.8
0,171,67.6,23.1
0,153,55.4,23.7
0,159,66.2,26.2
0,164,63.5,23.6
0,162,56.5,21.5
0,161,62.6,24.2
0,159,56,22.2
0,160,58.9,23
0,160,54.6,21.3
0,156,59.3,24.4
0,165,64.6,23.7
0,154,55.3,23.3
0,162,57.6,21.9
0,166,68.3,24.8
0,173,73.7,24.6
0,158,58.2,23.3
0,170,57.3,19.8
0,166,58.6,21.3
0,165,66.2,24.3
0,156,55.6,22.8
0,164,67.2,25
0,158,53.1,21.3
0,157,54.4,22.1
0,163,64.1,24.1
0,158,62.4,25
0,150,48.9,21.7
0,166,67.9,24.6
0,162,57.9,22.1
0,170,63.7,22
0,150,50.8,22.6
0,150,51.5,22.9
0,155,49.9,20.8
0,167,60.9,21.8
0,169,71.1,24.9
0,146,43.6,20.5
0,157,52,21.1
0,166,65.1,23.6
0,176,74.4,24
0,163,69.9,26.3
0,162,57.8,22
0,168,64.4,22.8
0,166,65.3,23.7
0,157,56.6,23
0,170,76.5,26.5
0,160,62.3,24.3
0,158,61.2,24.5
0,170,68.7,23.8
0,162,56.6,21.6
0,170,75,26
0,169,65.4,22.9
0,149,46.3,20.9
0,160,62.6,24.5
0,165,55.7,20.5
0,160,56.5,22.1
0,158,60.7,24.3
0,164,58.7,21.8
0,161,72.5,28
0,163,64.5,24.3
0,158,59.2,23.7
0,155,47,19.6
0,171,64.8,22.2
0,181,79.4,24.2
0,154,49.1,20.7
0,159,56.7,22.4
0,157,49,19.9
0,158,56.1,22.5
0,163,52.8,19.9
0,153,58,24.8
0,173,73.2,24.5
0,166,61.1,22.2
0,167,67.4,24.2
0,151,48.4,21.2
0,165,58.9,21.6
0,167,72.5,26
0,151,49.2,21.6
0,168,64.7,22.9
0,166,69.2,25.1
0,167,63.8,22.9
0,159,60.7,24
0,169,73.5,25.7
0,165,59.9,22
0,166,58.7,21.3
0,171,72.3,24.7
0,163,67.3,25.3
0,163,64.6,24.3
0,155,54.6,22.7
0,173,71.8,24
0,161,57.1,22
0,167,72.5,26
0,165,70.8,26
0,157,54.7,22.2
0,176,77.2,24.9
0,166,69.8,25.3
0,165,64.8,23.8
0,165,69.7,25.6
0,157,65.6,26.6
0,162,56.8,21.6
0,162,63.9,24.3
0,154,52.9,22.3
0,163,71,26.7
0,174,70.9,23.4
0,156,62.6,25.7
0,155,51.3,21.4
0,163,64,24.1
0,173,66,22.1
0,170,73.5,25.4
0,178,71.8,22.7
0,155,59.6,24.8
0,160,65,25.4
0,172,80.5,27.2
0,156,55.7,22.9
0,168,70.9,25.1
0,176,76,24.5
0,154,57.8,24.4
0,157,64.2,26
0,162,63.4,24.2
0,158,49.1,19.7
0,166,65.2,23.7
0,166,68.7,24.9
0,166,65.7,23.8
0,167,74.9,26.9
0,142,47.1,23.4
0,149,42.2,19
0,162,64.6,24.6
0,160,65.9,25.7
0,165,65,23.9
0,161,50.1,19.3
0,163,65,24.5
0,161,62.4,24.1
0,168,69.6,24.7
0,153,59.3,25.3
0,177,72.5,23.1
0,171,73.3,25.1
0,159,60,23.7
0,165,61.9,22.7
0,157,51.6,20.9
0,163,66.6,25.1
0,155,53.9,22.4
0,164,63.9,23.8
0,163,64,24.1
0,168,71.9,25.5
0,152,45.2,19.6
0,163,61.5,23.1
0,163,60.9,22.9
0,157,55.5,22.5
0,163,63.2,23.8
0,167,69,24.7
0,160,55.4,21.6
0,175,76.2,24.9
0,178,84.8,26.8
0,158,65.7,26.3
0,152,50.8,22
0,160,55.6,21.7
0,157,50.1,20.3
0,163,62.1,23.4
0,154,56.6,23.9
0,163,60.3,22.7
0,162,63.5,24.2
0,168,69.7,24.7
0,172,69.3,23.4
0,172,72.7,24.6
0,148,43.7,20
0,156,52.3,21.5
0,160,68.6,26.8
0,160,62.7,24.5
0,163,57.7,21.7
0,159,65,25.7
0,163,65.3,24.6
0,167,75.5,27.1
0,169,64,22.4
0,158,55.9,22.4
0,156,62.2,25.6
0,154,51.5,21.7
0,154,49.6,20.9
0,153,54,23.1
0,144,44.2,21.3
0,156,58.2,23.9
0,152,49.9,21.6
0,177,78.7,25.1
0,170,61.7,21.3
0,149,43.8,19.7
0,154,53.2,22.4
0,157,57.8,23.4
0,170,73.9,25.6
0,155,59.7,24.8
0,160,61.1,23.9
0,169,71.5,25
0,167,72.5,26
0,154,45.6,19.2
0,160,54.9,21.4
0,167,74.6,26.7
0,150,41.6,18.5
0,161,59.6,23
0,169,68.7,24.1
0,165,63.5,23.3
0,152,53.7,23.2
0,158,58.4,23.4
0,174,78.5,25.9
0,171,78.3,26.8
0,159,57.7,22.8
0,154,57.1,24.1
0,149,54.2,24.4
0,165,62.5,23
0,179,89,27.8
0,168,63.7,22.6
0,159,61.1,24.2
0,154,53.7,22.6
0,165,64.9,23.8
0,157,64.4,26.1
0,165,67.8,24.9
0,161,67.6,26.1
0,164,55.6,20.7
0,157,67.1,27.2
0,153,49,20.9
0,151,41.8,18.3
0,170,61.2,21.2
0,160,64,25
0,166,67.7,24.6
0,160,65,25.4
0,161,61.6,23.8
0,166,69.6,25.3
0,153,58,24.8
0,173,72.7,24.3
0,164,64.4,23.9
0,166,64.2,23.3
0,160,59.5,23.2
0,170,73.3,25.4
0,156,45.9,18.9
0,165,60.5,22.2
0,166,58.6,21.3
0,165,62.5,23
0,165,70,25.7
0,153,53.5,22.9
0,177,71.2,22.7
0,146,57.1,26.8
0,156,58.3,24
0,146,47.7,22.4
0,167,65.2,23.4
0,160,54.7,21.4
0,175,75.5,24.7
0,163,66.6,25.1
0,151,58.5,25.7
0,163,68.7,25.9
0,167,72.3,25.9
0,158,55.6,22.3
0,160,55.8,21.8
0,154,51.1,21.5
0,154,52.1,22
0,153,52.7,22.5
0,149,43.4,19.5
0,163,67.2,25.3
0,154,51.4,21.7
0,168,68.6,24.3
0,167,65.4,23.5
0,156,58.9,24.2
0,161,68.3,26.3
0,157,56.8,23
0,163,61.6,23.2
0,164,67.3,25
0,161,61.2,23.6
0,159,50.4,19.9
0,160,56.4,22
0,159,56.2,22.2
0,151,50.7,22.2
0,164,57.9,21.5
0,154,59,24.9
0,162,61.6,23.5
0,152,46.6,20.2
0,161,58.9,22.7
0,174,77.2,25.5
0,169,72.4,25.3
0,169,66.6,23.3
0,165,62,22.8
0,177,80.7,25.8
0,160,59.4,23.2
0,154,52.1,22
0,150,46.9,20.8
0,152,51.9,22.5
0,159,54.1,21.4
0,156,55.7,22.9
0,171,74.6,25.5
0,165,63.7,23.4
0,159,55.1,21.8
0,169,68,23.8
0,158,50.4,20.2
0,166,61.9,22.5
0,172,70.9,24
0,162,75.3,28.7
0,156,48.7,20
0,168,62.8,22.3
0,163,60.9,22.9
0,160,53,20.7
0,148,46.2,21.1
0,160,54.5,21.3
0,151,50,21.9
0,160,57.5,22.5
0,161,59.2,22.8
0,158,61.9,24.8
0,160,60,23.4
0,165,69.7,25.6
0,174,75.3,24.9
0,160,59,23
0,161,56.3,21.7
0,162,59.4,22.6
0,148,48.6,22.2
0,147,39.1,18.1
0,166,63.1,22.9
0,158,55.4,22.2
0,159,52.1,20.6
0,162,63.8,24.3
0,153,57.9,24.7
0,172,71.6,24.2
0,148,38.9,17.8
0,155,54.6,22.7
0,170,64.8,22.4
0,154,48.4,20.4
0,157,55.9,22.7
0,159,57.5,22.7
0,157,53,21.5
0,155,52.2,21.7
0,168,73.6,26.1
0,155,50.3,20.9
0,154,50.7,21.4
0,168,69.7,24.7
0,164,63.1,23.5
0,161,64.2,24.8
0,158,59.6,23.9
0,160,56.7,22.1
0,164,60.2,22.4
0,164,60.6,22.5
0,161,65.6,25.3
0,160,55.8,21.8
0,161,66.3,25.6
0,163,67.9,25.6
0,163,63,23.7
0,160,61.7,24.1
0,164,63.1,23.5
0,164,63,23.4
0,171,71.8,24.6
0,162,57.5,21.9
0,161,62.3,24
0,151,46.5,20.4
0,159,61,24.1
0,153,52.7,22.5
0,157,52,21.1
0,155,48.7,20.3
0,164,55.1,20.5
0,154,54.6,23
0,163,66.5,25
0,164,73.3,27.3
0,152,47,20.3
0,166,63,22.9
0,162,58.8,22.4
0,160,64.4,25.2
0,168,68,24.1
0,168,73.6,26.1
0,159,54.6,21.6
0,167,64.4,23.1
0,155,62.8,26.1
0,163,67.7,25.5
0,170,71.1,24.6
0,169,60.2,21.1
0,167,71.7,25.7
0,152,47.1,20.4
0,163,65.7,24.7
0,152,50.1,21.7
0,159,64.3,25.4
0,167,56.9,20.4
0,161,63.3,24.4
0,169,72.6,25.4
0,164,65.4,24.3
0,157,49.9,20.2
0,171,73.7,25.2
0,161,53,20.4
0,155,56.1,23.4
0,163,60,22.6
0,178,80.1,25.3
0,174,69.7,23
0,171,77.8,26.6
0,163,75,28.2
0,159,55.1,21.8
0,161,65,25.1
0,160,58.8,23
0,167,63.3,22.7
0,168,68.2,24.2
0,168,76.1,27
0,167,62.7,22.5
0,159,61.2,24.2
0,162,62.6,23.9
0,154,49.5,20.9
0,161,51.7,19.9
0,161,66.2,25.5
0,158,52.3,21
0,164,57.9,21.5
0,162,69.7,26.6
0,158,52.9,21.2
0,161,60.6,23.4
0,163,60.5,22.8
0,162,51,19.4
0,159,60.4,23.9
0,169,66.1,23.1
0,162,62.2,23.7
0,162,70.3,26.8
0,164,62.8,23.3
0,168,69.8,24.7
0,159,53.2,21
0,166,67,24.3
0,155,50.6,21.1
0,164,59.4,22.1
0,159,62.7,24.8
0,155,52.4,21.8
0,159,53.4,21.1
0,158,57.2,22.9
0,168,76.1,27
0,162,61.8,23.5
0,167,70.9,25.4
0,162,58.3,22.2
0,151,49.4,21.7
0,162,58.6,22.3
0,154,50.1,21.1
0,172,74.2,25.1
0,152,53.4,23.1
0,163,63.2,23.8
0,163,59.5,22.4
0,154,53.5,22.6
0,158,54.4,21.8
0,153,49.6,21.2
0,151,45.6,20
0,162,64.9,24.7
0,164,63.7,23.7
0,163,61.6,23.2
0,159,69.5,27.5
0,158,62.8,25.2
0,152,52.1,22.6
0,166,61.1,22.2
0,169,71.1,24.9
0,161,57,22
0,160,46.4,18.1
0,174,69.6,23
0,159,49.3,19.5
0,163,73.6,27.7
0,157,57.1,23.2
0,159,64.1,25.4
0,160,62.2,24.3
0,148,51.9,23.7
0,176,82.4,26.6
0,171,71.3,24.4
0,160,58.4,22.8
0,153,52.8,22.6
0,171,68.5,23.4
0,176,82.7,26.7
0,153,56.2,24
0,159,52.7,20.8
0,158,64.5,25.8
0,153,63.1,27
0,166,66.6,24.2
0,156,59.2,24.3
0,153,57.3,24.5
0,156,52.7,21.7
0,174,68.8,22.7
0,173,71.6,23.9
0,154,54.9,23.1
0,158,64.1,25.7
0,153,45.1,19.3
0,168,70,24.8
0,167,62.2,22.3
0,162,55.1,21
0,158,60.8,24.4
0,170,66,22.8
0,159,51.5,20.4
0,149,48.6,21.9
0,170,66.3,22.9
0,166,68,24.7
0,162,55.5,21.1
0,161,61.2,23.6
0,161,60,23.1
0,168,68.4,24.2
0,164,64.8,24.1
0,170,67.4,23.3
0,165,58.7,21.6
0,158,63.2,25.3
0,174,74.3,24.5
0,156,61.9,25.4
0,160,60,23.4
0,158,60.6,24.3
0,167,61.1,21.9
0,164,62.3,23.2
0,165,70.8,26
0,157,53.7,21.8
0,164,61.7,22.9
0,168,69.1,24.5
0,162,58,22.1
0,157,55.1,22.4
0,161,64.4,24.8
0,162,62.2,23.7
0,161,61.1,23.6
0,168,68.7,24.3
0,158,50.3,20.1
0,175,75.1,24.5
0,166,62.2,22.6
0,152,49.8,21.6
0,155,54.8,22.8
0,150,47.6,21.2
0,157,52.5,21.3
0,158,58.3,23.4
0,168,60,21.3
0,163,59.6,22.4
0,156,56.5,23.2
0,157,60.9,24.7
0,166,62.3,22.6
0,164,54.5,20.3
0,163,65.1,24.5
0,156,56.9,23.4
0,159,62.4,24.7
0,153,50.6,21.6
0,170,64.8,22.4
0,163,59.8,22.5
0,153,58.8,25.1
0,164,65,24.2
0,164,66.3,24.7
0,161,65.3,25.2
0,157,57.7,23.4
0,158,60.8,24.4
0,165,69.2,25.4
0,160,62,24.2
0,149,51.6,23.2
0,167,65.5,23.5
0,158,60.8,24.4
0,152,54.2,23.5
0,164,65.5,24.4
0,165,71.9,26.4
0,154,56.1,23.7
0,162,58.2,22.2
0,173,82.9,27.7
0,159,52.6,20.8
0,155,52.1,21.7
0,161,55.4,21.4
0,171,70.8,24.2
0,148,53.1,24.2
0,173,77.9,26
0,152,60.5,26.2
0,163,66.6,25.1
0,176,74.6,24.1
0,167,63.5,22.8
0,169,69.6,24.4
0,164,61.6,22.9
0,160,64.7,25.3
0,145,48.6,23.1
0,157,51.3,20.8
0,172,69.2,23.4
0,166,70.4,25.5
0,160,54.4,21.2
0,161,60,23.1
0,152,56,24.2
0,171,71.1,24.3
0,161,58.6,22.6
0,162,66,25.1
0,162,59.9,22.8
0,159,66.6,26.3
0,149,51.7,23.3
0,158,52.8,21.2
0,165,67.7,24.9
0,164,61,22.7
0,158,60.7,24.3
0,153,53.8,23
0,144,44.1,21.3
0,159,60,23.7
0,166,68.9,25
0,157,52.6,21.3
0,139,32.4,16.8
0,142,49,24.3
0,158,59,23.6
0,159,57.2,22.6
0,159,64.8,25.6
0,153,44.8,19.1
0,157,61.1,24.8
0,171,74.8,25.6
0,175,80,26.1
0,154,46.5,19.6
0,162,66,25.1
0,167,65.4,23.5
0,153,49.5,21.1
0,160,53.6,20.9
0,169,66.7,23.4
0,159,50,19.8
0,166,63.8,23.2
0,157,56.6,23
0,172,71.5,24.2
0,156,53.1,21.8
0,162,68,25.9
0,168,69.5,24.6
0,173,73.9,24.7
0,169,73.6,25.8
0,163,67.4,25.4
0,171,73.7,25.2
0,157,48.4,19.6
0,157,53.5,21.7
0,158,46.8,18.7
0,163,57.4,21.6
0,176,75.2,24.3
0,161,62.8,24.2
0,167,68.5,24.6
0,161,63,24.3
0,168,67.1,23.8
0,175,76.6,25
0,164,69.2,25.7
0,164,69.4,25.8
0,167,70,25.1
0,168,65.9,23.3
0,165,71.5,26.3
0,167,69.3,24.8
0,169,67.3,23.6
0,157,59.3,24.1
0,168,72.7,25.8
0,171,72.7,24.9
0,145,40.4,19.2
0,163,71.5,26.9
0,161,63.7,24.6
0,147,41.8,19.3
0,159,58.8,23.3
0,171,66.4,22.7
0,175,74.2,24.2
0,158,59.3,23.8
0,165,72.4,26.6
0,158,55.7,22.3
0,179,83.1,25.9
0,166,63.8,23.2
0,161,61,23.5
0,168,72,25.5
0,168,60.2,21.3
0,161,54.1,20.9
0,164,53.2,19.8
0,178,85.6,27
0,177,72.4,23.1
0,157,50.3,20.4
0,163,71.8,27
0,159,57.2,22.6
0,163,56.7,21.3
0,160,56.6,22.1
0,158,55.6,22.3
0,160,60.8,23.7
0,157,59.4,24.1
0,150,52.4,23.3
0,169,68.1,23.8
0,165,67.7,24.9
0,154,59.3,25
0,159,56.2,22.2
0,155,48,20
0,175,80.9,26.4
0,162,65.5,25
0,163,66,24.8
0,164,69.4,25.8
0,144,43.2,20.8
0,170,68.8,23.8
0,175,83.3,27.2
0,152,45.5,19.7
0,164,59.7,22.2
0,156,62.2,25.6
0,160,63.8,24.9
0,147,45.6,21.1
0,169,65,22.8
0,170,63.5,22
0,168,62.5,22.1
0,164,67.4,25.1
0,167,61.7,22.1
0,167,65.1,23.3
0,153,51.3,21.9
0,160,59.3,23.2
0,168,76,26.9
0,163,60.3,22.7
0,163,67.7,25.5
0,163,62.9,23.7
0,159,55.5,22
0,161,61.1,23.6
0,156,54.3,22.3
0,164,54.1,20.1
0,162,57.4,21.9
0,151,47.8,21
0,168,65,23
0,164,66.2,24.6
0,153,50.8,21.7
0,170,74.5,25.8
0,160,60.8,23.7
0,153,50.2,21.4
0,161,58.3,22.5
0,160,53.2,20.8
0,171,74.9,25.6
0,153,59.3,25.3
0,175,69.1,22.6
0,157,69.6,28.2
0,172,78.2,26.4
0,158,56.8,22.8
0,158,55.2,22.1
0,164,60.1,22.3
0,162,72.4,27.6
0,162,63.3,24.1
0,160,65.5,25.6
0,161,65.4,25.2
0,157,48.3,19.6
0,166,70.1,25.4
0,157,53.7,21.8
0,168,65.9,23.3
0,169,64.5,22.6
0,161,59.8,23.1
0,166,67.2,24.4
0,166,59.1,21.4
0,171,70.9,24.2
0,160,58.9,23
0,158,55.2,22.1
0,166,64.8,23.5
0,175,79.4,25.9
0,173,72.1,24.1
0,153,44,18.8
0,156,54.2,22.3
0,171,75.7,25.9
0,161,53.4,20.6
0,167,54.3,19.5
0,159,62,24.5
0,162,62.1,23.7
0,165,61.2,22.5
0,159,53.5,21.2
0,152,46.4,20.1
0,162,67.6,25.8
0,166,65.9,23.9
0,167,62,22.2
0,156,50,20.5
0,145,47.2,22.4
0,165,65,23.9
0,159,62.2,24.6
0,152,58.5,25.3
0,169,67.4,23.6
0,155,55.9,23.3
0,159,53.8,21.3
0,166,70.5,25.6
0,162,58.2,22.2
0,150,41.9,18.6
0,152,63.3,27.4
0,164,66.6,24.8
0,159,58,22.9
0,163,55.5,20.9
0,166,58.5,21.2
0,158,67.5,27
0,165,62.1,22.8
0,161,65.4,25.2
0,175,71.5,23.3
0,161,60.8,23.5
0,165,62.2,22.8
0,154,52.8,22.3
0,161,60.6,23.4
0,157,53.9,21.9
0,148,46.3,21.1
0,169,71.8,25.1
0,149,58.4,26.3
0,161,65.2,25.2
0,176,77,24.9
0,159,55.6,22
0,160,42.4,16.6
0,161,55,21.2
0,168,70.1,24.8
0,164,56.7,21.1
0,163,59.6,22.4
0,162,59.1,22.5
0,177,77.1,24.6
0,171,76.9,26.3
0,160,57.8,22.6
0,160,56.4,22
0,168,70.7,25
0,161,65.9,25.4
0,166,70.6,25.6
0,152,52.5,22.7
0,159,50.5,20
0,154,60.7,25.6
0,163,57.6,21.7
0,158,55.4,22.2
0,164,67.2,25
0,153,57.6,24.6
0,156,49,20.1
0,164,63.4,23.6
0,152,56.9,24.6
0,142,40.6,20.1
0,171,71.4,24.4
0,159,52.1,20.6
0,152,47.7,20.6
0,168,64.4,22.8
0,152,49.7,21.5
0,172,74.3,25.1
0,155,49.4,20.6
0,157,56.1,22.8
0,161,60.2,23.2
0,156,63.4,26.1
0,163,66.1,24.9
0,176,70.1,22.6
0,156,55.4,22.8
0,165,59.2,21.7
0,168,64.1,22.7
0,163,60,22.6
0,157,59.8,24.3
0,162,58.9,22.4
0,163,59.2,22.3
0,153,54.7,23.4
0,168,71.5,25.3
0,174,69.7,23
0,164,54,20.1
0,162,56.1,21.4
0,147,53.9,24.9
0,160,62,24.2
0,159,59.8,23.7
0,167,73,26.2
0,153,61.5,26.3
0,164,56.5,21
0,164,68.9,25.6
0,157,55,22.3
0,160,57.9,22.6
0,155,50.5,21
0,161,58.6,22.6
0,146,43.7,20.5
0,160,62,24.2
0,168,68.7,24.3
0,151,52.3,22.9
0,162,53,20.2
0,160,70,27.3
0,160,59.9,23.4
0,169,64.8,22.7
0,165,67.2,24.7
0,151,45.7,20
0,175,74.9,24.5
0,164,62.6,23.3
0,160,57.9,22.6
0,170,72.8,25.2
0,159,63.5,25.1
0,169,71,24.9
0,153,55.8,23.8
0,159,60.2,23.8
0,171,73.7,25.2
0,164,64.5,24
0,158,54.3,21.8
0,161,57.3,22.1
0,168,65.7,23.3
0,152,58.6,25.4
0,161,64.6,24.9
0,176,80.3,25.9
0,168,62.6,22.2
0,156,54.2,22.3
0,153,48.5,20.7
0,161,63.4,24.5
0,161,54.8,21.1
0,157,52.7,21.4
0,169,72,25.2
0,164,60.5,22.5
0,155,54.6,22.7
0,162,62,23.6
0,156,55.3,22.7
0,160,52.8,20.6
0,142,47.6,23.6
0,161,57.3,22.1
0,160,63.2,24.7
0,170,66.2,22.9
0,165,72.5,26.6
0,164,61.1,22.7
0,176,81.1,26.2
0,156,50.5,20.8
0,167,73,26.2
0,174,79.9,26.4
0,153,55.7,23.8
0,159,56.2,22.2
0,167,68.7,24.6
0,172,79.3,26.8
0,164,58.7,21.8
0,155,56.2,23.4
0,157,50.3,20.4
0,150,58.8,26.1
0,160,50.6,19.8
0,165,64.5,23.7
0,157,51.1,20.7
0,149,46.5,20.9
0,177,80.6,25.7
0,172,72.9,24.6
0,158,61.5,24.6
0,158,61.8,24.8
0,155,51.8,21.6
0,168,66.5,23.6
0,148,44.6,20.4
0,167,65.3,23.4
0,169,67.7,23.7
0,162,65.3,24.9
0,159,62.2,24.6
0,166,72.1,26.2
0,161,56.6,21.8
0,156,56.7,23.3
0,163,66.6,25.1
0,151,45.4,19.9
0,166,68,24.7
0,147,46.9,21.7
0,150,53,23.6
0,168,64.7,22.9
0,163,62,23.3
0,164,70.3,26.1
0,165,64.6,23.7
0,154,51.4,21.7
0,159,58.9,23.3
0,151,50.9,22.3
0,149,42.3,19.1
0,160,65.9,25.7
0,158,55.1,22.1
0,163,76.5,28.8
0,160,63,24.6
0,159,56.2,22.2
0,152,56.6,24.5
0,159,61.5,24.3
0,148,40.5,18.5
0,167,61.5,22.1
0,155,44.3,18.4
0,160,62.6,24.5
0,161,56,21.6
0,160,61.6,24.1
0,176,79.8,25.8
0,165,69.8,25.6
0,159,49.5,19.6
0,163,62.2,23.4
0,162,57,21.7
0,166,63.8,23.2
0,163,58.3,21.9
0,174,71.5,23.6
0,155,45.9,19.1
0,164,62.3,23.2
0,176,82.9,26.8
0,161,60.9,23.5
0,144,35.9,17.3
0,162,60.1,22.9
0,149,54.2,24.4
0,168,74.2,26.3
0,160,61,23.8
0,162,60.2,22.9
0,159,58.6,23.2
0,157,56.2,22.8
0,161,55.9,21.6
0,155,54.6,22.7
0,161,60.4,23.3
0,156,53.4,21.9
0,159,55.7,22
0,163,62.5,23.5
0,167,71.3,25.6
0,162,54.8,20.9
0,155,49.7,20.7
0,151,48.1,21.1
0,159,64.8,25.6
0,157,51.5,20.9
0,157,59.6,24.2
0,148,47.7,21.8
0,171,66.8,22.8
0,158,54.3,21.8
0,166,72.2,26.2
0,159,58.1,23
0,164,73.7,27.4
0,161,59.9,23.1
0,163,65.5,24.7
0,160,55.7,21.8
0,157,50.3,20.4
0,160,58.4,22.8
0,153,51.2,21.9
0,157,64.2,26
0,169,73.7,25.8
0,156,56.5,23.2
0,159,64.1,25.4
0,158,54.2,21.7
0,157,55.6,22.6
0,165,62.8,23.1
0,150,50.5,22.4
0,161,61.9,23.9
0,158,56.3,22.6
0,167,70.7,25.4
0,165,64.2,23.6
0,169,55.7,19.5
0,156,51.5,21.2
0,161,55.8,21.5
0,164,65.2,24.2
0,176,82.5,26.6
0,158,48.5,19.4
0,162,57.6,21.9
0,172,79.1,26.7
0,170,69.9,24.2
0,154,60.6,25.6
0,157,64.2,26
0,169,66.5,23.3
0,174,77.8,25.7
0,173,65.5,21.9
0,155,49.2,20.5
0,161,66,25.5
0,168,67.4,23.9
0,168,65,23
0,164,75.8,28.2
0,171,72.6,24.8
0,157,51.3,20.8
0,166,61.4,22.3
0,153,59.3,25.3
0,161,57.7,22.3
0,158,53,21.2
0,162,60,22.9
0,153,52.5,22.4
0,163,64,24.1
0,163,62.9,23.7
0,154,49.5,20.9
0,162,60.3,23
0,162,61.1,23.3
0,155,47.4,19.7
0,163,69.4,26.1
0,158,56.8,22.8
0,158,65.4,26.2
0,152,46.1,20
0,162,61.4,23.4
0,165,64.1,23.5
0,159,60.1,23.8
0,153,46.3,19.8
0,164,62.2,23.1
0,156,67.2,27.6
0,164,70.3,26.1
0,156,54.8,22.5
0,164,61.3,22.8
0,163,60.5,22.8
0,175,81.1,26.5
0,163,66.5,25
0,161,67,25.8
0,166,62.9,22.8
0,169,62.3,21.8
0,157,53.1,21.5
0,165,69.4,25.5
0,154,53.6,22.6
0,177,74.3,23.7
0,168,71.6,25.4
0,166,65,23.6
0,150,49.8,22.1
0,166,64.2,23.3
0,153,52.3,22.3
0,164,72.3,26.9
0,151,49.8,21.8
0,165,62.5,23
0,167,56,20.1
0,170,65,22.5
0,162,61.6,23.5
0,147,40.7,18.8
0,175,79.2,25.9
0,168,68.4,24.2
0,163,55.2,20.8
0,169,68.5,24
0,170,70.8,24.5
0,169,73.8,25.8
0,162,63.1,24
0,145,42.8,20.4
0,170,57.7,20
0,154,54.9,23.1
0,172,77,26
0,160,53.1,20.7
0,152,47.9,20.7
0,156,57.3,23.5
0,168,66.8,23.7
0,167,66.7,23.9
0,158,52.5,21
0,170,63.9,22.1
0,158,56.8,22.8
0,153,57.6,24.6
0,165,63.7,23.4
0,157,60.9,24.7
0,173,78.1,26.1
0,165,65.1,23.9
0,165,68.6,25.2
0,165,68.5,25.2
0,166,68.2,24.7
0,174,72.2,23.8
0,169,58.7,20.6
0,147,51,23.6
0,160,59.6,23.3
0,152,57.6,24.9
0,148,52.8,24.1
0,147,44.3,20.5
0,149,49.2,22.2
0,166,64.7,23.5
0,166,66.7,24.2
0,160,52.6,20.5
0,167,62.5,22.4
0,169,69.3,24.3
0,162,59.6,22.7
0,151,48.7,21.4
0,162,67.3,25.6
0,158,51.7,20.7
0,163,62,23.3
0,165,63.1,23.2
0,159,61.5,24.3
0,156,61.3,25.2
0,161,63,24.3
0,161,65.7,25.3
0,153,49.6,21.2
0,172,77.9,26.3
0,160,66.2,25.9
0,161,67,25.8
0,159,52.7,20.8
0,159,54.8,21.7
0,162,53.3,20.3
0,161,57.2,22.1
0,149,59.6,26.8
0,165,72.9,26.8
0,162,65.3,24.9
0,166,65.5,23.8
0,166,56.8,20.6
0,164,68.6,25.5
0,154,56.9,24
0,165,69.4,25.5
0,170,75,26
0,184,80.7,23.8
0,166,79.1,28.7
0,154,49.3,20.8
0,157,61.1,24.8
0,166,77.6,28.2
0,162,60.7,23.1
0,163,65.4,24.6
0,157,60.3,24.5
0,162,58.1,22.1
0,150,48.2,21.4
0,165,66.2,24.3
0,166,68.2,24.7
0,157,58.3,23.7
0,144,45.3,21.8
0,150,46.7,20.8
0,161,57.8,22.3
0,154,50.4,21.3
0,160,58.7,22.9
0,177,73.8,23.6
0,169,74.8,26.2
0,155,51.9,21.6
0,169,67.8,23.7
0,171,65.5,22.4
0,164,73.7,27.4
0,161,57.5,22.2
0,168,67.8,24
0,158,53.4,21.4
0,162,66.4,25.3
0,161,54.9,21.2
0,166,60.6,22
0,158,51.7,20.7
0,162,54.7,20.8
0,168,71.9,25.5
0,166,71.7,26
0,151,56.3,24.7
0,165,59,21.7
0,160,57.5,22.5
0,166,71.7,26
0,153,52.4,22.4
0,150,48.1,21.4
0,163,63.4,23.9
0,159,56.3,22.3
0,167,69.8,25
0,163,61.3,23.1
0,173,71.7,24
0,162,65.2,24.8
0,155,48.5,20.2
0,156,52.5,21.6
0,160,53.5,20.9
0,173,68.1,22.8
0,154,57,24
0,146,44.7,21
0,149,54.5,24.5
0,159,45.5,18
0,164,69.7,25.9
0,160,58.3,22.8
0,170,65.5,22.7
0,156,48.2,19.8
0,169,70.5,24.7
0,162,66.2,25.2
0,160,61.8,24.1
0,157,52.4,21.3
0,168,66,23.4
0,157,53.4,21.7
0,155,51.7,21.5
0,158,59.8,24
0,171,76.5,26.2
0,171,72.7,24.9
0,167,64.5,23.1
0,164,57.4,21.3
0,171,69.8,23.9
0,164,65.2,24.2
0,168,63.6,22.5
0,157,60.1,24.4
0,165,56.1,20.6
0,161,63.7,24.6
0,157,55.8,22.6
0,163,62.1,23.4
0,168,57.3,20.3
0,159,57.3,22.7
0,158,63.1,25.3
0,157,64.3,26.1
0,160,56.7,22.1
0,161,68.6,26.5
0,162,55.7,21.2
0,149,48.1,21.7
0,166,66.7,24.2
0,161,58.7,22.6
0,160,57.4,22.4
0,158,57.6,23.1
0,155,51.2,21.3
0,164,65.3,24.3
0,170,65.5,22.7
0,157,60.1,24.4
0,160,64.2,25.1
0,171,67.4,23
0,159,54.9,21.7
0,173,78.1,26.1
0,160,64.3,25.1
0,163,55,20.7
0,145,42.5,20.2
0,174,74.3,24.5
0,159,66.2,26.2
0,176,71.2,23
0,160,62,24.2
0,148,46.3,21.1
0,166,56.8,20.6
0,154,53.1,22.4
0,172,68.2,23.1
0,164,62.7,23.3
0,155,61.4,25.6
0,157,57.7,23.4
0,170,67.5,23.4
0,159,59.5,23.5
0,171,70.7,24.2
0,165,69.3,25.5
0,168,67.5,23.9
0,158,56.9,22.8
0,163,51,19.2
0,164,62.6,23.3
0,158,67.1,26.9
0,159,63.7,25.2
0,160,70.4,27.5
0,163,68.1,25.6
0,171,71.1,24.3
0,163,62.7,23.6
0,168,70.8,25.1
0,162,68.6,26.1
0,179,84.3,26.3
0,168,65.8,23.3
0,162,56.8,21.6
0,167,69.6,25
0,139,35.7,18.5
0,158,57.7,23.1
0,171,77.5,26.5
0,170,70.2,24.3
0,163,64.9,24.4
0,148,48.4,22.1
0,150,47.2,21
0,166,61.2,22.2
0,158,56.4,22.6
0,169,69.9,24.5
0,172,67.1,22.7
0,166,66.7,24.2
0,162,61.2,23.3
0,170,82.5,28.5
0,167,75,26.9
0,158,54.7,21.9
0,149,50.1,22.6
0,186,86.2,24.9
0,163,63.6,23.9
0,155,56.5,23.5
0,153,52.2,22.3
0,169,69.1,24.2
0,162,59.6,22.7
0,168,65.8,23.3
0,157,60.1,24.4
0,169,64.8,22.7
0,173,72,24.1
0,175,74.4,24.3
0,158,47.7,19.1
0,160,66.6,26
0,144,38.2,18.4
0,163,58.2,21.9
0,166,63.2,22.9
0,157,60.2,24.4
0,173,69,23.1
0,159,60.5,23.9
0,157,53.9,21.9
0,157,60.2,24.4
0,168,63.7,22.6
0,171,70.9,24.2
0,168,69,24.4
0,164,64.8,24.1
0,158,58.7,23.5
0,154,53.6,22.6
0,164,58.9,21.9
0,153,56.7,24.2
0,152,46.5,20.1
0,155,54.9,22.9
0,173,71.9,24
0,167,67.6,24.2
0,160,64.7,25.3
0,161,57,22
0,174,79.4,26.2
0,163,66.5,25
0,170,73.8,25.5
0,151,56.6,24.8
0,158,54.6,21.9
0,165,67.7,24.9
0,172,73.2,24.7
0,162,64.9,24.7
0,166,70.6,25.6
0,162,69,26.3
0,163,65,24.5
0,167,63,22.6
0,172,79.4,26.8
0,164,57,21.2
0,170,70.1,24.3
0,145,44.8,21.3
0,160,53.3,20.8
0,163,62.9,23.7
0,172,73.6,24.9
0,152,51.7,22.4
0,156,57.3,23.5
0,152,43.5,18.8
0,163,62.9,23.7
0,155,51.3,21.4
0,164,62.7,23.3
0,168,69.5,24.6
0,151,49.6,21.8
0,166,69.4,25.2
0,168,70.1,24.8
0,170,68.9,23.8
0,156,57.6,23.7
0,154,57.8,24.4
0,156,58.3,24
0,175,70.6,23.1
0,165,68.7,25.2
0,166,67.8,24.6
0,159,52.8,20.9
0,171,73,25
0,151,43,18.9
0,170,64.1,22.2
0,160,69.2,27
0,156,57.1,23.5
0,164,65.1,24.2
0,151,53.9,23.6
0,165,69.4,25.5
0,161,62.7,24.2
0,152,52.4,22.7
0,171,77.6,26.5
0,153,53.9,23
0,163,61.7,23.2
0,173,76.6,25.6
0,156,47.3,19.4
0,158,59,23.6
0,157,60.2,24.4
0,180,81.7,25.2
0,158,49.1,19.7
0,163,63.8,24
0,160,56.9,22.2
0,162,63,24
0,163,67,25.2
0,165,67.1,24.6
0,161,62.6,24.2
0,177,80.9,25.8
0,167,72.2,25.9
0,170,76.2,26.4
0,168,65.6,23.2
0,161,61.9,23.9
0,157,57.6,23.4
0,147,57.2,26.5
0,149,43.9,19.8
0,160,62.5,24.4
0,155,54.5,22.7
0,172,71,24
0,155,56.2,23.4
0,161,74,28.5
0,169,65.2,22.8
0,155,59.8,24.9
0,160,55.5,21.7
0,160,60,23.4
0,167,64.7,23.2
0,155,57.5,23.9
0,153,39,16.7
0,165,64.3,23.6
0,164,56.7,21.1
0,166,61.8,22.4
0,158,61.7,24.7
0,167,62.8,22.5
0,173,76.2,25.5
0,164,63.3,23.5
0,160,59.9,23.4
0,154,50,21.1
0,152,51.6,22.3
0,155,52.5,21.9
0,168,70,24.8
0,156,60,24.7
0,160,60,23.4
0,160,60.6,23.7
0,162,60,22.9
0,168,66.1,23.4
0,165,62.8,23.1
0,145,46.1,21.9
0,148,48,21.9
0,170,67.9,23.5
0,162,57.1,21.8
0,156,58,23.8
0,176,73.7,23.8
0,160,58.6,22.9
0,163,51.7,19.5
0,165,66.9,24.6
0,172,62.6,21.2
0,160,56.9,22.2
0,154,55.8,23.5
0,157,49.8,20.2
0,168,61.1,21.6
0,156,49.8,20.5
0,168,71.5,25.3
0,166,63.4,23
0,162,61.8,23.5
0,153,54.2,23.2
0,162,62,23.6
0,161,60.6,23.4
0,162,67,25.5
0,165,63.6,23.4
0,164,59.1,22
0,156,55.8,22.9
0,160,66.4,25.9
0,153,59.6,25.5
0,161,59.3,22.9
0,162,63.8,24.3
0,162,68,25.9
0,155,53.7,22.4
0,162,65.7,25
0,164,59.5,22.1
0,159,71.8,28.4
0,153,56.6,24.2
0,163,60.9,22.9
0,166,67.6,24.5
0,163,65.6,24.7
0,170,73.5,25.4
0,160,61.2,23.9
0,170,72.1,24.9
0,163,53.7,20.2
0,171,71.9,24.6
0,153,54.9,23.5
0,157,54.5,22.1
0,160,62.4,24.4
0,156,57.9,23.8
0,164,62.9,23.4
0,161,62.7,24.2
0,169,69.2,24.2
0,158,56.6,22.7
0,162,61.1,23.3
0,166,68.4,24.8
0,145,41.6,19.8
0,164,58.6,21.8
0,152,46,19.9
0,165,56.4,20.7
0,179,79.4,24.8
0,169,68.9,24.1
0,159,64.6,25.6
0,158,65.1,26.1
0,158,55.4,22.2
0,170,70.8,24.5
0,164,62.3,23.2
0,167,62.8,22.5
0,170,72.4,25.1
0,156,58.1,23.9
0,153,45.7,19.5
0,156,47,19.3
0,161,59.8,23.1
0,155,48.7,20.3
0,170,74.9,25.9
0,164,64.1,23.8
0,145,42.9,20.4
0,167,68.3,24.5
0,158,60,24
0,149,44.7,20.1
0,161,55.4,21.4
0,168,64.7,22.9
0,159,67.5,26.7
0,165,64.3,23.6
0,180,87.2,26.9
0,154,53,22.3
0,157,63,25.6
0,146,45.1,21.2
0,149,41.5,18.7
0,150,45.1,20
0,164,64.2,23.9
0,161,67.6,26.1
0,167,62.2,22.3
0,158,58.6,23.5
0,161,61.8,23.8
0,149,50.2,22.6
0,162,66,25.1
0,160,59.5,23.2
0,176,78.4,25.3
0,165,67,24.6
0,144,47,22.7
0,158,60.9,24.4
0,160,57.5,22.5
0,153,50.8,21.7
0,166,64.6,23.4
0,164,67.9,25.2
0,150,52.8,23.5
0,165,67.9,24.9
0,168,70.7,25
0,157,48.9,19.8
0,162,60.5,23.1
0,165,56.8,20.9
0,154,45.9,19.4
0,155,49.7,20.7
0,158,55.3,22.2
0,156,56.7,23.3
0,153,51.3,21.9
0,164,67.8,25.2
0,175,68.6,22.4
0,161,59.1,22.8
0,159,57.2,22.6
0,157,66,26.8
0,169,62.8,22
0,146,49.1,23
0,158,56.2,22.5
0,166,66.2,24
0,171,76,26
0,166,65.3,23.7
0,172,67.4,22.8
0,155,62,25.8
0,149,46.7,21
0,161,59.2,22.8
0,170,66,22.8
0,156,56.2,23.1
0,160,64.7,25.3
0,158,51.9,20.8
0,153,49,20.9
0,159,62,24.5
0,167,63.9,22.9
0,162,64.5,24.6
0,163,63.2,23.8
0,164,66.8,24.8
0,170,74.1,25.6
0,144,41.6,20.1
0,178,78.1,24.6
0,161,62.1,24
0,164,57.8,21.5
0,160,53.2,20.8
0,159,57.6,22.8
0,166,65.7,23.8
0,172,73.9,25
0,172,75.6,25.6
0,168,70.7,25
0,167,71.2,25.5
0,153,56.2,24
0,167,70.4,25.2
0,155,52,21.6
0,178,75.9,24
0,169,75.3,26.4
0,164,58,21.6
0,162,62.8,23.9
0,168,64.2,22.7
0,151,53.1,23.3
0,158,57.5,23
0,166,70,25.4
0,160,60.6,23.7
0,151,46,20.2
0,150,51.2,22.8
0,168,74.8,26.5
0,177,84.5,27
0,169,69.5,24.3
0,167,64.1,23
0,165,66.1,24.3
0,164,65.7,24.4
0,140,40.3,20.6
0,164,63,23.4
0,162,60.2,22.9
0,162,61.6,23.5
0,162,59,22.5
0,169,69.1,24.2
0,173,69,23.1
0,164,70.4,26.2
0,175,75.3,24.6
0,163,65.9,24.8
0,165,66.1,24.3
0,154,51,21.5
0,151,46.6,20.4
0,157,60.4,24.5
0,157,53.6,21.7
0,160,57.1,22.3
0,153,46.1,19.7
0,153,48.5,20.7
0,166,74.1,26.9
0,162,68,25.9
0,164,61.4,22.8
0,157,54.9,22.3
0,173,69.9,23.4
0,153,47.2,20.2
0,172,73.9,25
0,176,75.6,24.4
0,175,71.4,23.3
0,169,67.4,23.6
0,160,64.7,25.3
0,160,58.2,22.7
0,154,56.2,23.7
0,169,73.1,25.6
0,160,60.9,23.8
0,162,61.1,23.3
0,170,65.7,22.7
0,160,62.3,24.3
0,168,74.7,26.5
0,154,47.3,19.9
0,159,59.6,23.6
0,156,56.4,23.2
0,158,62,24.8
0,148,43.1,19.7
0,154,51.7,21.8
0,158,58.8,23.6
0,168,70.9,25.1
0,157,60.4,24.5
0,155,51,21.2
0,166,62.1,22.5
0,158,50.3,20.1
0,157,53.9,21.9
0,162,64.6,24.6
0,167,72.5,26
0,151,45.2,19.8
0,160,53.8,21
0,167,63.1,22.6
0,164,73.8,27.4
0,168,66.9,23.7
0,169,79.1,27.7
0,157,56.9,23.1
0,163,62.7,23.6
0,163,64,24.1
0,153,59.4,25.4
0,166,66,24
0,165,64.7,23.8
0,158,63.2,25.3
0,151,55,24.1
0,160,46.7,18.2
0,163,65.1,24.5
0,161,51.8,20
0,164,61,22.7
0,156,55,22.6
0,174,71.1,23.5
0,157,49.2,20
0,167,69.4,24.9
0,150,52,23.1
0,162,62.8,23.9
0,163,68.3,25.7
0,151,46.9,20.6
0,169,75.2,26.3
0,170,74.2,25.7
0,155,55.7,23.2
0,167,68.5,24.6
0,162,67,25.5
0,170,75.1,26
0,167,74.2,26.6
0,169,70.8,24.8
0,155,54.1,22.5
0,166,64.8,23.5
0,161,53.9,20.8
0,162,58.8,22.4
0,155,50.2,20.9
0,164,66.5,24.7
0,158,54,21.6
0,179,83.7,26.1
0,161,57.3,22.1
0,170,73.7,25.5
0,168,65.6,23.2
0,150,47.8,21.2
0,165,57.5,21.1
0,166,64.1,23.3
0,168,71.2,25.2
0,176,75.2,24.3
0,157,59.2,24
0,169,74.4,26
0,166,76.8,27.9
0,163,70.9,26.7
0,151,59.6,26.1
0,156,57,23.4
0,162,62.7,23.9
0,157,60.3,24.5
0,161,59.7,23
0,176,80.9,26.1
0,162,58.2,22.2
0,155,56.4,23.5
0,157,57.3,23.2
0,153,54.6,23.3
0,163,63.4,23.9
0,162,60.8,23.2
0,166,68.8,25
0,161,60,23.1
0,159,49.3,19.5
0,158,61.7,24.7
0,156,49.5,20.3
0,164,65,24.2
0,156,55.3,22.7
0,161,58.3,22.5
0,155,55.5,23.1
0,164,59.7,22.2
0,167,63.2,22.7
0,154,51.5,21.7
0,162,68,25.9
0,165,64.5,23.7
0,153,43.7,18.7
0,156,53.5,22
0,169,67.3,23.6
0,158,50.3,20.1
0,170,82.4,28.5
0,168,64.1,22.7
0,149,48,21.6
0,166,59.2,21.5
0,160,58.2,22.7
0,157,53,21.5
0,165,64.5,23.7
0,173,74.5,24.9
0,159,55.8,22.1
0,159,57.1,22.6
0,168,68.6,24.3
0,165,61.5,22.6
0,159,62.2,24.6
0,163,59,22.2
0,169,71.6,25.1
0,158,50.7,20.3
0,157,49,19.9
0,165,60.1,22.1
0,156,56.2,23.1
0,166,65,23.6
0,171,69.8,23.9
0,168,70.6,25
0,158,55.6,22.3
0,160,57.7,22.5
0,155,56.6,23.6
0,166,70.3,25.5
0,173,69.6,23.3
0,154,57.5,24.2
0,164,61.9,23
0,161,63.6,24.5
0,171,69.5,23.8
0,157,65.1,26.4
0,168,68.8,24.4
0,159,58.2,23
0,169,69.3,24.3
0,155,57.7,24
0,156,46.8,19.2
0,160,55.2,21.6
0,161,66,25.5
0,164,64.1,23.8
0,173,78.7,26.3
0,166,68.8,25
0,173,73.4,24.5
0,163,69.1,26
0,173,75.7,25.3
0,158,64.4,25.8
0,164,61.6,22.9
0,164,57.3,21.3
0,171,71,24.3
0,163,62.3,23.4
0,159,62.4,24.7
0,169,72.4,25.3
0,153,57.3,24.5
0,176,75.4,24.3
0,159,66.6,26.3
0,161,63.8,24.6
0,164,64.4,23.9
0,160,60.2,23.5
0,163,59.7,22.5
0,150,50.8,22.6
0,168,69.3,24.6
0,160,59.9,23.4
0,159,51.8,20.5
0,159,54.5,21.6
0,167,70.6,25.3
0,168,78.2,27.7
0,161,61.2,23.6
0,165,70.2,25.8
0,166,45.8,16.6
0,166,61.9,22.5
0,166,65.3,23.7
0,158,62.9,25.2
0,168,76.6,27.1
0,174,75.1,24.8
0,164,62,23.1
0,148,53.3,24.3
0,156,52.3,21.5
0,163,58.7,22.1
0,162,63.7,24.3
0,164,69.1,25.7
0,172,67,22.6
0,159,58.4,23.1
0,168,65,23
0,162,62.7,23.9
0,162,60.3,23
0,159,57.6,22.8
0,165,68.2,25.1
0,163,58,21.8
0,157,56.7,23
0,159,58.2,23
0,172,69,23.3
0,175,79.1,25.8
0,171,70.3,24
0,170,66.1,22.9
0,154,62,26.1
0,153,57.5,24.6
0,170,71,24.6
0,159,57,22.5
0,164,65.5,24.4
0,158,50.9,20.4
0,158,56.8,22.8
0,166,56.9,20.6
0,158,52.1,20.9
0,184,85.5,25.3
0,154,56.5,23.8
0,158,50.5,20.2
0,148,41.9,19.1
0,163,61.5,23.1
0,159,59.4,23.5
0,171,73.4,25.1
0,172,78.6,26.6
0,150,45.7,20.3
0,158,56.1,22.5
0,163,66.5,25
0,153,55.1,23.5
0,158,61.8,24.8
0,166,68.4,24.8
0,173,66.8,22.3
0,172,72.3,24.4
0,163,62.1,23.4
0,160,61.7,24.1
0,167,62.1,22.3
0,165,63.1,23.2
0,158,60,24
0,162,66,25.1
0,155,47.8,19.9
0,175,80.2,26.2
0,160,67.9,26.5
0,160,64.1,25
0,154,53.7,22.6
0,165,65.4,24
0,169,69.3,24.3
0,153,58.6,25
0,161,56.2,21.7
0,161,54.1,20.9
0,157,51.1,20.7
0,176,76.9,24.8
0,159,52.2,20.6
0,167,67,24
0,175,87.4,28.5
0,162,59,22.5
0,164,64.9,24.1
0,156,48.2,19.8
0,159,55.2,21.8
0,168,69.5,24.6
0,170,67,23.2
0,153,50.3,21.5
0,168,72.9,25.8
0,163,66,24.8
0,155,61.3,25.5
0,161,61.2,23.6
0,173,72.7,24.3
0,150,48.9,21.7
0,170,60.4,20.9
0,162,72.1,27.5
0,171,75,25.6
0,165,62.6,23
0,157,53,21.5
0,154,52.3,22.1
0,168,69.6,24.7
0,169,69.7,24.4
0,147,43.7,20.2
0,152,50.2,21.7
0,157,55.8,22.6
0,171,73.2,25
0,162,65.3,24.9
0,166,57.6,20.9
0,157,53.9,21.9
0,179,88.8,27.7
0,158,50.8,20.3
0,178,88.1,27.8
0,181,73.6,22.5
0,164,54.3,20.2
0,176,79,25.5
0,154,46.9,19.8
0,174,83.5,27.6
0,158,63.1,25.3
0,161,58.8,22.7
0,171,71.8,24.6
0,155,52.8,22
0,164,63,23.4
0,159,65.2,25.8
0,148,35.2,16.1
0,160,58.1,22.7
0,162,60.7,23.1
0,170,69.4,24
0,157,50,20.3
0,168,71.5,25.3
0,160,62.6,24.5
0,161,59.6,23
0,164,67,24.9
0,164,66.9,24.9
0,174,70.9,23.4
0,155,57.3,23.9
0,155,52.2,21.7
0,160,59.5,23.2
0,156,60.8,25
0,175,82.3,26.9
0,163,63,23.7
0,155,60.3,25.1
0,161,55.6,21.4
0,167,61.6,22.1
0,169,63.4,22.2
0,166,66.9,24.3
0,165,66.5,24.4
0,156,59.1,24.3
0,166,65.3,23.7
0,166,61,22.1
0,171,70.2,24
0,160,73.2,28.6
0,161,56.8,21.9
0,165,68.4,25.1
0,152,51.1,22.1
0,154,47.4,20
0,156,58,23.8
0,170,65.7,22.7
0,173,76.5,25.6
0,167,58.5,21
0,156,47.4,19.5
0,157,55,22.3
0,157,53.9,21.9
0,154,43.7,18.4
0,154,54.5,23
0,157,51.3,20.8
0,172,73.6,24.9
0,159,64.1,25.4
0,161,53.9,20.8
0,157,61.9,25.1
0,156,58,23.8
0,159,60.9,24.1
0,150,44.6,19.8
0,160,58.1,22.7
0,151,45.6,20
0,170,62.2,21.5
0,163,60.7,22.8
0,161,55.2,21.3
0,165,70.7,26
0,171,71.9,24.6
0,160,61.6,24.1
0,155,59.6,24.8
0,156,57.2,23.5
0,168,69.7,24.7
0,148,50.8,23.2
0,149,47,21.2
0,160,53.9,21.1
0,158,60.6,24.3
0,156,57.9,23.8
0,157,53.8,21.8
0,155,55.6,23.1
0,152,48.4,20.9
0,143,39.6,19.4
0,150,50.3,22.4
0,159,58.8,23.3
0,152,53.7,23.2
0,168,64.9,23
0,150,47.6,21.2
0,161,57.5,22.2
0,173,80.8,27
0,160,62.8,24.5
0,169,73.4,25.7
0,169,74.3,26
0,159,58,22.9
0,160,56.7,22.1
0,173,74,24.7
0,156,48.8,20.1
0,163,60.9,22.9
0,175,69.7,22.8
0,159,72.9,28.8
0,163,61.3,23.1
0,162,57.1,21.8
0,155,57.7,24
0,161,58.6,22.6
0,165,66.4,24.4
0,164,66.8,24.8
0,151,45.8,20.1
0,160,60.4,23.6
0,161,61.3,23.6
0,163,68.8,25.9
0,164,58.1,21.6
0,162,72.8,27.7
0,171,66.7,22.8
0,168,65.2,23.1
0,169,76.7,26.9
0,161,62.2,24
0,164,59.6,22.2
0,157,55.9,22.7
0,159,55.3,21.9
0,173,67.9,22.7
0,158,57.3,23
0,173,63,21
0,165,60.4,22.2
0,164,68.7,25.5
0,167,61.4,22
0,161,63.2,24.4
0,159,48.5,19.2
0,150,43.4,19.3
0,162,65.8,25.1
0,158,55.6,22.3
0,145,45,21.4
0,162,65.2,24.8
0,157,54.1,21.9
0,173,72.4,24.2
0,157,53.6,21.7
0,157,54.3,22
0,157,54.9,22.3
0,156,55.7,22.9
0,156,49.5,20.3
0,160,56.5,22.1
0,165,66.5,24.4
0,162,63.9,24.3
0,153,45.4,19.4
0,167,72.3,25.9
0,159,52.6,20.8
0,166,73.5,26.7
0,155,50.5,21
0,151,49,21.5
0,159,54.9,21.7
0,165,59.7,21.9
0,163,65.1,24.5
0,159,55.2,21.8
0,163,66.3,25
0,155,55.9,23.3
0,163,62,23.3
0,163,70.1,26.4
0,156,63.9,26.3
0,147,42.8,19.8
0,179,79.2,24.7
0,176,73.1,23.6
0,164,59.6,22.2
0,158,59.1,23.7
0,171,70.8,24.2
0,170,71.1,24.6
0,157,46.6,18.9
0,172,75.5,25.5
0,166,65,23.6
0,166,68.2,24.7
0,162,54.9,20.9
0,154,50.2,21.2
0,158,55.4,22.2
0,153,56.6,24.2
0,164,64.5,24
0,153,52.8,22.6
0,162,57.5,21.9
0,159,59.9,23.7
0,150,46.9,20.8
0,158,51,20.4
0,154,51.8,21.8
0,164,57.4,21.3
0,167,72.9,26.1
0,170,71,24.6
0,179,74.4,23.2
0,153,43.5,18.6
0,161,58,22.4
0,151,47.2,20.7
0,166,66.2,24
0,157,64.6,26.2
0,157,59.7,24.2
0,153,48.9,20.9
0,159,61,24.1
0,156,55.8,22.9
0,165,69.6,25.6
0,170,68.9,23.8
0,156,64.1,26.3
0,158,66.8,26.8
0,162,55.2,21
0,156,48.1,19.8
0,150,48.1,21.4
0,165,69,25.3
0,161,61.7,23.8
0,165,68.1,25
0,169,69.4,24.3
0,151,57.6,25.3
0,170,76.6,26.5
0,169,62.9,22
0,166,72,26.1
0,162,56.9,21.7
0,164,61.4,22.8
0,173,69.4,23.2
0,154,50.5,21.3
0,165,70.2,25.8
0,152,56.4,24.4
0,170,68.6,23.7
0,182,84.2,25.4
0,167,65.5,23.5
0,172,74.1,25
0,161,64.7,25
0,156,52.6,21.6
0,167,62.3,22.3
0,150,50.2,22.3
0,161,64.3,24.8
0,161,54,20.8
0,169,69.1,24.2
0,170,73,25.3
0,154,52.7,22.2
0,164,68.9,25.6
0,162,70.2,26.7
0,173,69.1,23.1
0,166,63.5,23
0,161,54.3,20.9
0,162,58.3,22.2
0,169,73.1,25.6
0,169,69.2,24.2
0,159,57.4,22.7
0,151,52.3,22.9
0,158,55.6,22.3
0,173,73.2,24.5
0,164,72.6,27
0,153,54.8,23.4
0,156,55.4,22.8
0,154,51.2,21.6
0,156,62.2,25.6
0,166,67.2,24.4
0,147,48,22.2
0,165,60.9,22.4
0,163,67.1,25.3
0,161,62.7,24.2
0,159,63.8,25.2
0,171,76.3,26.1
0,164,60.4,22.5
0,161,62.7,24.2
0,162,62.4,23.8
0,155,54.7,22.8
0,157,50.1,20.3
0,163,55.3,20.8
0,154,50,21.1
0,171,74.7,25.5
0,167,64,22.9
0,153,37.3,15.9
0,150,41.1,18.3
0,173,80.5,26.9
0,159,48.1,19
0,164,64.5,24
0,162,62.6,23.9
0,159,54.3,21.5
0,169,70.9,24.8
0,165,72.9,26.8
0,167,62.4,22.4
0,168,70.3,24.9
0,163,66.8,25.1
0,160,60.4,23.6
0,159,66.1,26.1
0,161,70.5,27.2
0,170,75.7,26.2
0,169,67.9,23.8
0,165,61.4,22.6
0,163,65,24.5
0,167,72.2,25.9
0,169,72.3,25.3
0,153,50.4,21.5
0,164,62.5,23.2
0,166,74.6,27.1
0,163,56,21.1
0,161,69.5,26.8
0,174,69.5,23
0,171,79.5,27.2
0,167,71.3,25.6
0,171,73,25
0,166,64.6,23.4
0,174,78,25.8
0,160,53.2,20.8
0,164,60.8,22.6
0,171,60.9,20.8
0,162,61.5,23.4
0,162,63,24
0,156,53.1,21.8
0,158,62.9,25.2
0,162,62.2,23.7
0,171,68.6,23.5
0,157,51.7,21
0,157,55,22.3
0,165,74.4,27.3
0,152,50.5,21.9
0,149,44.7,20.1
0,156,59.7,24.5
0,169,73,25.6
0,172,71.1,24
0,168,72.3,25.6
0,159,62.7,24.8
0,159,51.2,20.3
0,154,53.9,22.7
0,163,66.9,25.2
0,162,63.4,24.2
0,154,51.4,21.7
0,167,66.8,24
0,163,63.3,23.8
0,173,64.1,21.4
0,156,56.2,23.1
0,162,67.2,25.6
0,143,35.3,17.3
0,155,45.9,19.1
0,166,61.2,22.2
0,153,53.5,22.9
0,166,67.3,24.4
0,154,46.4,19.6
0,152,50.9,22
0,153,44.1,18.8
0,162,63.3,24.1
0,166,66,24
0,156,53,21.8
0,168,67.3,23.8
0,158,63,25.2
0,171,65.7,22.5
0,164,59.8,22.2
0,166,68.7,24.9
0,161,60.3,23.3
0,178,81.1,25.6
0,154,51.7,21.8
0,159,56.6,22.4
0,163,62,23.3
0,171,70.1,24
0,158,54.9,22
0,150,59.5,26.4
0,148,51.7,23.6
0,152,50.3,21.8
0,158,59.8,24
0,156,55.8,22.9
0,169,69.7,24.4
0,155,52.7,21.9
0,167,72.2,25.9
0,153,52.2,22.3
0,168,59.5,21.1
0,164,58,21.6
0,165,58.6,21.5
0,162,58.2,22.2
0,155,56.5,23.5
0,178,80.2,25.3
0,164,59.3,22
0,170,70.9,24.5
0,148,43.1,19.7
0,163,70,26.3
0,171,74.2,25.4
0,170,64.8,22.4
0,154,54.4,22.9
0,166,60.3,21.9
0,152,54.4,23.5
0,167,74.9,26.9
0,160,61.2,23.9
0,156,59.7,24.5
0,157,63.3,25.7
0,164,62.5,23.2
0,145,45.1,21.5
0,168,70.4,24.9
0,168,68.9,24.4
0,168,73.8,26.1
0,152,48.8,21.1
0,163,55.8,21
0,164,66.5,24.7
0,179,76,23.7
0,172,68.6,23.2
0,155,49.2,20.5
0,165,51.6,19
0,160,58.6,22.9
0,160,57.7,22.5
0,165,62,22.8
0,159,56.4,22.3
0,165,69,25.3
0,162,60.8,23.2
0,177,79.2,25.3
0,161,57.5,22.2
0,167,64.5,23.1
0,157,62,25.2
0,151,53.9,23.6
0,158,51.8,20.7
0,166,66,24
0,169,70.7,24.8
0,162,66.7,25.4
0,153,54.5,23.3
0,167,68.9,24.7
0,164,62.8,23.3
0,166,58.2,21.1
0,168,70.3,24.9
0,163,61,23
0,165,60.9,22.4
0,164,66.4,24.7
0,152,42.9,18.6
0,159,56.4,22.3
0,165,65.1,23.9
0,160,47.2,18.4
0,158,56.3,22.6
0,168,64.8,23
0,176,66.7,21.5
0,156,48.7,20
0,153,56.1,24
0,175,69.4,22.7
0,157,48.7,19.8
0,160,64.1,25
0,164,59.3,22
0,154,63.4,26.7
0,170,70.7,24.5
0,160,60.6,23.7
0,166,54.8,19.9
0,165,66.7,24.5
0,153,49.1,21
0,168,70.1,24.8
0,173,73.3,24.5
0,162,70,26.7
0,157,58.8,23.9
0,167,71.5,25.6
0,165,64.2,23.6
0,159,56,22.2
0,163,75.6,28.5
0,164,64.9,24.1
0,158,60.1,24.1
0,173,74.6,24.9
0,152,43.4,18.8
0,157,53.6,21.7
0,177,78.9,25.2
0,161,57.4,22.1
0,161,69.3,26.7
0,159,60.1,23.8
0,151,45.9,20.1
0,154,45,19
0,170,73,25.3
0,163,67.2,25.3
0,168,68.9,24.4
0,163,63,23.7
0,160,60.1,23.5
0,154,56.4,23.8
0,166,63.5,23
0,157,62.3,25.3
0,155,60,25
0,166,66.3,24.1
0,166,74.4,27
0,165,64.6,23.7
0,161,56.1,21.6
0,160,57.9,22.6
0,157,55.5,22.5
0,155,64.2,26.7
0,169,76.1,26.6
0,177,85.2,27.2
0,171,67.4,23
0,164,61,22.7
0,164,64,23.8
0,154,55.4,23.4
0,165,71.2,26.2
0,163,60.6,22.8
0,177,76.1,24.3
0,154,53.7,22.6
0,166,65.5,23.8
0,168,65.7,23.3
0,155,53.5,22.3
0,162,62.1,23.7
0,163,64.2,24.2
0,170,67.4,23.3
0,163,64.4,24.2
0,165,64.8,23.8
0,160,58.6,22.9
0,164,61.2,22.8
0,163,67.4,25.4
0,153,52.1,22.3
0,158,56.5,22.6
0,170,76.5,26.5
0,162,61.3,23.4
0,165,64.7,23.8
0,165,61,22.4
0,165,61.7,22.7
0,165,69.3,25.5
0,160,64.4,25.2
0,166,65.7,23.8
0,158,66.2,26.5
0,155,52.3,21.8
0,161,65.2,25.2
0,156,53.5,22
0,164,60.5,22.5
0,171,69.6,23.8
0,167,63.3,22.7
0,169,65.3,22.9
0,161,54.9,21.2
0,163,56.9,21.4
0,158,60.3,24.2
0,157,49.3,20
0,161,59.1,22.8
0,159,53.3,21.1
0,158,61.8,24.8
0,151,51.8,22.7
0,161,57.2,22.1
0,163,70.5,26.5
0,174,74.3,24.5
0,164,68.1,25.3
0,161,54.7,21.1
0,155,53.1,22.1
0,163,67.8,25.5
0,167,67.9,24.3
0,163,64.4,24.2
0,149,50.6,22.8
0,152,53,22.9
0,169,73.8,25.8
0,157,55.7,22.6
0,158,60,24
0,156,44,18.1
0,178,82.6,26.1
0,158,58.5,23.4
0,165,63.7,23.4
0,163,71.6,26.9
0,151,48.9,21.4
0,150,48.9,21.7
0,168,68.9,24.4
0,162,58,22.1
0,158,60.6,24.3
0,162,65.2,24.8
0,168,63.2,22.4
0,165,62.1,22.8
0,148,47.4,21.6
0,158,54.7,21.9
0,162,60.9,23.2
0,163,66.4,25
0,157,60.1,24.4
0,165,63.9,23.5
0,170,70.2,24.3
0,174,72.8,24
0,165,69.1,25.4
0,181,82.6,25.2
0,176,84.7,27.3
0,158,59,23.6
0,160,58.6,22.9
0,171,71.9,24.6
0,153,55.2,23.6
0,160,64.4,25.2
0,175,81.5,26.6
0,161,58.7,22.6
0,159,59.9,23.7
0,162,62.5,23.8
0,170,72.2,25
0,164,68.8,25.6
0,152,51.2,22.2
0,151,50.7,22.2
0,172,62.8,21.2
0,157,50.9,20.6
0,161,61.6,23.8
0,167,77.5,27.8
0,176,75,24.2
0,165,65.2,23.9
0,171,73,25
0,157,51,20.7
0,168,73.1,25.9
0,156,52,21.4
0,156,50.8,20.9
0,168,70.8,25.1
0,158,59.9,24
0,163,68.6,25.8
0,150,47.4,21.1
0,163,67.7,25.5
0,172,77.5,26.2
0,156,63.1,25.9
0,167,63.7,22.8
0,155,50.6,21.1
0,168,60.8,21.5
0,158,56.9,22.8
0,163,66.2,24.9
0,152,54.1,23.4
0,159,57.1,22.6
0,156,58.4,24
0,162,62.1,23.7
0,165,66.5,24.4
0,157,52.1,21.1
0,176,79.2,25.6
0,165,65.4,24
0,158,57,22.8
0,166,66.6,24.2
0,163,62.4,23.5
0,156,54.3,22.3
0,148,43.4,19.8
0,159,56.1,22.2
0,164,55.8,20.7
0,162,53.9,20.5
0,172,70.5,23.8
0,162,56.9,21.7
0,159,65.6,25.9
0,172,69.6,23.5
0,173,75.8,25.3
0,165,67.1,24.6
0,152,48.2,20.9
0,169,72.8,25.5
0,166,71.2,25.8
0,164,65.1,24.2
0,166,74.6,27.1
0,166,58.5,21.2
0,160,60.6,23.7
0,165,69.7,25.6
0,153,52.7,22.5
0,152,59.4,25.7
0,160,58.8,23
0,163,70.4,26.5
0,159,61.7,24.4
0,167,62.6,22.4
0,151,56.6,24.8
0,169,74.8,26.2
0,154,61.1,25.8
0,156,55.2,22.7
0,166,66.3,24.1
0,160,62.8,24.5
0,165,65.2,23.9
0,165,68.1,25
0,172,69.1,23.4
0,151,53.2,23.3
0,158,60.1,24.1
0,157,54.9,22.3
0,154,50.2,21.2
0,161,58.9,22.7
0,167,70.7,25.4
0,171,68.8,23.5
0,155,59.5,24.8
0,155,52.8,22
0,164,62.2,23.1
0,172,73.4,24.8
0,169,61.5,21.5
0,149,47.1,21.2
0,162,63.4,24.2
0,172,70.6,23.9
0,157,46.1,18.7
0,160,51.1,20
0,157,60.2,24.4
0,151,48.9,21.4
0,160,54.6,21.3
0,165,68.8,25.3
0,164,65.5,24.4
0,157,57.6,23.4
0,166,58.4,21.2
0,163,63,23.7
0,162,64,24.4
0,165,68.4,25.1
0,163,66,24.8
0,163,69.4,26.1
0,164,65.8,24.5
0,170,70.5,24.4
0,156,47.6,19.6
0,168,68.8,24.4
0,168,73.3,26
0,173,77.5,25.9
0,157,58.3,23.7
0,165,61.3,22.5
0,149,51.1,23
0,156,57.2,23.5
0,173,73,24.4
0,168,63.3,22.4
0,169,72.2,25.3
0,162,64.6,24.6
0,161,58.6,22.6
0,170,71.9,24.9
0,169,73.8,25.8
0,171,70.3,24
0,163,61.8,23.3
0,160,55.4,21.6
0,155,51.3,21.4
0,158,61.8,24.8
0,159,55.2,21.8
0,163,61.7,23.2
0,162,66,25.1
0,161,60.3,23.3
0,160,63.3,24.7
0,179,82.1,25.6
0,176,74.3,24
0,163,64.7,24.4
0,165,68.3,25.1
0,166,66.1,24
0,175,79.8,26.1
0,165,68,25
0,166,65.1,23.6
0,156,58.8,24.2
0,170,78.4,27.1
0,157,57.4,23.3
0,160,63.2,24.7
0,146,44.5,20.9
0,167,64.8,23.2
0,157,62.2,25.2
0,163,56.7,21.3
0,164,61.4,22.8
0,146,40.6,19
0,157,46.5,18.9
0,153,51.9,22.2
0,163,63.3,23.8
0,172,71.8,24.3
0,169,73.9,25.9
0,152,53.4,23.1
0,154,55.6,23.4
0,160,56.4,22
0,175,78.6,25.7
0,174,76.9,25.4
0,152,53.7,23.2
0,164,58.2,21.6
0,160,62.1,24.3
0,171,73.6,25.2
0,183,87.3,26.1
0,163,63.2,23.8
0,164,61.5,22.9
0,159,57.1,22.6
0,168,62.4,22.1
0,160,67.5,26.4
0,163,62.3,23.4
0,162,58.6,22.3
0,158,49.1,19.7
0,164,64.1,23.8
0,157,62,25.2
0,158,66.6,26.7
0,158,59.9,24
0,155,49.6,20.6
0,161,64,24.7
0,148,50,22.8
0,155,51.2,21.3
0,152,46.8,20.3
0,154,62,26.1
0,168,69.2,24.5
0,176,76.3,24.6
0,169,69.4,24.3
0,159,57.4,22.7
0,163,60.2,22.7
0,174,74,24.4
0,159,53.1,21
0,168,66.5,23.6
0,151,52.3,22.9
0,160,59.7,23.3
0,160,61.5,24
0,176,68.6,22.1
0,160,59.9,23.4
0,158,46.8,18.7
0,158,56.6,22.7
0,162,57.8,22
0,163,60.9,22.9
0,162,66,25.1
0,171,68.3,23.4
0,158,45.9,18.4
0,153,50.5,21.6
0,164,57.8,21.5
0,164,65.5,24.4
0,155,63.2,26.3
0,169,69.4,24.3
0,176,78.1,25.2
0,158,59.4,23.8
0,157,52.8,21.4
0,164,63,23.4
0,168,74.3,26.3
0,168,58.2,20.6
0,155,59.1,24.6
0,162,66.4,25.3
0,160,57.2,22.3
0,162,57.6,21.9
0,158,53.8,21.6
0,160,59.8,23.4
0,154,54.1,22.8
0,141,38.8,19.5
0,165,66.5,24.4
0,156,56.9,23.4
0,154,52.4,22.1
0,156,57.9,23.8
0,172,71.5,24.2
0,170,71.5,24.7
0,167,66.8,24
0,161,62,23.9
0,170,73.8,25.5
0,165,67.9,24.9
0,168,66.2,23.5
0,164,59.7,22.2
0,169,69.9,24.5
0,159,59.8,23.7
0,154,54.7,23.1
0,160,58.3,22.8
0,172,70.7,23.9
0,168,75.6,26.8
0,159,56.6,22.4
0,162,66.5,25.3
0,168,70.5,25
0,157,52.9,21.5
0,154,51.9,21.9
0,164,58.4,21.7
0,168,64,22.7
0,153,46.4,19.8
0,172,72.2,24.4
0,168,71,25.2
0,171,77.2,26.4
0,165,71.1,26.1
0,157,61.1,24.8
0,168,70.3,24.9
0,168,63.4,22.5
0,164,65.3,24.3
0,163,62.9,23.7
0,163,53,19.9
0,167,67.3,24.1
0,164,60.5,22.5
0,151,52.7,23.1
0,180,83.9,25.9
0,169,71,24.9
0,160,55.7,21.8
0,156,53.8,22.1
0,180,87.6,27
0,165,60.1,22.1
0,161,64.9,25
0,170,72.1,24.9
0,159,62.3,24.6
0,154,53.6,22.6
0,155,46.3,19.3
0,170,66.9,23.1
0,163,65.9,24.8
0,170,69.7,24.1
0,156,67.3,27.7
0,176,76.7,24.8
0,180,88,27.2
0,158,55.1,22.1
0,159,55.7,22
0,163,63,23.7
0,160,66.9,26.1
0,164,61.5,22.9
0,155,59.8,24.9
0,159,56.5,22.3
0,154,51.3,21.6
0,170,69.5,24
0,161,58.3,22.5
0,167,63.3,22.7
0,172,71.3,24.1
0,156,53.2,21.9
0,167,64.9,23.3
0,160,54.4,21.2
0,165,54.9,20.2
0,174,74.2,24.5
0,171,75.6,25.9
0,148,41.7,19
0,172,72.6,24.5
0,173,81.1,27.1
0,170,64.8,22.4
0,158,62.9,25.2
0,161,55.4,21.4
0,169,71.6,25.1
0,155,54.2,22.6
0,169,67.3,23.6
0,154,52.6,22.2
0,161,67.6,26.1
0,166,65.3,23.7
0,169,66.8,23.4
0,159,56.1,22.2
0,156,59.5,24.4
0,165,66.6,24.5
0,159,59,23.3
0,167,58.6,21
0,156,44.6,18.3
0,162,66.4,25.3
0,155,47,19.6
0,164,66.9,24.9
0,164,69.5,25.8
0,155,50,20.8
0,171,70.1,24
0,158,57.9,23.2
0,157,58.3,23.7
0,160,67.1,26.2
0,169,68.8,24.1
0,158,60.3,24.2
0,166,55,20
0,161,56.5,21.8
0,158,49.9,20
0,161,54.4,21
0,157,58.2,23.6
0,151,44.8,19.6
0,155,56.7,23.6
0,154,54,22.8
0,164,64.3,23.9
0,167,68.4,24.5
0,155,47.3,19.7
0,160,64,25
0,162,69.7,26.6
0,159,56.6,22.4
0,149,53.2,24
0,167,63.5,22.8
0,159,61.8,24.4
0,162,64.3,24.5
0,169,68,23.8
0,160,63,24.6
0,154,54.1,22.8
0,155,59.2,24.6
0,147,37.7,17.4
0,163,63.4,23.9
0,163,58.3,21.9
0,169,72.3,25.3
0,169,69,24.2
0,160,55.6,21.7
0,161,52.6,20.3
0,163,56.7,21.3
0,162,62.2,23.7
0,164,61.1,22.7
0,166,67.3,24.4
0,165,66.1,24.3
0,153,56.9,24.3
0,157,58.7,23.8
0,161,56.5,21.8
0,158,65.7,26.3
0,160,62.3,24.3
0,165,64.6,23.7
0,160,60.5,23.6
0,168,66.8,23.7
0,153,57.5,24.6
0,166,66,24
0,148,52.1,23.8
0,165,68.9,25.3
0,168,73.1,25.9
0,154,47,19.8
0,154,52.2,22
0,155,59,24.6
0,160,65.3,25.5
0,168,59.5,21.1
0,165,78.3,28.8
0,173,76.7,25.6
0,157,53.2,21.6
0,163,53,19.9
0,144,41.2,19.9
0,167,71.1,25.5
0,159,57.6,22.8
0,165,65.7,24.1
0,160,59.6,23.3
0,152,48.8,21.1
0,152,58.7,25.4
0,167,63.3,22.7
0,171,69.9,23.9
0,161,63.1,24.3
0,165,62.8,23.1
0,160,56,21.9
0,165,66.2,24.3
0,155,64.6,26.9
0,165,62.4,22.9
0,160,63.7,24.9
0,169,70.1,24.5
0,166,68.9,25
0,163,63.6,23.9
0,157,56.2,22.8
0,162,61.8,23.5
0,156,46.6,19.1
0,170,72.8,25.2
0,151,49.5,21.7
0,153,56.9,24.3
0,153,59.9,25.6
0,164,65.7,24.4
0,173,76,25.4
0,176,70.7,22.8
0,174,75.4,24.9
0,163,64,24.1
0,167,67.8,24.3
0,172,68.9,23.3
0,167,61.9,22.2
0,158,55.1,22.1
0,161,66.7,25.7
0,157,60.5,24.5
0,162,64,24.4
0,163,64.1,24.1
0,169,65.8,23
0,172,74.1,25
0,167,67,24
0,169,73.1,25.6
0,159,52.1,20.6
0,163,63.8,24
0,157,57.5,23.3
0,156,56.8,23.3
0,156,64.6,26.5
0,168,70.8,25.1
0,151,51.4,22.5
0,169,71.2,24.9
0,153,51,21.8
0,149,46.4,20.9
0,159,58.9,23.3
0,154,49.3,20.8
0,167,62.4,22.4
0,163,58,21.8
0,168,72.5,25.7
0,164,58,21.6
0,160,51.3,20
0,158,53.5,21.4
0,156,53.9,22.1
0,168,65.6,23.2
0,159,53.3,21.1
0,177,76.1,24.3
0,166,66,24
0,158,66.4,26.6
0,172,73,24.7
0,152,43.4,18.8
0,171,69.9,23.9
0,149,46.5,20.9
0,165,67.6,24.8
0,167,76.6,27.5
0,164,62.4,23.2
0,164,56.9,21.2
0,170,71.5,24.7
0,165,64.1,23.5
0,158,55.2,22.1
0,161,75.1,29
0,162,60.9,23.2
0,160,63.4,24.8
0,173,70,23.4
0,168,64.2,22.7
0,155,46.4,19.3
0,158,56.2,22.5
0,176,81.2,26.2
0,155,52.4,21.8
0,174,78.3,25.9
0,156,60,24.7
0,156,56.9,23.4
0,161,58.5,22.6
0,171,76.3,26.1
0,156,55.2,22.7
0,172,79.3,26.8
0,173,70.2,23.5
0,168,71.2,25.2
0,168,75.1,26.6
0,168,59.4,21
0,156,60,24.7
0,149,51.8,23.3
0,157,58.2,23.6
0,157,62.3,25.3
0,157,56.3,22.8
0,169,68.7,24.1
0,159,53.2,21
0,167,61.8,22.2
0,166,69.3,25.1
0,171,65.8,22.5
0,173,78,26.1
0,149,46.9,21.1
0,163,73.4,27.6
0,165,67,24.6
0,159,59.2,23.4
0,163,62,23.3
0,167,63.3,22.7
0,150,48.7,21.6
0,164,64.9,24.1
0,161,68.3,26.3
0,149,53.4,24.1
0,163,60.7,22.8
0,151,49.9,21.9
0,165,61.6,22.6
0,160,68.2,26.6
0,161,63.6,24.5
0,159,64.7,25.6
0,171,74.9,25.6
0,160,58.7,22.9
0,167,72.1,25.9
0,159,53.6,21.2
0,160,57,22.3
0,178,83.6,26.4
0,160,56.5,22.1
0,170,67.3,23.3
0,153,45.6,19.5
0,167,74.5,26.7
0,169,56.9,19.9
0,162,66.5,25.3
0,159,57.8,22.9
0,162,59.6,22.7
0,163,56.2,21.2
0,172,83.3,28.2
0,158,54,21.6
0,156,60.3,24.8
0,159,55.2,21.8
0,168,78.6,27.8
0,174,68.6,22.7
0,161,62.6,24.2
0,149,48.9,22
0,153,50.4,21.5
0,156,44,18.1
0,166,70.1,25.4
0,154,55.2,23.3
0,157,53.1,21.5
0,152,51.9,22.5
0,162,56.6,21.6
0,160,60.2,23.5
0,169,73.1,25.6
0,159,51.5,20.4
0,177,75.7,24.2
0,158,55.2,22.1
0,159,51.4,20.3
0,169,62.5,21.9
0,157,51.2,20.8
0,152,49.5,21.4
0,164,64.9,24.1
0,152,51.8,22.4
0,165,70.3,25.8
0,170,74.7,25.8
0,164,63.2,23.5
0,159,62,24.5
0,150,43.1,19.2
0,162,66.4,25.3
0,172,77,26
0,163,63.3,23.8
0,152,44.6,19.3
0,167,73.4,26.3
0,163,65.1,24.5
0,161,60.2,23.2
0,165,63.5,23.3
0,163,58.6,22.1
0,171,81.2,27.8
0,148,50,22.8
0,162,60.3,23
0,164,64,23.8
0,157,48.7,19.8
0,162,54,20.6
0,170,70.6,24.4
0,161,55,21.2
0,156,57.5,23.6
0,161,59.7,23
0,158,60.7,24.3
0,162,59.5,22.7
0,168,72.6,25.7
0,165,67.9,24.9
0,155,58.9,24.5
0,167,70.2,25.2
0,164,68.9,25.6
0,155,51.9,21.6
0,152,55.3,23.9
0,162,59.7,22.7
0,169,68.6,24
0,154,58.1,24.5
0,164,62.8,23.3
0,160,57.6,22.5
0,154,56.7,23.9
0,144,46.3,22.3
0,176,76.9,24.8
0,158,63,25.2
0,167,73.7,26.4
0,158,62.5,25
0,164,68.7,25.5
0,169,72.4,25.3
0,174,76.4,25.2
0,164,59.7,22.2
0,163,64.2,24.2
0,171,68,23.3
0,161,58.5,22.6
0,155,61.2,25.5
0,171,66.1,22.6
0,170,68.4,23.7
0,176,71.9,23.2
0,158,65.4,26.2
0,166,66.6,24.2
0,179,78.9,24.6
0,162,64.8,24.7
0,156,46.7,19.2
0,155,55.2,23
0,170,76.2,26.4
0,172,63.5,21.5
0,161,62.5,24.1
0,151,46.3,20.3
0,167,62.6,22.4
0,165,68.5,25.2
0,163,63.4,23.9
0,154,55.7,23.5
0,165,64.6,23.7
0,169,73.6,25.8
0,158,60.8,24.4
0,165,71.2,26.2
0,153,48.1,20.5
0,154,50.3,21.2
0,158,62.2,24.9
0,168,63.9,22.6
0,167,68,24.4
0,157,64.8,26.3
0,157,59.1,24
0,158,61,24.4
0,160,55.1,21.5
0,162,65.2,24.8
0,164,59.3,22
0,157,58.4,23.7
0,151,55.4,24.3
0,166,68.2,24.7
0,169,60.2,21.1
0,165,71.4,26.2
0,162,58.7,22.4
0,150,49.5,22
0,160,60.3,23.6
0,164,64.9,24.1
0,158,54,21.6
0,170,78.2,27.1
0,163,66.6,25.1
0,171,70.9,24.2
0,166,60.4,21.9
0,158,62.1,24.9
0,164,66.2,24.6
0,172,78.3,26.5
0,166,59.2,21.5
0,154,56.4,23.8
0,157,57.8,23.4
0,170,73.5,25.4
0,162,65.6,25
0,167,66.4,23.8
0,167,69.3,24.8
0,162,60.7,23.1
0,167,54.1,19.4
0,168,63.1,22.4
0,161,67,25.8
0,165,56.5,20.8
0,162,67.7,25.8
0,164,59.2,22
0,160,57.5,22.5
0,165,57.7,21.2
0,166,67.1,24.4
0,155,54,22.5
0,161,62.5,24.1
0,155,51.1,21.3
0,163,57.2,21.5
0,168,72.2,25.6
0,155,57.4,23.9
0,172,68.9,23.3
0,161,68.1,26.3
0,168,69,24.4
0,160,63.2,24.7
0,167,68.9,24.7
0,166,68,24.7
0,166,64.6,23.4
0,167,70.2,25.2
0,162,63.8,24.3
0,158,57.3,23
0,163,65.3,24.6
0,165,64.5,23.7
0,163,64.1,24.1
0,170,67.6,23.4
0,164,66.2,24.6
0,165,70.1,25.7
0,155,47.5,19.8
0,159,58.1,23
0,162,61.1,23.3
0,160,60.5,23.6
0,149,51.3,23.1
0,164,59.1,22
0,166,70.1,25.4
0,159,56.5,22.3
0,170,68.7,23.8
0,164,69.3,25.8
0,164,67.6,25.1
0,158,60.9,24.4
0,157,58.3,23.7
0,163,60,22.6
0,161,60.9,23.5
0,170,71,24.6
0,158,54.6,21.9
0,162,62.9,24
0,164,62.6,23.3
0,166,62.4,22.6
0,148,51.5,23.5
0,175,82.2,26.8
0,172,74.9,25.3
0,165,61.3,22.5
0,163,68,25.6
0,154,53.8,22.7
0,157,62.9,25.5
0,170,76.4,26.4
0,167,73,26.2
0,155,50.7,21.1
0,165,63.4,23.3
0,157,56.7,23
0,169,67,23.5
0,164,74.4,27.7
0,154,57.5,24.2
0,155,61.1,25.4
0,158,51,20.4
0,162,59.2,22.6
0,163,59.7,22.5
0,174,75.6,25
0,154,62.1,26.2
0,162,58.5,22.3
0,160,56.4,22
0,166,61.2,22.2
0,162,59.7,22.7
0,163,62.5,23.5
0,160,60.3,23.6
0,155,52.7,21.9
0,167,59.2,21.2
0,155,59.5,24.8
0,164,59.4,22.1
0,156,52.2,21.4
0,158,68.5,27.4
0,167,69.4,24.9
0,163,66,24.8
0,162,60.4,23
0,169,66.4,23.2
0,153,44.5,19
0,169,68.6,24
0,164,71.2,26.5
0,168,65.9,23.3
0,175,76.4,24.9
0,167,63.2,22.7
0,166,54.3,19.7
0,163,60.4,22.7
0,163,62.4,23.5
0,153,44.1,18.8
0,161,55.1,21.3
0,161,61.7,23.8
0,161,55.6,21.4
0,154,49.8,21
0,157,55.3,22.4
0,170,59.7,20.7
0,158,52.1,20.9
0,159,65.1,25.8
0,161,62.6,24.2
0,170,68.5,23.7
0,161,61.7,23.8
0,162,62.2,23.7
0,165,59.7,21.9
0,167,69.6,25
0,150,45,20
0,172,65.7,22.2
0,170,75.4,26.1
0,155,55.8,23.2
0,161,61.2,23.6
0,155,58.1,24.2
0,155,64.6,26.9
0,173,75.6,25.3
0,164,56.3,20.9
0,158,60.5,24.2
0,159,59.2,23.4
0,165,65.4,24
0,157,59.3,24.1
0,165,64.5,23.7
0,156,54.7,22.5
0,159,58.1,23
0,158,63.1,25.3
0,148,45.8,20.9
0,155,50.2,20.9
0,161,61.2,23.6
0,172,64.7,21.9
0,163,61.9,23.3
0,167,59.7,21.4
0,162,66,25.1
0,166,60,21.8
0,152,49.1,21.3
0,167,70.1,25.1
0,159,66.4,26.3
0,163,67.3,25.3
0,159,60.8,24
0,152,45.3,19.6
0,162,62,23.6
0,165,65.6,24.1
0,165,68.7,25.2
0,169,60,21
0,162,71.1,27.1
0,164,75,27.9
0,165,60.5,22.2
0,156,52.1,21.4
0,167,72.7,26.1
0,164,70.2,26.1
0,157,62.1,25.2
0,167,71.6,25.7
0,163,68.7,25.9
0,165,68.6,25.2
0,138,29.3,15.4
0,163,73.3,27.6
0,163,56.9,21.4
0,156,54.3,22.3
0,160,62.8,24.5
0,171,68,23.3
0,158,66.3,26.6
0,158,55.1,22.1
0,169,61.7,21.6
0,162,62.1,23.7
0,154,55.1,23.2
0,165,70.8,26
0,158,58.7,23.5
0,164,64.9,24.1
0,168,65.7,23.3
0,160,67.9,26.5
0,158,59.2,23.7
0,158,54,21.6
0,154,48.4,20.4
0,161,62.9,24.3
0,161,58,22.4
0,155,54.7,22.8
0,162,55.5,21.1
0,160,55.3,21.6
0,152,42.3,18.3
0,173,85.7,28.6
0,145,48.1,22.9
0,168,65.2,23.1
0,160,55.9,21.8
0,162,58.8,22.4
0,164,68.8,25.6
0,159,56.4,22.3
0,162,58.5,22.3
0,147,51,23.6
0,162,62.6,23.9
0,157,67.7,27.5
0,158,53,21.2
0,161,59.1,22.8
0,158,59.8,24
0,165,67.3,24.7
0,155,55.1,22.9
0,170,65.2,22.6
0,162,60.6,23.1
0,164,56.8,21.1
0,162,68.8,26.2
0,157,59.8,24.3
0,163,67.7,25.5
0,163,64.1,24.1
0,165,64.1,23.5
0,161,58.1,22.4
0,170,68.4,23.7
0,164,65.6,24.4
0,159,63.9,25.3
0,179,72,22.5
0,170,76.5,26.5
0,160,73,28.5
0,164,68.4,25.4
0,163,69.5,26.2
0,158,53.1,21.3
0,158,62.9,25.2
0,172,67.9,23
0,161,60.1,23.2
0,168,63.7,22.6
0,157,54.9,22.3
0,165,63.7,23.4
0,154,50.8,21.4
0,154,46.1,19.4
0,161,57.4,22.1
0,156,58.9,24.2
0,164,59.2,22
0,164,67.6,25.1
0,154,51.8,21.8
0,154,45.5,19.2
0,170,76.2,26.4
0,154,52.7,22.2
0,157,61.9,25.1
0,163,65.3,24.6
0,168,67.6,24
0,159,55.4,21.9
0,153,49.6,21.2
0,154,54.7,23.1
0,162,59.6,22.7
0,158,51.5,20.6
0,159,65.9,26.1
0,164,67.6,25.1
0,155,51.5,21.4
0,157,58.8,23.9
0,163,55.8,21
0,157,50.8,20.6
0,164,65.7,24.4
0,154,55.6,23.4
0,163,63.7,24
0,154,54,22.8
0,165,67.8,24.9
0,164,63.9,23.8
0,158,60.7,24.3
0,156,60,24.7
0,160,51.2,20
0,150,48.9,21.7
0,162,56.6,21.6
0,161,65.6,25.3
0,159,48.1,19
0,160,64,25
0,164,70.9,26.4
0,166,67.6,24.5
0,164,67.1,24.9
0,166,66.1,24
0,165,65.6,24.1
0,163,68.7,25.9
0,164,62.6,23.3
0,173,75.7,25.3
0,168,66,23.4
0,160,66.3,25.9
0,160,65,25.4
0,167,68,24.4
0,171,74.5,25.5
0,159,63,24.9
0,164,62.4,23.2
0,158,60.8,24.4
0,158,60.4,24.2
0,173,66.6,22.3
0,149,44.7,20.1
0,168,66.7,23.6
0,165,61.8,22.7
0,157,54.7,22.2
0,164,65.9,24.5
0,169,71.1,24.9
0,172,69.5,23.5
0,162,60.7,23.1
0,158,49.2,19.7
0,161,61.2,23.6
0,153,49.5,21.1
0,167,68.2,24.5
0,167,62.5,22.4
0,154,58.7,24.8
0,165,60.8,22.3
0,161,55.8,21.5
0,167,71.4,25.6
0,161,62.5,24.1
0,181,79.9,24.4
0,161,64.4,24.8
0,151,57.8,25.3
0,154,52.7,22.2
0,159,60.1,23.8
0,154,52.8,22.3
0,168,72.8,25.8
0,172,70.7,23.9
0,154,54.7,23.1
0,176,84,27.1
0,163,60.9,22.9
0,165,65.6,24.1
0,161,59.8,23.1
0,161,60.3,23.3
0,172,68.9,23.3
0,159,65.2,25.8
0,174,67.7,22.4
0,156,56.1,23.1
0,164,67.6,25.1
0,170,78.1,27
0,162,59.9,22.8
0,156,58.1,23.9
0,154,54.2,22.9
0,168,70,24.8
0,158,48.2,19.3
0,160,60.6,23.7
0,159,64.7,25.6
0,161,60.4,23.3
0,167,63.6,22.8
0,155,57.8,24.1
0,169,72.1,25.2
0,161,59.4,22.9
0,173,77.7,26
0,158,63.4,25.4
0,167,76.1,27.3
0,159,66.8,26.4
0,161,63.6,24.5
0,163,62.7,23.6
0,145,38.3,18.2
0,164,63.3,23.5
0,156,46.8,19.2
0,157,50.1,20.3
0,164,62.3,23.2
0,160,55.5,21.7
0,150,56.7,25.2
0,174,71.6,23.6
0,172,73.3,24.8
0,159,57.4,22.7
0,160,61.6,24.1
0,160,64.4,25.2
0,167,64.9,23.3
0,166,63.3,23
0,160,58.2,22.7
0,166,64.5,23.4
0,159,55.8,22.1
0,164,61.6,22.9
0,158,55.4,22.2
0,172,70,23.7
0,157,51.2,20.8
0,158,51.9,20.8
0,166,67.7,24.6
0,165,59.2,21.7
0,152,51.6,22.3
0,162,58.6,22.3
0,162,64.6,24.6
0,152,51.3,22.2
0,167,67.8,24.3
0,158,61.1,24.5
0,147,44,20.4
0,172,73.6,24.9
0,157,56.4,22.9
0,152,50.5,21.9
0,159,53.4,21.1
0,153,56.3,24.1
0,168,71.5,25.3
0,170,69.9,24.2
0,167,57.1,20.5
0,157,52.1,21.1
0,152,52.4,22.7
0,167,65.3,23.4
0,167,60.7,21.8
0,152,46.9,20.3
0,162,58,22.1
0,147,48.5,22.4
0,160,54.4,21.2
0,154,40.9,17.2
0,155,47.8,19.9
0,152,55.4,24
0,162,66.1,25.2
0,166,67.4,24.5
0,161,67.8,26.2
0,162,61,23.2
0,159,63.1,25
0,158,59.1,23.7
0,166,66.3,24.1
0,162,67.2,25.6
0,162,61.8,23.5
0,160,65.5,25.6
0,166,62.3,22.6
0,159,48.9,19.3
0,169,67.3,23.6
0,159,65.6,25.9
0,153,47.4,20.2
0,168,73.4,26
0,169,66.1,23.1
0,162,63.9,24.3
0,153,47.6,20.3
0,160,55.4,21.6
0,155,47.6,19.8
0,161,58.9,22.7
0,166,55,20
0,156,56.7,23.3
0,159,60.4,23.9
0,153,52.4,22.4
0,165,68.5,25.2
0,178,79.7,25.2
0,159,61.9,24.5
0,155,58.5,24.3
0,154,51.8,21.8
0,162,59.1,22.5
0,161,62.2,24
0,159,57,22.5
0,167,74.6,26.7
0,149,49.9,22.5
0,172,74.2,25.1
0,168,69.1,24.5
0,161,59.2,22.8
0,168,68.4,24.2
0,163,66.1,24.9
0,168,65.1,23.1
0,160,61,23.8
0,158,57.6,23.1
0,151,45,19.7
0,166,63,22.9
0,170,74.4,25.7
0,163,58.8,22.1
0,165,68.9,25.3
0,162,76.4,29.1
0,158,61.9,24.8
0,163,64,24.1
0,149,43.8,19.7
0,171,68.5,23.4
0,146,33,15.5
0,162,57.9,22.1
0,161,57.3,22.1
0,152,50.3,21.8
0,173,71.9,24
0,165,66.5,24.4
0,161,60.8,23.5
0,169,72.8,25.5
0,168,70.2,24.9
0,150,47.8,21.2
0,168,74.2,26.3
0,159,60.7,24
0,176,77.4,25
0,162,58.9,22.4
0,175,73.3,23.9
0,167,60.5,21.7
0,159,55.9,22.1
0,165,63.2,23.2
0,156,55.6,22.8
0,167,60.8,21.8
0,167,71.6,25.7
0,153,50.4,21.5
0,153,56.9,24.3
0,169,75.5,26.4
0,152,54.3,23.5
0,172,73.5,24.8
0,159,63.3,25
0,151,47.1,20.7
0,168,72.9,25.8
0,171,76.6,26.2
0,161,62.7,24.2
0,159,61.8,24.4
0,164,63.3,23.5
0,159,55.6,22
0,166,71.2,25.8
0,157,67.1,27.2
0,163,58,21.8
0,166,63.8,23.2
0,165,54.8,20.1
0,161,65.9,25.4
0,151,56.4,24.7
0,156,57.4,23.6
0,160,60.5,23.6
0,169,62.4,21.8
0,156,59.6,24.5
0,166,72.9,26.5
0,160,61.5,24
0,149,51.7,23.3
0,163,65.8,24.8
0,157,59.4,24.1
0,156,56.4,23.2
0,164,61.5,22.9
0,159,57.7,22.8
0,164,64.2,23.9
0,170,65.7,22.7
0,158,66,26.4
0,171,62.4,21.3
0,167,70.8,25.4
0,165,71.2,26.2
0,147,42.1,19.5
0,164,66.4,24.7
0,155,57.7,24
0,165,64.7,23.8
0,149,52.6,23.7
0,169,74.6,26.1
0,171,73,25
0,150,49,21.8
0,179,91.7,28.6
0,167,64.9,23.3
0,161,63.1,24.3
0,167,73.8,26.5
0,159,55.3,21.9
0,162,59.2,22.6
0,159,64.3,25.4
0,169,62.9,22
0,167,73.4,26.3
0,172,81.2,27.4
0,148,52.5,24
0,154,52.7,22.2
0,165,69.6,25.6
0,171,67.6,23.1
0,157,59.4,24.1
0,165,62.4,22.9
0,162,59.7,22.7
0,158,58.3,23.4
0,164,61.1,22.7
0,166,70.9,25.7
0,171,69,23.6
0,157,61.5,25
0,170,69.7,24.1
0,160,62,24.2
0,163,65.4,24.6
0,162,58.7,22.4
0,159,59.6,23.6
0,156,53.6,22
0,164,67.4,25.1
0,169,59.4,20.8
0,164,64.4,23.9
0,162,70,26.7
0,155,63.1,26.3
0,159,58.6,23.2
0,154,47.6,20.1
0,153,49.1,21
0,155,50.6,21.1
0,156,52.5,21.6
0,159,58.6,23.2
0,162,66.6,25.4
0,154,44.9,18.9
0,161,55.3,21.3
0,166,70.8,25.7
0,162,73.5,28
0,162,62.3,23.7
0,169,72.7,25.5
0,156,49.6,20.4
0,152,49.8,21.6
0,164,57.3,21.3
0,163,63,23.7
0,172,66.3,22.4
0,164,70.9,26.4
0,166,63.1,22.9
0,174,72.8,24
0,171,73.8,25.2
0,169,65.1,22.8
0,167,65.2,23.4
0,147,43.5,20.1
0,155,52.3,21.8
0,169,74.8,26.2
0,163,56.6,21.3
0,168,64.8,23
0,152,53.9,23.3
0,156,46.9,19.3
0,164,60.3,22.4
0,156,55.5,22.8
0,159,64.7,25.6
0,160,68.7,26.8
0,161,56.7,21.9
0,173,75.9,25.4
0,160,59.5,23.2
0,171,72.4,24.8
0,166,67.3,24.4
0,155,47.5,19.8
0,165,65.7,24.1
0,147,41.8,19.3
0,158,62.7,25.1
0,173,74.6,24.9
0,169,65.2,22.8
0,160,65.3,25.5
0,172,74,25
0,155,58.3,24.3
0,170,72.6,25.1
0,165,64.9,23.8
0,169,71.1,24.9
0,164,64,23.8
0,156,61.8,25.4
0,158,57,22.8
0,167,71.4,25.6
0,157,65,26.4
0,157,62.3,25.3
0,160,57.9,22.6
0,171,66.5,22.7
0,152,58.2,25.2
0,165,62.8,23.1
0,157,52.8,21.4
0,160,56.6,22.1
0,158,59.1,23.7
0,162,65.8,25.1
0,160,62.8,24.5
0,168,69.6,24.7
0,173,68,22.7
0,169,68.9,24.1
0,155,53.9,22.4
0,168,63.9,22.6
0,162,65.8,25.1
0,151,47,20.6
0,168,66.4,23.5
0,149,46.2,20.8
0,169,70.7,24.8
0,169,64.8,22.7
0,160,59.8,23.4
0,167,57.2,20.5
0,158,52.4,21
0,171,76.6,26.2
0,159,54.4,21.5
0,173,79.9,26.7
0,170,62.4,21.6
0,167,62.5,22.4
0,166,66.5,24.1
0,156,61.6,25.3
0,164,60,22.3
0,163,58.3,21.9
0,160,62.9,24.6
0,162,58.5,22.3
0,166,71.9,26.1
0,165,68.1,25
0,144,44.3,21.4
0,145,41,19.5
0,175,71.8,23.4
0,162,62.8,23.9
0,162,64.3,24.5
0,155,51.7,21.5
0,168,72.1,25.5
0,152,49,21.2
0,167,65.3,23.4
0,156,66.1,27.2
0,151,50.6,22.2
0,156,51.9,21.3
0,162,69.5,26.5
0,166,65.6,23.8
0,167,50.1,18
0,152,39.5,17.1
0,175,74.1,24.2
0,159,65.5,25.9
0,157,53.2,21.6
0,164,62.5,23.2
0,167,63.3,22.7
0,169,72.5,25.4
0,158,58.9,23.6
0,156,53,21.8
0,157,59.7,24.2
0,159,61.7,24.4
0,162,58.2,22.2
0,154,62.5,26.4
0,168,72.7,25.8
0,166,66.3,24.1
0,164,62.6,23.3
0,164,60.6,22.5
0,164,61.8,23
0,171,78.1,26.7
0,162,67.7,25.8
0,156,57.6,23.7
0,162,64.9,24.7
0,155,52.6,21.9
0,159,62.8,24.8
0,169,71.3,25
0,160,58.2,22.7
0,156,63.8,26.2
0,161,62.6,24.2
0,156,52,21.4
0,160,54.7,21.4
0,163,61.3,23.1
0,159,59.7,23.6
0,168,69.5,24.6
0,166,69.4,25.2
0,148,47.6,21.7
0,152,57.4,24.8
0,162,62.7,23.9
0,154,61.3,25.8
0,164,63.5,23.6
0,154,56.1,23.7
0,156,52.6,21.6
0,165,71.1,26.1
0,163,64.8,24.4
0,168,70,24.8
0,167,73,26.2
0,167,73.4,26.3
0,161,60.1,23.2
0,175,73.9,24.1
0,162,59.8,22.8
0,163,64.7,24.4
0,142,38.7,19.2
0,175,81,26.4
0,155,53.9,22.4
0,168,68.3,24.2
0,165,68.2,25.1
0,157,56.8,23
0,160,55,21.5
0,159,60.7,24
0,158,62.9,25.2
0,165,66.8,24.5
0,169,66.9,23.4
0,165,71.8,26.4
0,150,49.3,21.9
0,161,57.4,22.1
0,165,63,23.1
0,168,78,27.6
0,165,68.1,25
0,169,67.2,23.5
0,155,57.6,24
0,165,60.7,22.3
0,158,62,24.8
0,180,87.4,27
0,164,67.8,25.2
0,161,60.5,23.3
0,176,81.4,26.3
0,157,60.7,24.6
0,155,54.5,22.7
0,166,61.4,22.3
0,168,62.4,22.1
0,164,73.8,27.4
0,173,79.2,26.5
0,156,52.1,21.4
0,163,57.5,21.6
0,168,68.5,24.3
0,173,76.3,25.5
0,167,58.8,21.1
0,161,67.3,26
0,157,53.9,21.9
0,159,59.9,23.7
0,152,59.5,25.8
0,164,63.8,23.7
0,161,59.6,23
0,167,68.7,24.6
0,163,61.1,23
0,166,61.4,22.3
0,151,51.4,22.5
0,170,65,22.5
0,165,56.9,20.9
0,162,60.2,22.9
0,164,58.1,21.6
0,154,54.7,23.1
0,175,75.3,24.6
0,155,50.9,21.2
0,154,60.5,25.5
0,157,56.7,23
0,167,63.4,22.7
0,152,48.2,20.9
0,170,68.3,23.6
0,154,51.8,21.8
0,157,55,22.3
0,159,64.6,25.6
0,155,54.4,22.6
0,170,68.4,23.7
0,165,67.9,24.9
0,155,51.5,21.4
0,165,64.8,23.8
0,170,73.8,25.5
0,155,57.8,24.1
0,168,61.6,21.8
0,156,65.5,26.9
0,147,42.5,19.7
0,159,64.5,25.5
0,154,55.9,23.6
0,159,60,23.7
0,168,72.1,25.5
0,167,66.7,23.9
0,167,68,24.4
0,166,56.1,20.4
0,170,71.2,24.6
0,145,45.9,21.8
0,154,55.7,23.5
0,161,54.9,21.2
0,158,60,24
0,166,59.9,21.7
0,160,64.6,25.2
0,151,50.7,22.2
0,161,68.9,26.6
0,170,67,23.2
0,148,50,22.8
0,165,69.4,25.5
0,153,46.7,19.9
0,169,73.2,25.6
0,171,65.3,22.3
0,168,68.3,24.2
0,170,58.7,20.3
0,166,67.1,24.4
0,171,75.6,25.9
0,149,48.5,21.8
0,158,59.9,24
0,160,56.6,22.1
0,166,62.2,22.6
0,160,64.7,25.3
0,161,70.1,27
0,158,50.5,20.2
0,151,49.6,21.8
0,174,67.5,22.3
0,160,59.4,23.2
0,158,58.7,23.5
0,162,66.8,25.5
0,173,79,26.4
0,163,57,21.5
0,165,62.6,23
0,160,55.1,21.5
0,155,54.7,22.8
0,152,52.8,22.9
0,162,66.5,25.3
0,157,56.5,22.9
0,168,63.6,22.5
0,158,61.7,24.7
0,154,52.4,22.1
0,157,56.2,22.8
0,169,68,23.8
0,150,56.2,25
0,165,62.8,23.1
0,163,60.6,22.8
0,155,56,23.3
0,163,62.9,23.7
0,160,60.8,23.7
0,156,60.1,24.7
0,152,50.4,21.8
0,166,64.3,23.3
0,160,63.6,24.8
0,160,65.3,25.5
0,160,57.2,22.3
0,173,73.2,24.5
0,166,68.3,24.8
0,170,73.5,25.4
0,167,69.1,24.8
0,157,63.5,25.8
0,159,54.6,21.6
0,166,61.6,22.4
0,157,57.6,23.4
0,165,70.8,26
0,163,70.6,26.6
0,173,74.2,24.8
0,167,68.7,24.6
0,164,70.5,26.2
0,154,55.8,23.5
0,154,54.9,23.1
0,166,64.9,23.6
0,168,56.3,19.9
0,156,55.1,22.6
0,164,67.8,25.2
0,146,51.8,24.3
0,158,56.8,22.8
0,154,50.2,21.2
0,154,61.5,25.9
0,177,80.7,25.8
0,167,60.2,21.6
0,150,50.7,22.5
0,173,77.3,25.8
0,161,64.4,24.8
0,167,68.6,24.6
0,151,55,24.1
0,155,43.4,18.1
0,160,64.1,25
0,159,46.7,18.5
0,158,62.9,25.2
0,152,44.3,19.2
0,150,50.1,22.3
0,168,62,22
0,170,77.5,26.8
0,162,58.3,22.2
0,175,74.3,24.3
0,157,51.6,20.9
