"sex","variable","value"
"Male","height",188
"Male","weight",109.7
"Male","bmi",31
"Male","height",175
"Male","weight",73.6
"Male","bmi",24
"Male","height",188
"Male","weight",96.5
"Male","bmi",27.3
"Male","height",182
"Male","weight",99.8
"Male","bmi",30.1
"Male","height",177
"Male","weight",93.6
"Male","bmi",29.9
"Male","height",171
"Male","weight",69
"Male","bmi",23.6
"Male","height",175
"Male","weight",83.4
"Male","bmi",27.2
"Male","height",174
"Male","weight",76.2
"Male","bmi",25.2
"Male","height",170
"Male","weight",79.8
"Male","bmi",27.6
"Male","height",161
"Male","weight",70.9
"Male","bmi",27.4
"Male","height",181
"Male","weight",84.6
"Male","bmi",25.8
"Male","height",182
"Male","weight",97
"Male","bmi",29.3
"Male","height",165
"Male","weight",75.8
"Male","bmi",27.8
"Male","height",176
"Male","weight",85.9
"Male","bmi",27.7
"Male","height",176
"Male","weight",84.6
"Male","bmi",27.3
"Male","height",172
"Male","weight",78.1
"Male","bmi",26.4
"Male","height",184
"Male","weight",88.9
"Male","bmi",26.3
"Male","height",162
"Male","weight",78.4
"Male","bmi",29.9
"Male","height",177
"Male","weight",84.4
"Male","bmi",26.9
"Male","height",173
"Male","weight",82.7
"Male","bmi",27.6
"Male","height",173
"Male","weight",79
"Male","bmi",26.4
"Male","height",176
"Male","weight",89.7
"Male","bmi",29
"Male","height",168
"Male","weight",67.7
"Male","bmi",24
"Male","height",191
"Male","weight",103.8
"Male","bmi",28.5
"Male","height",172
"Male","weight",73.5
"Male","bmi",24.8
"Male","height",173
"Male","weight",87.2
"Male","bmi",29.1
"Male","height",175
"Male","weight",83.7
"Male","bmi",27.3
"Male","height",185
"Male","weight",93.8
"Male","bmi",27.4
"Male","height",171
"Male","weight",79.5
"Male","bmi",27.2
"Male","height",174
"Male","weight",70
"Male","bmi",23.1
"Male","height",174
"Male","weight",85.1
"Male","bmi",28.1
"Male","height",188
"Male","weight",96.6
"Male","bmi",27.3
"Male","height",182
"Male","weight",88.5
"Male","bmi",26.7
"Male","height",176
"Male","weight",93.1
"Male","bmi",30.1
"Male","height",177
"Male","weight",92.6
"Male","bmi",29.6
"Male","height",179
"Male","weight",87.5
"Male","bmi",27.3
"Male","height",175
"Male","weight",89.6
"Male","bmi",29.3
"Male","height",171
"Male","weight",83.4
"Male","bmi",28.5
"Male","height",167
"Male","weight",74.3
"Male","bmi",26.6
"Male","height",163
"Male","weight",74
"Male","bmi",27.9
"Male","height",173
"Male","weight",78.1
"Male","bmi",26.1
"Male","height",183
"Male","weight",88
"Male","bmi",26.3
"Male","height",166
"Male","weight",76.5
"Male","bmi",27.8
"Male","height",168
"Male","weight",73.1
"Male","bmi",25.9
"Male","height",171
"Male","weight",74.7
"Male","bmi",25.5
"Male","height",178
"Male","weight",85.7
"Male","bmi",27
"Male","height",173
"Male","weight",84.8
"Male","bmi",28.3
"Male","height",183
"Male","weight",94.8
"Male","bmi",28.3
"Male","height",176
"Male","weight",87.1
"Male","bmi",28.1
"Male","height",185
"Male","weight",95.9
"Male","bmi",28
"Male","height",165
"Male","weight",75.1
"Male","bmi",27.6
"Male","height",178
"Male","weight",91.2
"Male","bmi",28.8
"Male","height",174
"Male","weight",78.7
"Male","bmi",26
"Male","height",171
"Male","weight",82.3
"Male","bmi",28.1
"Male","height",170
"Male","weight",77
"Male","bmi",26.6
"Male","height",169
"Male","weight",74.1
"Male","bmi",25.9
"Male","height",174
"Male","weight",86.1
"Male","bmi",28.4
"Male","height",180
"Male","weight",87.1
"Male","bmi",26.9
"Male","height",181
"Male","weight",89.9
"Male","bmi",27.4
"Male","height",178
"Male","weight",95
"Male","bmi",30
"Male","height",181
"Male","weight",90.2
"Male","bmi",27.5
"Male","height",177
"Male","weight",89.8
"Male","bmi",28.7
"Male","height",187
"Male","weight",88.6
"Male","bmi",25.3
"Male","height",170
"Male","weight",74.8
"Male","bmi",25.9
"Male","height",181
"Male","weight",81.6
"Male","bmi",24.9
"Male","height",166
"Male","weight",70.4
"Male","bmi",25.5
"Male","height",173
"Male","weight",83.7
"Male","bmi",28
"Male","height",185
"Male","weight",100.1
"Male","bmi",29.2
"Male","height",173
"Male","weight",83.1
"Male","bmi",27.8
"Male","height",175
"Male","weight",89.1
"Male","bmi",29.1
"Male","height",176
"Male","weight",83.7
"Male","bmi",27
"Male","height",179
"Male","weight",94.1
"Male","bmi",29.4
"Male","height",177
"Male","weight",80.4
"Male","bmi",25.7
"Male","height",172
"Male","weight",74
"Male","bmi",25
"Male","height",184
"Male","weight",98.1
"Male","bmi",29
"Male","height",181
"Male","weight",92.8
"Male","bmi",28.3
"Male","height",182
"Male","weight",91.1
"Male","bmi",27.5
"Male","height",184
"Male","weight",100.2
"Male","bmi",29.6
"Male","height",169
"Male","weight",89.1
"Male","bmi",31.2
"Male","height",168
"Male","weight",76.5
"Male","bmi",27.1
"Male","height",172
"Male","weight",82.3
"Male","bmi",27.8
"Male","height",173
"Male","weight",90.1
"Male","bmi",30.1
"Male","height",188
"Male","weight",107.9
"Male","bmi",30.5
"Male","height",177
"Male","weight",78.5
"Male","bmi",25.1
"Male","height",168
"Male","weight",72.9
"Male","bmi",25.8
"Male","height",181
"Male","weight",85.5
"Male","bmi",26.1
"Male","height",169
"Male","weight",94.5
"Male","bmi",33.1
"Male","height",175
"Male","weight",87.7
"Male","bmi",28.6
"Male","height",173
"Male","weight",79
"Male","bmi",26.4
"Male","height",184
"Male","weight",89.5
"Male","bmi",26.4
"Male","height",182
"Male","weight",91.5
"Male","bmi",27.6
"Male","height",166
"Male","weight",82.1
"Male","bmi",29.8
"Male","height",179
"Male","weight",82.6
"Male","bmi",25.8
"Male","height",164
"Male","weight",80.5
"Male","bmi",29.9
"Male","height",170
"Male","weight",74.8
"Male","bmi",25.9
"Male","height",165
"Male","weight",75.2
"Male","bmi",27.6
"Male","height",182
"Male","weight",87.6
"Male","bmi",26.4
"Male","height",170
"Male","weight",82
"Male","bmi",28.4
"Male","height",169
"Male","weight",78.4
"Male","bmi",27.5
"Male","height",176
"Male","weight",80.5
"Male","bmi",26
"Male","height",178
"Male","weight",91.1
"Male","bmi",28.8
"Male","height",170
"Male","weight",76.1
"Male","bmi",26.3
"Male","height",168
"Male","weight",70
"Male","bmi",24.8
"Male","height",174
"Male","weight",80.7
"Male","bmi",26.7
"Male","height",178
"Male","weight",83.4
"Male","bmi",26.3
"Male","height",175
"Male","weight",81.3
"Male","bmi",26.5
"Male","height",172
"Male","weight",71.9
"Male","bmi",24.3
"Male","height",168
"Male","weight",75.5
"Male","bmi",26.8
"Male","height",176
"Male","weight",78
"Male","bmi",25.2
"Male","height",172
"Male","weight",79.1
"Male","bmi",26.7
"Male","height",176
"Male","weight",85.2
"Male","bmi",27.5
"Male","height",173
"Male","weight",91.4
"Male","bmi",30.5
"Male","height",182
"Male","weight",93
"Male","bmi",28.1
"Male","height",176
"Male","weight",81.1
"Male","bmi",26.2
"Male","height",171
"Male","weight",74.4
"Male","bmi",25.4
"Male","height",187
"Male","weight",101.3
"Male","bmi",29
"Male","height",177
"Male","weight",92.1
"Male","bmi",29.4
"Male","height",174
"Male","weight",85.9
"Male","bmi",28.4
"Male","height",172
"Male","weight",80.8
"Male","bmi",27.3
"Male","height",182
"Male","weight",101.3
"Male","bmi",30.6
"Male","height",162
"Male","weight",75.8
"Male","bmi",28.9
"Male","height",175
"Male","weight",81.9
"Male","bmi",26.7
"Male","height",170
"Male","weight",74.6
"Male","bmi",25.8
"Male","height",159
"Male","weight",68
"Male","bmi",26.9
"Male","height",184
"Male","weight",87.5
"Male","bmi",25.8
"Male","height",180
"Male","weight",91.6
"Male","bmi",28.3
"Male","height",172
"Male","weight",81.6
"Male","bmi",27.6
"Male","height",180
"Male","weight",89.1
"Male","bmi",27.5
"Male","height",176
"Male","weight",85.1
"Male","bmi",27.5
"Male","height",168
"Male","weight",77.9
"Male","bmi",27.6
"Male","height",171
"Male","weight",87
"Male","bmi",29.8
"Male","height",167
"Male","weight",75.2
"Male","bmi",27
"Male","height",181
"Male","weight",84.2
"Male","bmi",25.7
"Male","height",174
"Male","weight",80.9
"Male","bmi",26.7
"Male","height",163
"Male","weight",68.5
"Male","bmi",25.8
"Male","height",180
"Male","weight",95.2
"Male","bmi",29.4
"Male","height",173
"Male","weight",79
"Male","bmi",26.4
"Male","height",174
"Male","weight",81.6
"Male","bmi",27
"Male","height",173
"Male","weight",76.1
"Male","bmi",25.4
"Male","height",173
"Male","weight",83
"Male","bmi",27.7
"Male","height",175
"Male","weight",76.9
"Male","bmi",25.1
"Male","height",168
"Male","weight",78.7
"Male","bmi",27.9
"Male","height",168
"Male","weight",82.1
"Male","bmi",29.1
"Male","height",171
"Male","weight",83.2
"Male","bmi",28.5
"Male","height",176
"Male","weight",93.4
"Male","bmi",30.2
"Male","height",179
"Male","weight",83.4
"Male","bmi",26
"Male","height",181
"Male","weight",91.6
"Male","bmi",28
"Male","height",180
"Male","weight",98
"Male","bmi",30.2
"Male","height",168
"Male","weight",72.3
"Male","bmi",25.6
"Male","height",184
"Male","weight",95.4
"Male","bmi",28.2
"Male","height",171
"Male","weight",81
"Male","bmi",27.7
"Male","height",166
"Male","weight",66.6
"Male","bmi",24.2
"Male","height",180
"Male","weight",88.9
"Male","bmi",27.4
"Male","height",178
"Male","weight",77.2
"Male","bmi",24.4
"Male","height",164
"Male","weight",77
"Male","bmi",28.6
"Male","height",176
"Male","weight",90
"Male","bmi",29.1
"Male","height",175
"Male","weight",81.6
"Male","bmi",26.6
"Male","height",157
"Male","weight",66.8
"Male","bmi",27.1
"Male","height",174
"Male","weight",80.3
"Male","bmi",26.5
"Male","height",166
"Male","weight",84.1
"Male","bmi",30.5
"Male","height",163
"Male","weight",80.5
"Male","bmi",30.3
"Male","height",175
"Male","weight",77
"Male","bmi",25.1
"Male","height",184
"Male","weight",90.1
"Male","bmi",26.6
"Male","height",171
"Male","weight",92.2
"Male","bmi",31.5
"Male","height",171
"Male","weight",87.6
"Male","bmi",30
"Male","height",165
"Male","weight",80.8
"Male","bmi",29.7
"Male","height",168
"Male","weight",73.8
"Male","bmi",26.1
"Male","height",172
"Male","weight",72.3
"Male","bmi",24.4
"Male","height",166
"Male","weight",78.1
"Male","bmi",28.3
"Male","height",177
"Male","weight",91.6
"Male","bmi",29.2
"Male","height",174
"Male","weight",77.3
"Male","bmi",25.5
"Male","height",183
"Male","weight",93.2
"Male","bmi",27.8
"Male","height",173
"Male","weight",77
"Male","bmi",25.7
"Male","height",183
"Male","weight",90.9
"Male","bmi",27.1
"Male","height",168
"Male","weight",81
"Male","bmi",28.7
"Male","height",169
"Male","weight",76.2
"Male","bmi",26.7
"Male","height",172
"Male","weight",80.6
"Male","bmi",27.2
"Male","height",173
"Male","weight",87.7
"Male","bmi",29.3
"Male","height",165
"Male","weight",73.7
"Male","bmi",27.1
"Male","height",171
"Male","weight",83.2
"Male","bmi",28.5
"Male","height",173
"Male","weight",82.1
"Male","bmi",27.4
"Male","height",177
"Male","weight",95.6
"Male","bmi",30.5
"Male","height",169
"Male","weight",75.1
"Male","bmi",26.3
"Male","height",169
"Male","weight",89
"Male","bmi",31.2
"Male","height",183
"Male","weight",91.6
"Male","bmi",27.4
"Male","height",173
"Male","weight",77.3
"Male","bmi",25.8
"Male","height",178
"Male","weight",91.6
"Male","bmi",28.9
"Male","height",183
"Male","weight",87.7
"Male","bmi",26.2
"Male","height",167
"Male","weight",81.6
"Male","bmi",29.3
"Male","height",170
"Male","weight",71
"Male","bmi",24.6
"Male","height",195
"Male","weight",106.6
"Male","bmi",28
"Male","height",184
"Male","weight",104.6
"Male","bmi",30.9
"Male","height",177
"Male","weight",92.5
"Male","bmi",29.5
"Male","height",185
"Male","weight",99
"Male","bmi",28.9
"Male","height",184
"Male","weight",101
"Male","bmi",29.8
"Male","height",184
"Male","weight",94.6
"Male","bmi",27.9
"Male","height",171
"Male","weight",82
"Male","bmi",28
"Male","height",193
"Male","weight",105.2
"Male","bmi",28.2
"Male","height",168
"Male","weight",77.4
"Male","bmi",27.4
"Male","height",181
"Male","weight",85.4
"Male","bmi",26.1
"Male","height",181
"Male","weight",88.9
"Male","bmi",27.1
"Male","height",183
"Male","weight",97.3
"Male","bmi",29.1
"Male","height",191
"Male","weight",101.7
"Male","bmi",27.9
"Male","height",164
"Male","weight",71.9
"Male","bmi",26.7
"Male","height",164
"Male","weight",75.5
"Male","bmi",28.1
"Male","height",161
"Male","weight",72.6
"Male","bmi",28
"Male","height",172
"Male","weight",79.9
"Male","bmi",27
"Male","height",167
"Male","weight",79.1
"Male","bmi",28.4
"Male","height",180
"Male","weight",88
"Male","bmi",27.2
"Male","height",172
"Male","weight",84.8
"Male","bmi",28.7
"Male","height",174
"Male","weight",78.7
"Male","bmi",26
"Male","height",179
"Male","weight",87.7
"Male","bmi",27.4
"Male","height",184
"Male","weight",94.5
"Male","bmi",27.9
"Male","height",180
"Male","weight",93.5
"Male","bmi",28.9
"Male","height",167
"Male","weight",78.3
"Male","bmi",28.1
"Male","height",190
"Male","weight",105.5
"Male","bmi",29.2
"Male","height",172
"Male","weight",80.4
"Male","bmi",27.2
"Male","height",171
"Male","weight",79.7
"Male","bmi",27.3
"Male","height",182
"Male","weight",96.4
"Male","bmi",29.1
"Male","height",164
"Male","weight",75.7
"Male","bmi",28.1
"Male","height",173
"Male","weight",89.1
"Male","bmi",29.8
"Male","height",170
"Male","weight",75
"Male","bmi",26
"Male","height",170
"Male","weight",80.1
"Male","bmi",27.7
"Male","height",172
"Male","weight",79.2
"Male","bmi",26.8
"Male","height",176
"Male","weight",88.6
"Male","bmi",28.6
"Male","height",178
"Male","weight",93.3
"Male","bmi",29.4
"Male","height",165
"Male","weight",71.8
"Male","bmi",26.4
"Male","height",172
"Male","weight",76.7
"Male","bmi",25.9
"Male","height",161
"Male","weight",61.5
"Male","bmi",23.7
"Male","height",182
"Male","weight",99
"Male","bmi",29.9
"Male","height",169
"Male","weight",70.7
"Male","bmi",24.8
"Male","height",183
"Male","weight",91.4
"Male","bmi",27.3
"Male","height",193
"Male","weight",107
"Male","bmi",28.7
"Male","height",182
"Male","weight",88.6
"Male","bmi",26.7
"Male","height",171
"Male","weight",80.1
"Male","bmi",27.4
"Male","height",179
"Male","weight",90
"Male","bmi",28.1
"Male","height",177
"Male","weight",84.2
"Male","bmi",26.9
"Male","height",173
"Male","weight",80.4
"Male","bmi",26.9
"Male","height",188
"Male","weight",97.9
"Male","bmi",27.7
"Male","height",176
"Male","weight",84.8
"Male","bmi",27.4
"Male","height",169
"Male","weight",77.8
"Male","bmi",27.2
"Male","height",169
"Male","weight",78.4
"Male","bmi",27.5
"Male","height",171
"Male","weight",76.3
"Male","bmi",26.1
"Male","height",175
"Male","weight",74.3
"Male","bmi",24.3
"Male","height",180
"Male","weight",86.2
"Male","bmi",26.6
"Male","height",166
"Male","weight",71.2
"Male","bmi",25.8
"Male","height",166
"Male","weight",78.3
"Male","bmi",28.4
"Male","height",172
"Male","weight",76.7
"Male","bmi",25.9
"Male","height",187
"Male","weight",104.9
"Male","bmi",30
"Male","height",182
"Male","weight",94
"Male","bmi",28.4
"Male","height",172
"Male","weight",78.1
"Male","bmi",26.4
"Male","height",173
"Male","weight",90.6
"Male","bmi",30.3
"Male","height",167
"Male","weight",76.2
"Male","bmi",27.3
"Male","height",182
"Male","weight",89.7
"Male","bmi",27.1
"Male","height",176
"Male","weight",89.3
"Male","bmi",28.8
"Male","height",174
"Male","weight",81.7
"Male","bmi",27
"Male","height",180
"Male","weight",85.8
"Male","bmi",26.5
"Male","height",162
"Male","weight",71.9
"Male","bmi",27.4
"Male","height",181
"Male","weight",94.8
"Male","bmi",28.9
"Male","height",168
"Male","weight",84.9
"Male","bmi",30.1
"Male","height",165
"Male","weight",71.5
"Male","bmi",26.3
"Male","height",173
"Male","weight",82.4
"Male","bmi",27.5
"Male","height",180
"Male","weight",92.9
"Male","bmi",28.7
"Male","height",189
"Male","weight",104.8
"Male","bmi",29.3
"Male","height",176
"Male","weight",84.5
"Male","bmi",27.3
"Male","height",165
"Male","weight",82.1
"Male","bmi",30.2
"Male","height",174
"Male","weight",90.2
"Male","bmi",29.8
"Male","height",180
"Male","weight",92.2
"Male","bmi",28.5
"Male","height",156
"Male","weight",73
"Male","bmi",30
"Male","height",174
"Male","weight",86.1
"Male","bmi",28.4
"Male","height",183
"Male","weight",90.8
"Male","bmi",27.1
"Male","height",184
"Male","weight",100.6
"Male","bmi",29.7
"Male","height",181
"Male","weight",97.1
"Male","bmi",29.6
"Male","height",184
"Male","weight",91.5
"Male","bmi",27
"Male","height",172
"Male","weight",84.9
"Male","bmi",28.7
"Male","height",184
"Male","weight",89.1
"Male","bmi",26.3
"Male","height",159
"Male","weight",68.8
"Male","bmi",27.2
"Male","height",168
"Male","weight",75.9
"Male","bmi",26.9
"Male","height",177
"Male","weight",90.2
"Male","bmi",28.8
"Male","height",176
"Male","weight",81.1
"Male","bmi",26.2
"Male","height",180
"Male","weight",87.8
"Male","bmi",27.1
"Male","height",175
"Male","weight",89.7
"Male","bmi",29.3
"Male","height",168
"Male","weight",83.7
"Male","bmi",29.7
"Male","height",169
"Male","weight",70.4
"Male","bmi",24.6
"Male","height",169
"Male","weight",73
"Male","bmi",25.6
"Male","height",173
"Male","weight",85.8
"Male","bmi",28.7
"Male","height",179
"Male","weight",78.5
"Male","bmi",24.5
"Male","height",176
"Male","weight",88.9
"Male","bmi",28.7
"Male","height",180
"Male","weight",97.9
"Male","bmi",30.2
"Male","height",166
"Male","weight",75.6
"Male","bmi",27.4
"Male","height",190
"Male","weight",108.6
"Male","bmi",30.1
"Male","height",181
"Male","weight",83.6
"Male","bmi",25.5
"Male","height",176
"Male","weight",90.7
"Male","bmi",29.3
"Male","height",178
"Male","weight",86.8
"Male","bmi",27.4
"Male","height",164
"Male","weight",76.7
"Male","bmi",28.5
"Male","height",172
"Male","weight",88.3
"Male","bmi",29.8
"Male","height",172
"Male","weight",83.1
"Male","bmi",28.1
"Male","height",190
"Male","weight",95.4
"Male","bmi",26.4
"Male","height",181
"Male","weight",89.8
"Male","bmi",27.4
"Male","height",170
"Male","weight",78.3
"Male","bmi",27.1
"Male","height",177
"Male","weight",89.4
"Male","bmi",28.5
"Male","height",174
"Male","weight",86.4
"Male","bmi",28.5
"Male","height",173
"Male","weight",83.7
"Male","bmi",28
"Male","height",174
"Male","weight",81.6
"Male","bmi",27
"Male","height",166
"Male","weight",72.3
"Male","bmi",26.2
"Male","height",178
"Male","weight",89.8
"Male","bmi",28.3
"Male","height",181
"Male","weight",98.6
"Male","bmi",30.1
"Male","height",174
"Male","weight",85.2
"Male","bmi",28.1
"Male","height",166
"Male","weight",80.2
"Male","bmi",29.1
"Male","height",172
"Male","weight",84
"Male","bmi",28.4
"Male","height",189
"Male","weight",101.3
"Male","bmi",28.4
"Male","height",181
"Male","weight",93.9
"Male","bmi",28.7
"Male","height",171
"Male","weight",77.6
"Male","bmi",26.5
"Male","height",172
"Male","weight",79.5
"Male","bmi",26.9
"Male","height",171
"Male","weight",78.6
"Male","bmi",26.9
"Male","height",175
"Male","weight",82.2
"Male","bmi",26.8
"Male","height",182
"Male","weight",91.9
"Male","bmi",27.7
"Male","height",176
"Male","weight",90.7
"Male","bmi",29.3
"Male","height",187
"Male","weight",101.4
"Male","bmi",29
"Male","height",176
"Male","weight",99.5
"Male","bmi",32.1
"Male","height",180
"Male","weight",95.8
"Male","bmi",29.6
"Male","height",182
"Male","weight",91.1
"Male","bmi",27.5
"Male","height",176
"Male","weight",94.7
"Male","bmi",30.6
"Male","height",166
"Male","weight",73.2
"Male","bmi",26.6
"Male","height",180
"Male","weight",94.3
"Male","bmi",29.1
"Male","height",174
"Male","weight",82
"Male","bmi",27.1
"Male","height",174
"Male","weight",80.2
"Male","bmi",26.5
"Male","height",176
"Male","weight",88.3
"Male","bmi",28.5
"Male","height",167
"Male","weight",73.9
"Male","bmi",26.5
"Male","height",174
"Male","weight",78.6
"Male","bmi",26
"Male","height",188
"Male","weight",97.8
"Male","bmi",27.7
"Male","height",181
"Male","weight",95.3
"Male","bmi",29.1
"Male","height",169
"Male","weight",83.9
"Male","bmi",29.4
"Male","height",182
"Male","weight",85.3
"Male","bmi",25.8
"Male","height",177
"Male","weight",85.4
"Male","bmi",27.3
"Male","height",170
"Male","weight",81.4
"Male","bmi",28.2
"Male","height",177
"Male","weight",96
"Male","bmi",30.6
"Male","height",179
"Male","weight",89.7
"Male","bmi",28
"Male","height",175
"Male","weight",84.5
"Male","bmi",27.6
"Male","height",164
"Male","weight",75.3
"Male","bmi",28
"Male","height",180
"Male","weight",85.6
"Male","bmi",26.4
"Male","height",164
"Male","weight",73.2
"Male","bmi",27.2
"Male","height",177
"Male","weight",87.8
"Male","bmi",28
"Male","height",182
"Male","weight",85.9
"Male","bmi",25.9
"Male","height",174
"Male","weight",94.2
"Male","bmi",31.1
"Male","height",180
"Male","weight",90.4
"Male","bmi",27.9
"Male","height",181
"Male","weight",95.2
"Male","bmi",29.1
"Male","height",176
"Male","weight",81.7
"Male","bmi",26.4
"Male","height",183
"Male","weight",89
"Male","bmi",26.6
"Male","height",176
"Male","weight",85.9
"Male","bmi",27.7
"Male","height",168
"Male","weight",75.1
"Male","bmi",26.6
"Male","height",171
"Male","weight",82.7
"Male","bmi",28.3
"Male","height",180
"Male","weight",86
"Male","bmi",26.5
"Male","height",176
"Male","weight",86
"Male","bmi",27.8
"Male","height",171
"Male","weight",77.2
"Male","bmi",26.4
"Male","height",185
"Male","weight",98
"Male","bmi",28.6
"Male","height",179
"Male","weight",80.3
"Male","bmi",25.1
"Male","height",175
"Male","weight",88.9
"Male","bmi",29
"Male","height",170
"Male","weight",76.1
"Male","bmi",26.3
"Male","height",176
"Male","weight",81.5
"Male","bmi",26.3
"Male","height",186
"Male","weight",100.1
"Male","bmi",28.9
"Male","height",171
"Male","weight",74.5
"Male","bmi",25.5
"Male","height",165
"Male","weight",71
"Male","bmi",26.1
"Male","height",172
"Male","weight",83.3
"Male","bmi",28.2
"Male","height",172
"Male","weight",77.2
"Male","bmi",26.1
"Male","height",169
"Male","weight",76.5
"Male","bmi",26.8
"Male","height",185
"Male","weight",95.1
"Male","bmi",27.8
"Male","height",177
"Male","weight",88.6
"Male","bmi",28.3
"Male","height",180
"Male","weight",88.1
"Male","bmi",27.2
"Male","height",178
"Male","weight",99.5
"Male","bmi",31.4
"Male","height",182
"Male","weight",93.1
"Male","bmi",28.1
"Male","height",172
"Male","weight",81.1
"Male","bmi",27.4
"Male","height",173
"Male","weight",82.4
"Male","bmi",27.5
"Male","height",174
"Male","weight",92.3
"Male","bmi",30.5
"Male","height",175
"Male","weight",74.9
"Male","bmi",24.5
"Male","height",175
"Male","weight",89.8
"Male","bmi",29.3
"Male","height",171
"Male","weight",78.6
"Male","bmi",26.9
"Male","height",175
"Male","weight",83.4
"Male","bmi",27.2
"Male","height",167
"Male","weight",63.3
"Male","bmi",22.7
"Male","height",164
"Male","weight",72.7
"Male","bmi",27
"Male","height",168
"Male","weight",74.2
"Male","bmi",26.3
"Male","height",170
"Male","weight",88
"Male","bmi",30.4
"Male","height",170
"Male","weight",86.1
"Male","bmi",29.8
"Male","height",180
"Male","weight",83.6
"Male","bmi",25.8
"Male","height",174
"Male","weight",86.5
"Male","bmi",28.6
"Male","height",172
"Male","weight",85.4
"Male","bmi",28.9
"Male","height",192
"Male","weight",102.6
"Male","bmi",27.8
"Male","height",179
"Male","weight",89.8
"Male","bmi",28
"Male","height",175
"Male","weight",86.4
"Male","bmi",28.2
"Male","height",173
"Male","weight",79.9
"Male","bmi",26.7
"Male","height",165
"Male","weight",80.6
"Male","bmi",29.6
"Male","height",167
"Male","weight",78.8
"Male","bmi",28.3
"Male","height",176
"Male","weight",95.5
"Male","bmi",30.8
"Male","height",167
"Male","weight",77.2
"Male","bmi",27.7
"Male","height",172
"Male","weight",78.7
"Male","bmi",26.6
"Male","height",176
"Male","weight",83.9
"Male","bmi",27.1
"Male","height",173
"Male","weight",88.1
"Male","bmi",29.4
"Male","height",157
"Male","weight",67.7
"Male","bmi",27.5
"Male","height",171
"Male","weight",87.3
"Male","bmi",29.9
"Male","height",172
"Male","weight",81.5
"Male","bmi",27.5
"Male","height",178
"Male","weight",92
"Male","bmi",29
"Male","height",166
"Male","weight",74.1
"Male","bmi",26.9
"Male","height",183
"Male","weight",98.4
"Male","bmi",29.4
"Male","height",168
"Male","weight",83.1
"Male","bmi",29.4
"Male","height",167
"Male","weight",75.6
"Male","bmi",27.1
"Male","height",185
"Male","weight",93.1
"Male","bmi",27.2
"Male","height",180
"Male","weight",86
"Male","bmi",26.5
"Male","height",181
"Male","weight",99.1
"Male","bmi",30.2
"Male","height",180
"Male","weight",92.1
"Male","bmi",28.4
"Male","height",157
"Male","weight",63.5
"Male","bmi",25.8
"Male","height",175
"Male","weight",89
"Male","bmi",29.1
"Male","height",172
"Male","weight",81.6
"Male","bmi",27.6
"Male","height",171
"Male","weight",74.5
"Male","bmi",25.5
"Male","height",167
"Male","weight",76.3
"Male","bmi",27.4
"Male","height",174
"Male","weight",86.1
"Male","bmi",28.4
"Male","height",177
"Male","weight",88.5
"Male","bmi",28.2
"Male","height",169
"Male","weight",86.4
"Male","bmi",30.3
"Male","height",177
"Male","weight",92.7
"Male","bmi",29.6
"Male","height",174
"Male","weight",89
"Male","bmi",29.4
"Male","height",182
"Male","weight",95.1
"Male","bmi",28.7
"Male","height",177
"Male","weight",86.6
"Male","bmi",27.6
"Male","height",180
"Male","weight",89.8
"Male","bmi",27.7
"Male","height",173
"Male","weight",84.7
"Male","bmi",28.3
"Male","height",179
"Male","weight",85.6
"Male","bmi",26.7
"Male","height",182
"Male","weight",80
"Male","bmi",24.2
"Male","height",185
"Male","weight",95
"Male","bmi",27.8
"Male","height",154
"Male","weight",61.8
"Male","bmi",26.1
"Male","height",175
"Male","weight",86.6
"Male","bmi",28.3
"Male","height",176
"Male","weight",86.8
"Male","bmi",28
"Male","height",172
"Male","weight",83.9
"Male","bmi",28.4
"Male","height",193
"Male","weight",105.4
"Male","bmi",28.3
"Male","height",183
"Male","weight",91.5
"Male","bmi",27.3
"Male","height",175
"Male","weight",85.4
"Male","bmi",27.9
"Male","height",166
"Male","weight",79.2
"Male","bmi",28.7
"Male","height",167
"Male","weight",83.4
"Male","bmi",29.9
"Male","height",179
"Male","weight",85.1
"Male","bmi",26.6
"Male","height",186
"Male","weight",97
"Male","bmi",28
"Male","height",174
"Male","weight",79.5
"Male","bmi",26.3
"Male","height",174
"Male","weight",76.9
"Male","bmi",25.4
"Male","height",162
"Male","weight",65.6
"Male","bmi",25
"Male","height",171
"Male","weight",79.7
"Male","bmi",27.3
"Male","height",180
"Male","weight",89.4
"Male","bmi",27.6
"Male","height",187
"Male","weight",101.1
"Male","bmi",28.9
"Male","height",168
"Male","weight",75
"Male","bmi",26.6
"Male","height",172
"Male","weight",77.3
"Male","bmi",26.1
"Male","height",181
"Male","weight",98.3
"Male","bmi",30
"Male","height",170
"Male","weight",78.8
"Male","bmi",27.3
"Male","height",186
"Male","weight",98.8
"Male","bmi",28.6
"Male","height",162
"Male","weight",73
"Male","bmi",27.8
"Male","height",176
"Male","weight",87.9
"Male","bmi",28.4
"Male","height",177
"Male","weight",80.3
"Male","bmi",25.6
"Male","height",179
"Male","weight",92.9
"Male","bmi",29
"Male","height",175
"Male","weight",80.2
"Male","bmi",26.2
"Male","height",174
"Male","weight",87.4
"Male","bmi",28.9
"Male","height",168
"Male","weight",75.7
"Male","bmi",26.8
"Male","height",176
"Male","weight",84.7
"Male","bmi",27.3
"Male","height",175
"Male","weight",85.5
"Male","bmi",27.9
"Male","height",187
"Male","weight",94.5
"Male","bmi",27
"Male","height",168
"Male","weight",73.3
"Male","bmi",26
"Male","height",187
"Male","weight",97.5
"Male","bmi",27.9
"Male","height",177
"Male","weight",93
"Male","bmi",29.7
"Male","height",169
"Male","weight",83.1
"Male","bmi",29.1
"Male","height",185
"Male","weight",94.8
"Male","bmi",27.7
"Male","height",173
"Male","weight",94.3
"Male","bmi",31.5
"Male","height",183
"Male","weight",95.6
"Male","bmi",28.5
"Male","height",180
"Male","weight",92.7
"Male","bmi",28.6
"Male","height",170
"Male","weight",88.5
"Male","bmi",30.6
"Male","height",174
"Male","weight",86.5
"Male","bmi",28.6
"Male","height",181
"Male","weight",90.6
"Male","bmi",27.7
"Male","height",165
"Male","weight",75.7
"Male","bmi",27.8
"Male","height",170
"Male","weight",81.1
"Male","bmi",28.1
"Male","height",175
"Male","weight",84.3
"Male","bmi",27.5
"Male","height",175
"Male","weight",87.9
"Male","bmi",28.7
"Male","height",181
"Male","weight",103.8
"Male","bmi",31.7
"Male","height",175
"Male","weight",87.2
"Male","bmi",28.5
"Male","height",169
"Male","weight",79.8
"Male","bmi",27.9
"Male","height",174
"Male","weight",79.9
"Male","bmi",26.4
"Male","height",171
"Male","weight",80.5
"Male","bmi",27.5
"Male","height",181
"Male","weight",91.5
"Male","bmi",27.9
"Male","height",174
"Male","weight",80.2
"Male","bmi",26.5
"Male","height",177
"Male","weight",84.2
"Male","bmi",26.9
"Male","height",177
"Male","weight",85.3
"Male","bmi",27.2
"Male","height",184
"Male","weight",85.9
"Male","bmi",25.4
"Male","height",166
"Male","weight",75.3
"Male","bmi",27.3
"Male","height",168
"Male","weight",77.2
"Male","bmi",27.4
"Male","height",178
"Male","weight",96.5
"Male","bmi",30.5
"Male","height",181
"Male","weight",89
"Male","bmi",27.2
"Male","height",178
"Male","weight",91.8
"Male","bmi",29
"Male","height",181
"Male","weight",91.3
"Male","bmi",27.9
"Male","height",164
"Male","weight",71.9
"Male","bmi",26.7
"Male","height",175
"Male","weight",79.1
"Male","bmi",25.8
"Male","height",174
"Male","weight",83.4
"Male","bmi",27.5
"Male","height",176
"Male","weight",85.3
"Male","bmi",27.5
"Male","height",176
"Male","weight",79.9
"Male","bmi",25.8
"Male","height",177
"Male","weight",88.1
"Male","bmi",28.1
"Male","height",185
"Male","weight",88.1
"Male","bmi",25.7
"Male","height",158
"Male","weight",66.2
"Male","bmi",26.5
"Male","height",175
"Male","weight",87
"Male","bmi",28.4
"Male","height",181
"Male","weight",95.2
"Male","bmi",29.1
"Male","height",183
"Male","weight",91.3
"Male","bmi",27.3
"Male","height",183
"Male","weight",94.7
"Male","bmi",28.3
"Male","height",171
"Male","weight",82.9
"Male","bmi",28.4
"Male","height",173
"Male","weight",75.5
"Male","bmi",25.2
"Male","height",180
"Male","weight",87.7
"Male","bmi",27.1
"Male","height",166
"Male","weight",80.9
"Male","bmi",29.4
"Male","height",178
"Male","weight",93.4
"Male","bmi",29.5
"Male","height",182
"Male","weight",90.4
"Male","bmi",27.3
"Male","height",173
"Male","weight",87.1
"Male","bmi",29.1
"Male","height",174
"Male","weight",79.5
"Male","bmi",26.3
"Male","height",168
"Male","weight",77.1
"Male","bmi",27.3
"Male","height",182
"Male","weight",93.1
"Male","bmi",28.1
"Male","height",187
"Male","weight",88.9
"Male","bmi",25.4
"Male","height",181
"Male","weight",94.4
"Male","bmi",28.8
"Male","height",180
"Male","weight",92
"Male","bmi",28.4
"Male","height",182
"Male","weight",85.5
"Male","bmi",25.8
"Male","height",161
"Male","weight",73.7
"Male","bmi",28.4
"Male","height",173
"Male","weight",82.9
"Male","bmi",27.7
"Male","height",167
"Male","weight",71.4
"Male","bmi",25.6
"Male","height",174
"Male","weight",81
"Male","bmi",26.8
"Male","height",177
"Male","weight",84.9
"Male","bmi",27.1
"Male","height",175
"Male","weight",77.8
"Male","bmi",25.4
"Male","height",178
"Male","weight",91
"Male","bmi",28.7
"Male","height",175
"Male","weight",88
"Male","bmi",28.7
"Male","height",163
"Male","weight",70.5
"Male","bmi",26.5
"Male","height",179
"Male","weight",87.3
"Male","bmi",27.2
"Male","height",174
"Male","weight",72.5
"Male","bmi",23.9
"Male","height",177
"Male","weight",79.9
"Male","bmi",25.5
"Male","height",175
"Male","weight",77.9
"Male","bmi",25.4
"Male","height",171
"Male","weight",82.4
"Male","bmi",28.2
"Male","height",168
"Male","weight",77.7
"Male","bmi",27.5
"Male","height",174
"Male","weight",81.3
"Male","bmi",26.9
"Male","height",176
"Male","weight",85
"Male","bmi",27.4
"Male","height",177
"Male","weight",82.6
"Male","bmi",26.4
"Male","height",185
"Male","weight",97.3
"Male","bmi",28.4
"Male","height",191
"Male","weight",94.6
"Male","bmi",25.9
"Male","height",180
"Male","weight",86.3
"Male","bmi",26.6
"Male","height",189
"Male","weight",98.5
"Male","bmi",27.6
"Male","height",163
"Male","weight",70.8
"Male","bmi",26.6
"Male","height",181
"Male","weight",93.6
"Male","bmi",28.6
"Male","height",171
"Male","weight",80.8
"Male","bmi",27.6
"Male","height",189
"Male","weight",103.8
"Male","bmi",29.1
"Male","height",162
"Male","weight",79.1
"Male","bmi",30.1
"Male","height",175
"Male","weight",74.5
"Male","bmi",24.3
"Male","height",183
"Male","weight",96.2
"Male","bmi",28.7
"Male","height",174
"Male","weight",93.4
"Male","bmi",30.8
"Male","height",165
"Male","weight",75.9
"Male","bmi",27.9
"Male","height",176
"Male","weight",88.5
"Male","bmi",28.6
"Male","height",183
"Male","weight",94.9
"Male","bmi",28.3
"Male","height",171
"Male","weight",82.7
"Male","bmi",28.3
"Male","height",176
"Male","weight",86.3
"Male","bmi",27.9
"Male","height",162
"Male","weight",72.7
"Male","bmi",27.7
"Male","height",154
"Male","weight",58.6
"Male","bmi",24.7
"Male","height",179
"Male","weight",88.7
"Male","bmi",27.7
"Male","height",172
"Male","weight",84.7
"Male","bmi",28.6
"Male","height",190
"Male","weight",103.2
"Male","bmi",28.6
"Male","height",179
"Male","weight",89.4
"Male","bmi",27.9
"Male","height",183
"Male","weight",95.1
"Male","bmi",28.4
"Male","height",188
"Male","weight",95.1
"Male","bmi",26.9
"Male","height",180
"Male","weight",100
"Male","bmi",30.9
"Male","height",164
"Male","weight",76.8
"Male","bmi",28.6
"Male","height",174
"Male","weight",84.3
"Male","bmi",27.8
"Male","height",182
"Male","weight",87.4
"Male","bmi",26.4
"Male","height",170
"Male","weight",80.3
"Male","bmi",27.8
"Male","height",180
"Male","weight",90.7
"Male","bmi",28
"Male","height",166
"Male","weight",76.5
"Male","bmi",27.8
"Male","height",157
"Male","weight",56
"Male","bmi",22.7
"Male","height",159
"Male","weight",72.7
"Male","bmi",28.8
"Male","height",172
"Male","weight",89.4
"Male","bmi",30.2
"Male","height",177
"Male","weight",73.5
"Male","bmi",23.5
"Male","height",184
"Male","weight",91.5
"Male","bmi",27
"Male","height",179
"Male","weight",88.4
"Male","bmi",27.6
"Male","height",169
"Male","weight",73.7
"Male","bmi",25.8
"Male","height",181
"Male","weight",79.7
"Male","bmi",24.3
"Male","height",182
"Male","weight",95
"Male","bmi",28.7
"Male","height",186
"Male","weight",92.7
"Male","bmi",26.8
"Male","height",175
"Male","weight",95.6
"Male","bmi",31.2
"Male","height",168
"Male","weight",76.8
"Male","bmi",27.2
"Male","height",188
"Male","weight",101.3
"Male","bmi",28.7
"Male","height",176
"Male","weight",87.5
"Male","bmi",28.2
"Male","height",176
"Male","weight",78.4
"Male","bmi",25.3
"Male","height",180
"Male","weight",86.9
"Male","bmi",26.8
"Male","height",161
"Male","weight",71.3
"Male","bmi",27.5
"Male","height",177
"Male","weight",82.9
"Male","bmi",26.5
"Male","height",166
"Male","weight",68.9
"Male","bmi",25
"Male","height",178
"Male","weight",87.7
"Male","bmi",27.7
"Male","height",177
"Male","weight",84.1
"Male","bmi",26.8
"Male","height",181
"Male","weight",88.6
"Male","bmi",27
"Male","height",179
"Male","weight",79
"Male","bmi",24.7
"Male","height",167
"Male","weight",74.7
"Male","bmi",26.8
"Male","height",171
"Male","weight",74.3
"Male","bmi",25.4
"Male","height",167
"Male","weight",79.3
"Male","bmi",28.4
"Male","height",187
"Male","weight",96.6
"Male","bmi",27.6
"Male","height",172
"Male","weight",78.4
"Male","bmi",26.5
"Male","height",166
"Male","weight",78
"Male","bmi",28.3
"Male","height",181
"Male","weight",88.9
"Male","bmi",27.1
"Male","height",167
"Male","weight",79.3
"Male","bmi",28.4
"Male","height",167
"Male","weight",79.2
"Male","bmi",28.4
"Male","height",157
"Male","weight",63.6
"Male","bmi",25.8
"Male","height",188
"Male","weight",97.8
"Male","bmi",27.7
"Male","height",184
"Male","weight",97.9
"Male","bmi",28.9
"Male","height",179
"Male","weight",83.6
"Male","bmi",26.1
"Male","height",170
"Male","weight",76.3
"Male","bmi",26.4
"Male","height",167
"Male","weight",68.7
"Male","bmi",24.6
"Male","height",171
"Male","weight",84.4
"Male","bmi",28.9
"Male","height",178
"Male","weight",92.2
"Male","bmi",29.1
"Male","height",190
"Male","weight",101.6
"Male","bmi",28.1
"Male","height",164
"Male","weight",67.3
"Male","bmi",25
"Male","height",178
"Male","weight",94
"Male","bmi",29.7
"Male","height",182
"Male","weight",93.1
"Male","bmi",28.1
"Male","height",185
"Male","weight",95
"Male","bmi",27.8
"Male","height",186
"Male","weight",90.3
"Male","bmi",26.1
"Male","height",169
"Male","weight",74.9
"Male","bmi",26.2
"Male","height",169
"Male","weight",82
"Male","bmi",28.7
"Male","height",176
"Male","weight",91.8
"Male","bmi",29.6
"Male","height",173
"Male","weight",88.6
"Male","bmi",29.6
"Male","height",179
"Male","weight",83.6
"Male","bmi",26.1
"Male","height",177
"Male","weight",85.5
"Male","bmi",27.3
"Male","height",166
"Male","weight",71.3
"Male","bmi",25.9
"Male","height",176
"Male","weight",89.2
"Male","bmi",28.8
"Male","height",187
"Male","weight",94.5
"Male","bmi",27
"Male","height",167
"Male","weight",71.8
"Male","bmi",25.7
"Male","height",174
"Male","weight",83.7
"Male","bmi",27.6
"Male","height",179
"Male","weight",89.8
"Male","bmi",28
"Male","height",183
"Male","weight",92
"Male","bmi",27.5
"Male","height",182
"Male","weight",90.3
"Male","bmi",27.3
"Male","height",167
"Male","weight",70.9
"Male","bmi",25.4
"Male","height",162
"Male","weight",76.3
"Male","bmi",29.1
"Male","height",179
"Male","weight",91.4
"Male","bmi",28.5
"Male","height",167
"Male","weight",79.2
"Male","bmi",28.4
"Male","height",177
"Male","weight",89.3
"Male","bmi",28.5
"Male","height",174
"Male","weight",89.7
"Male","bmi",29.6
"Male","height",172
"Male","weight",75.1
"Male","bmi",25.4
"Male","height",191
"Male","weight",105.6
"Male","bmi",28.9
"Male","height",186
"Male","weight",87.4
"Male","bmi",25.3
"Male","height",177
"Male","weight",87.2
"Male","bmi",27.8
"Male","height",164
"Male","weight",71.3
"Male","bmi",26.5
"Male","height",172
"Male","weight",74.2
"Male","bmi",25.1
"Male","height",186
"Male","weight",93.1
"Male","bmi",26.9
"Male","height",169
"Male","weight",77.8
"Male","bmi",27.2
"Male","height",188
"Male","weight",94.8
"Male","bmi",26.8
"Male","height",180
"Male","weight",95.1
"Male","bmi",29.4
"Male","height",182
"Male","weight",93.6
"Male","bmi",28.3
"Male","height",167
"Male","weight",80.4
"Male","bmi",28.8
"Male","height",178
"Male","weight",96
"Male","bmi",30.3
"Male","height",157
"Male","weight",67.8
"Male","bmi",27.5
"Male","height",190
"Male","weight",99.9
"Male","bmi",27.7
"Male","height",182
"Male","weight",87.3
"Male","bmi",26.4
"Male","height",171
"Male","weight",74.1
"Male","bmi",25.3
"Male","height",180
"Male","weight",90.6
"Male","bmi",28
"Male","height",191
"Male","weight",99.1
"Male","bmi",27.2
"Male","height",186
"Male","weight",101.2
"Male","bmi",29.3
"Male","height",179
"Male","weight",98.9
"Male","bmi",30.9
"Male","height",171
"Male","weight",77.7
"Male","bmi",26.6
"Male","height",170
"Male","weight",66.9
"Male","bmi",23.1
"Male","height",177
"Male","weight",77.1
"Male","bmi",24.6
"Male","height",166
"Male","weight",73
"Male","bmi",26.5
"Male","height",174
"Male","weight",84
"Male","bmi",27.7
"Male","height",175
"Male","weight",80.3
"Male","bmi",26.2
"Male","height",173
"Male","weight",85.7
"Male","bmi",28.6
"Male","height",176
"Male","weight",72.2
"Male","bmi",23.3
"Male","height",174
"Male","weight",85.3
"Male","bmi",28.2
"Male","height",167
"Male","weight",68.5
"Male","bmi",24.6
"Male","height",176
"Male","weight",78.2
"Male","bmi",25.2
"Male","height",168
"Male","weight",75.5
"Male","bmi",26.8
"Male","height",180
"Male","weight",84.5
"Male","bmi",26.1
"Male","height",168
"Male","weight",85.1
"Male","bmi",30.2
"Male","height",165
"Male","weight",74.3
"Male","bmi",27.3
"Male","height",174
"Male","weight",89.3
"Male","bmi",29.5
"Male","height",177
"Male","weight",86
"Male","bmi",27.5
"Male","height",169
"Male","weight",85.7
"Male","bmi",30
"Male","height",176
"Male","weight",80.4
"Male","bmi",26
"Male","height",175
"Male","weight",83.5
"Male","bmi",27.3
"Male","height",187
"Male","weight",100.4
"Male","bmi",28.7
"Male","height",194
"Male","weight",98.8
"Male","bmi",26.3
"Male","height",181
"Male","weight",90.3
"Male","bmi",27.6
"Male","height",164
"Male","weight",74.6
"Male","bmi",27.7
"Male","height",169
"Male","weight",74.1
"Male","bmi",25.9
"Male","height",176
"Male","weight",85.1
"Male","bmi",27.5
"Male","height",161
"Male","weight",68.2
"Male","bmi",26.3
"Male","height",177
"Male","weight",91.9
"Male","bmi",29.3
"Male","height",174
"Male","weight",82.4
"Male","bmi",27.2
"Male","height",182
"Male","weight",93.7
"Male","bmi",28.3
"Male","height",177
"Male","weight",92.5
"Male","bmi",29.5
"Male","height",187
"Male","weight",105.1
"Male","bmi",30.1
"Male","height",173
"Male","weight",88.5
"Male","bmi",29.6
"Male","height",184
"Male","weight",90.8
"Male","bmi",26.8
"Male","height",180
"Male","weight",88.6
"Male","bmi",27.3
"Male","height",179
"Male","weight",85.3
"Male","bmi",26.6
"Male","height",175
"Male","weight",88.3
"Male","bmi",28.8
"Male","height",176
"Male","weight",89.5
"Male","bmi",28.9
"Male","height",171
"Male","weight",70.9
"Male","bmi",24.2
"Male","height",182
"Male","weight",94.2
"Male","bmi",28.4
"Male","height",175
"Male","weight",78
"Male","bmi",25.5
"Male","height",181
"Male","weight",98.4
"Male","bmi",30
"Male","height",178
"Male","weight",86.4
"Male","bmi",27.3
"Male","height",180
"Male","weight",93.5
"Male","bmi",28.9
"Male","height",174
"Male","weight",91.2
"Male","bmi",30.1
"Male","height",181
"Male","weight",93.7
"Male","bmi",28.6
"Male","height",166
"Male","weight",72.1
"Male","bmi",26.2
"Male","height",180
"Male","weight",94.4
"Male","bmi",29.1
"Male","height",177
"Male","weight",85.2
"Male","bmi",27.2
"Male","height",162
"Male","weight",76.4
"Male","bmi",29.1
"Male","height",179
"Male","weight",89.3
"Male","bmi",27.9
"Male","height",179
"Male","weight",93.2
"Male","bmi",29.1
"Male","height",171
"Male","weight",74.6
"Male","bmi",25.5
"Male","height",170
"Male","weight",75.8
"Male","bmi",26.2
"Male","height",174
"Male","weight",76.7
"Male","bmi",25.3
"Male","height",177
"Male","weight",83.6
"Male","bmi",26.7
"Male","height",159
"Male","weight",76.3
"Male","bmi",30.2
"Male","height",176
"Male","weight",83.5
"Male","bmi",27
"Male","height",170
"Male","weight",78.1
"Male","bmi",27
"Male","height",191
"Male","weight",99.2
"Male","bmi",27.2
"Male","height",178
"Male","weight",86
"Male","bmi",27.1
"Male","height",181
"Male","weight",89.2
"Male","bmi",27.2
"Male","height",177
"Male","weight",82.4
"Male","bmi",26.3
"Male","height",169
"Male","weight",79.6
"Male","bmi",27.9
"Male","height",180
"Male","weight",94.7
"Male","bmi",29.2
"Male","height",162
"Male","weight",73.8
"Male","bmi",28.1
"Male","height",179
"Male","weight",86.8
"Male","bmi",27.1
"Male","height",171
"Male","weight",87.4
"Male","bmi",29.9
"Male","height",181
"Male","weight",96.8
"Male","bmi",29.5
"Male","height",174
"Male","weight",85
"Male","bmi",28.1
"Male","height",181
"Male","weight",92.3
"Male","bmi",28.2
"Male","height",180
"Male","weight",86.2
"Male","bmi",26.6
"Male","height",181
"Male","weight",89.5
"Male","bmi",27.3
"Male","height",179
"Male","weight",87.7
"Male","bmi",27.4
"Male","height",189
"Male","weight",102.8
"Male","bmi",28.8
"Male","height",161
"Male","weight",84
"Male","bmi",32.4
"Male","height",174
"Male","weight",77.7
"Male","bmi",25.7
"Male","height",171
"Male","weight",79.4
"Male","bmi",27.2
"Male","height",180
"Male","weight",89
"Male","bmi",27.5
"Male","height",170
"Male","weight",88.3
"Male","bmi",30.6
"Male","height",172
"Male","weight",83.7
"Male","bmi",28.3
"Male","height",174
"Male","weight",81.4
"Male","bmi",26.9
"Male","height",174
"Male","weight",87.4
"Male","bmi",28.9
"Male","height",179
"Male","weight",89.5
"Male","bmi",27.9
"Male","height",170
"Male","weight",74.5
"Male","bmi",25.8
"Male","height",166
"Male","weight",75.9
"Male","bmi",27.5
"Male","height",178
"Male","weight",84.3
"Male","bmi",26.6
"Male","height",174
"Male","weight",88
"Male","bmi",29.1
"Male","height",180
"Male","weight",93.4
"Male","bmi",28.8
"Male","height",193
"Male","weight",106.8
"Male","bmi",28.7
"Male","height",173
"Male","weight",80.3
"Male","bmi",26.8
"Male","height",177
"Male","weight",90.3
"Male","bmi",28.8
"Male","height",177
"Male","weight",91
"Male","bmi",29
"Male","height",182
"Male","weight",97.1
"Male","bmi",29.3
"Male","height",180
"Male","weight",91.5
"Male","bmi",28.2
"Male","height",166
"Male","weight",65.4
"Male","bmi",23.7
"Male","height",180
"Male","weight",91.9
"Male","bmi",28.4
"Male","height",173
"Male","weight",83.4
"Male","bmi",27.9
"Male","height",179
"Male","weight",90.5
"Male","bmi",28.2
"Male","height",176
"Male","weight",79.9
"Male","bmi",25.8
"Male","height",182
"Male","weight",88.4
"Male","bmi",26.7
"Male","height",178
"Male","weight",92.3
"Male","bmi",29.1
"Male","height",169
"Male","weight",75.6
"Male","bmi",26.5
"Male","height",179
"Male","weight",94.1
"Male","bmi",29.4
"Male","height",159
"Male","weight",69.3
"Male","bmi",27.4
"Male","height",169
"Male","weight",66.3
"Male","bmi",23.2
"Male","height",166
"Male","weight",71.1
"Male","bmi",25.8
"Male","height",182
"Male","weight",95.2
"Male","bmi",28.7
"Male","height",176
"Male","weight",83.4
"Male","bmi",26.9
"Male","height",178
"Male","weight",91.1
"Male","bmi",28.8
"Male","height",167
"Male","weight",74.5
"Male","bmi",26.7
"Male","height",164
"Male","weight",70.1
"Male","bmi",26.1
"Male","height",174
"Male","weight",85.9
"Male","bmi",28.4
"Male","height",177
"Male","weight",80.1
"Male","bmi",25.6
"Male","height",171
"Male","weight",78.6
"Male","bmi",26.9
"Male","height",173
"Male","weight",84
"Male","bmi",28.1
"Male","height",177
"Male","weight",92.4
"Male","bmi",29.5
"Male","height",167
"Male","weight",82.6
"Male","bmi",29.6
"Male","height",186
"Male","weight",91.5
"Male","bmi",26.4
"Male","height",169
"Male","weight",80.7
"Male","bmi",28.3
"Male","height",176
"Male","weight",91.9
"Male","bmi",29.7
"Male","height",168
"Male","weight",84.5
"Male","bmi",29.9
"Male","height",171
"Male","weight",84.1
"Male","bmi",28.8
"Male","height",166
"Male","weight",79.8
"Male","bmi",29
"Male","height",185
"Male","weight",95.1
"Male","bmi",27.8
"Male","height",174
"Male","weight",81.4
"Male","bmi",26.9
"Male","height",168
"Male","weight",75
"Male","bmi",26.6
"Male","height",184
"Male","weight",89.9
"Male","bmi",26.6
"Male","height",172
"Male","weight",83.9
"Male","bmi",28.4
"Male","height",179
"Male","weight",90.8
"Male","bmi",28.3
"Male","height",181
"Male","weight",90.5
"Male","bmi",27.6
"Male","height",176
"Male","weight",91.8
"Male","bmi",29.6
"Male","height",178
"Male","weight",91.6
"Male","bmi",28.9
"Male","height",176
"Male","weight",89.5
"Male","bmi",28.9
"Male","height",161
"Male","weight",71.2
"Male","bmi",27.5
"Male","height",172
"Male","weight",83.2
"Male","bmi",28.1
"Male","height",186
"Male","weight",92.1
"Male","bmi",26.6
"Male","height",186
"Male","weight",88
"Male","bmi",25.4
"Male","height",180
"Male","weight",88.7
"Male","bmi",27.4
"Male","height",183
"Male","weight",97.5
"Male","bmi",29.1
"Male","height",183
"Male","weight",83.5
"Male","bmi",24.9
"Male","height",181
"Male","weight",87.9
"Male","bmi",26.8
"Male","height",168
"Male","weight",77.2
"Male","bmi",27.4
"Male","height",184
"Male","weight",93.3
"Male","bmi",27.6
"Male","height",173
"Male","weight",75.4
"Male","bmi",25.2
"Male","height",181
"Male","weight",90
"Male","bmi",27.5
"Male","height",167
"Male","weight",77
"Male","bmi",27.6
"Male","height",170
"Male","weight",72.6
"Male","bmi",25.1
"Male","height",183
"Male","weight",93
"Male","bmi",27.8
"Male","height",160
"Male","weight",67.1
"Male","bmi",26.2
"Male","height",177
"Male","weight",82.1
"Male","bmi",26.2
"Male","height",179
"Male","weight",98.8
"Male","bmi",30.8
"Male","height",173
"Male","weight",85.9
"Male","bmi",28.7
"Male","height",177
"Male","weight",79.9
"Male","bmi",25.5
"Male","height",158
"Male","weight",59.1
"Male","bmi",23.7
"Male","height",167
"Male","weight",72.3
"Male","bmi",25.9
"Male","height",180
"Male","weight",87.1
"Male","bmi",26.9
"Male","height",177
"Male","weight",82.6
"Male","bmi",26.4
"Male","height",171
"Male","weight",85.4
"Male","bmi",29.2
"Male","height",172
"Male","weight",87
"Male","bmi",29.4
"Male","height",169
"Male","weight",73.8
"Male","bmi",25.8
"Male","height",177
"Male","weight",89.6
"Male","bmi",28.6
"Male","height",165
"Male","weight",82.8
"Male","bmi",30.4
"Male","height",188
"Male","weight",90.7
"Male","bmi",25.7
"Male","height",173
"Male","weight",83.6
"Male","bmi",27.9
"Male","height",170
"Male","weight",75.1
"Male","bmi",26
"Male","height",175
"Male","weight",80.1
"Male","bmi",26.2
"Male","height",194
"Male","weight",103.8
"Male","bmi",27.6
"Male","height",175
"Male","weight",81.8
"Male","bmi",26.7
"Male","height",187
"Male","weight",102.5
"Male","bmi",29.3
"Male","height",177
"Male","weight",86.1
"Male","bmi",27.5
"Male","height",183
"Male","weight",91.7
"Male","bmi",27.4
"Male","height",179
"Male","weight",81.2
"Male","bmi",25.3
"Male","height",170
"Male","weight",75.8
"Male","bmi",26.2
"Male","height",168
"Male","weight",78.3
"Male","bmi",27.7
"Male","height",174
"Male","weight",81.6
"Male","bmi",27
"Male","height",169
"Male","weight",72.6
"Male","bmi",25.4
"Male","height",177
"Male","weight",80.9
"Male","bmi",25.8
"Male","height",168
"Male","weight",70.1
"Male","bmi",24.8
"Male","height",185
"Male","weight",94.7
"Male","bmi",27.7
"Male","height",164
"Male","weight",76.9
"Male","bmi",28.6
"Male","height",177
"Male","weight",82.4
"Male","bmi",26.3
"Male","height",179
"Male","weight",92.5
"Male","bmi",28.9
"Male","height",184
"Male","weight",83.7
"Male","bmi",24.7
"Male","height",173
"Male","weight",90.6
"Male","bmi",30.3
"Male","height",185
"Male","weight",93.7
"Male","bmi",27.4
"Male","height",179
"Male","weight",89.2
"Male","bmi",27.8
"Male","height",178
"Male","weight",86.2
"Male","bmi",27.2
"Male","height",175
"Male","weight",89.3
"Male","bmi",29.2
"Male","height",187
"Male","weight",100.8
"Male","bmi",28.8
"Male","height",173
"Male","weight",81.7
"Male","bmi",27.3
"Male","height",173
"Male","weight",80.9
"Male","bmi",27
"Male","height",182
"Male","weight",92
"Male","bmi",27.8
"Male","height",186
"Male","weight",100.2
"Male","bmi",29
"Male","height",177
"Male","weight",90.1
"Male","bmi",28.8
"Male","height",178
"Male","weight",92.4
"Male","bmi",29.2
"Male","height",168
"Male","weight",68.1
"Male","bmi",24.1
"Male","height",194
"Male","weight",103
"Male","bmi",27.4
"Male","height",180
"Male","weight",84.7
"Male","bmi",26.1
"Male","height",169
"Male","weight",77.3
"Male","bmi",27.1
"Male","height",168
"Male","weight",82.7
"Male","bmi",29.3
"Male","height",179
"Male","weight",85
"Male","bmi",26.5
"Male","height",166
"Male","weight",72
"Male","bmi",26.1
"Male","height",170
"Male","weight",79.7
"Male","bmi",27.6
"Male","height",187
"Male","weight",100.1
"Male","bmi",28.6
"Male","height",178
"Male","weight",88.8
"Male","bmi",28
"Male","height",177
"Male","weight",85.7
"Male","bmi",27.4
"Male","height",170
"Male","weight",69.9
"Male","bmi",24.2
"Male","height",175
"Male","weight",81.4
"Male","bmi",26.6
"Male","height",174
"Male","weight",78.1
"Male","bmi",25.8
"Male","height",179
"Male","weight",86.4
"Male","bmi",27
"Male","height",183
"Male","weight",94.4
"Male","bmi",28.2
"Male","height",180
"Male","weight",87
"Male","bmi",26.9
"Male","height",179
"Male","weight",89.5
"Male","bmi",27.9
"Male","height",172
"Male","weight",86
"Male","bmi",29.1
"Male","height",174
"Male","weight",94.4
"Male","bmi",31.2
"Male","height",176
"Male","weight",85.6
"Male","bmi",27.6
"Male","height",172
"Male","weight",85
"Male","bmi",28.7
"Male","height",181
"Male","weight",98.8
"Male","bmi",30.2
"Male","height",181
"Male","weight",91.6
"Male","bmi",28
"Male","height",180
"Male","weight",92.8
"Male","bmi",28.6
"Male","height",164
"Male","weight",65
"Male","bmi",24.2
"Male","height",171
"Male","weight",82.6
"Male","bmi",28.2
"Male","height",184
"Male","weight",91.7
"Male","bmi",27.1
"Male","height",178
"Male","weight",87.5
"Male","bmi",27.6
"Male","height",164
"Male","weight",72.1
"Male","bmi",26.8
"Male","height",189
"Male","weight",96.8
"Male","bmi",27.1
"Male","height",166
"Male","weight",73.9
"Male","bmi",26.8
"Male","height",185
"Male","weight",96.2
"Male","bmi",28.1
"Male","height",167
"Male","weight",70.4
"Male","bmi",25.2
"Male","height",175
"Male","weight",88.3
"Male","bmi",28.8
"Male","height",186
"Male","weight",95
"Male","bmi",27.5
"Male","height",177
"Male","weight",90
"Male","bmi",28.7
"Male","height",177
"Male","weight",81.5
"Male","bmi",26
"Male","height",182
"Male","weight",87.4
"Male","bmi",26.4
"Male","height",170
"Male","weight",81.6
"Male","bmi",28.2
"Male","height",172
"Male","weight",86.4
"Male","bmi",29.2
"Male","height",176
"Male","weight",89
"Male","bmi",28.7
"Male","height",175
"Male","weight",82
"Male","bmi",26.8
"Male","height",175
"Male","weight",84.7
"Male","bmi",27.7
"Male","height",169
"Male","weight",76.1
"Male","bmi",26.6
"Male","height",169
"Male","weight",81.4
"Male","bmi",28.5
"Male","height",175
"Male","weight",82.3
"Male","bmi",26.9
"Male","height",167
"Male","weight",73.2
"Male","bmi",26.2
"Male","height",159
"Male","weight",67.9
"Male","bmi",26.9
"Male","height",169
"Male","weight",73.1
"Male","bmi",25.6
"Male","height",171
"Male","weight",85
"Male","bmi",29.1
"Male","height",177
"Male","weight",79.8
"Male","bmi",25.5
"Male","height",189
"Male","weight",108.2
"Male","bmi",30.3
"Male","height",181
"Male","weight",94.8
"Male","bmi",28.9
"Male","height",180
"Male","weight",88.4
"Male","bmi",27.3
"Male","height",172
"Male","weight",74.3
"Male","bmi",25.1
"Male","height",170
"Male","weight",82.8
"Male","bmi",28.7
"Male","height",169
"Male","weight",79.4
"Male","bmi",27.8
"Male","height",170
"Male","weight",82
"Male","bmi",28.4
"Male","height",175
"Male","weight",78.3
"Male","bmi",25.6
"Male","height",183
"Male","weight",94.2
"Male","bmi",28.1
"Male","height",179
"Male","weight",88
"Male","bmi",27.5
"Male","height",176
"Male","weight",85.2
"Male","bmi",27.5
"Male","height",170
"Male","weight",73.1
"Male","bmi",25.3
"Male","height",196
"Male","weight",103.7
"Male","bmi",27
"Male","height",173
"Male","weight",80
"Male","bmi",26.7
"Male","height",170
"Male","weight",84.8
"Male","bmi",29.3
"Male","height",188
"Male","weight",99.1
"Male","bmi",28
"Male","height",177
"Male","weight",83.7
"Male","bmi",26.7
"Male","height",179
"Male","weight",90.4
"Male","bmi",28.2
"Male","height",168
"Male","weight",74.7
"Male","bmi",26.5
"Male","height",183
"Male","weight",87.7
"Male","bmi",26.2
"Male","height",168
"Male","weight",77.6
"Male","bmi",27.5
"Male","height",185
"Male","weight",98.7
"Male","bmi",28.8
"Male","height",177
"Male","weight",85.3
"Male","bmi",27.2
"Male","height",175
"Male","weight",80.8
"Male","bmi",26.4
"Male","height",162
"Male","weight",68.9
"Male","bmi",26.3
"Male","height",165
"Male","weight",65.9
"Male","bmi",24.2
"Male","height",165
"Male","weight",67
"Male","bmi",24.6
"Male","height",175
"Male","weight",83.2
"Male","bmi",27.2
"Male","height",178
"Male","weight",80.9
"Male","bmi",25.5
"Male","height",159
"Male","weight",69.3
"Male","bmi",27.4
"Male","height",170
"Male","weight",78.8
"Male","bmi",27.3
"Male","height",171
"Male","weight",81.7
"Male","bmi",27.9
"Male","height",183
"Male","weight",90.9
"Male","bmi",27.1
"Male","height",177
"Male","weight",77.2
"Male","bmi",24.6
"Male","height",166
"Male","weight",75.6
"Male","bmi",27.4
"Male","height",188
"Male","weight",88.4
"Male","bmi",25
"Male","height",155
"Male","weight",69.3
"Male","bmi",28.8
"Male","height",174
"Male","weight",93.6
"Male","bmi",30.9
"Male","height",162
"Male","weight",74.7
"Male","bmi",28.5
"Male","height",174
"Male","weight",82.2
"Male","bmi",27.2
"Male","height",165
"Male","weight",83.9
"Male","bmi",30.8
"Male","height",177
"Male","weight",95
"Male","bmi",30.3
"Male","height",181
"Male","weight",89.5
"Male","bmi",27.3
"Male","height",160
"Male","weight",67.4
"Male","bmi",26.3
"Male","height",180
"Male","weight",91.3
"Male","bmi",28.2
"Male","height",177
"Male","weight",90.4
"Male","bmi",28.9
"Male","height",170
"Male","weight",85.5
"Male","bmi",29.6
"Male","height",171
"Male","weight",80.9
"Male","bmi",27.7
"Male","height",176
"Male","weight",78.7
"Male","bmi",25.4
"Male","height",189
"Male","weight",99.1
"Male","bmi",27.7
"Male","height",169
"Male","weight",78.6
"Male","bmi",27.5
"Male","height",171
"Male","weight",84.5
"Male","bmi",28.9
"Male","height",168
"Male","weight",74.9
"Male","bmi",26.5
"Male","height",171
"Male","weight",92.1
"Male","bmi",31.5
"Male","height",173
"Male","weight",73.3
"Male","bmi",24.5
"Male","height",168
"Male","weight",74.6
"Male","bmi",26.4
"Male","height",167
"Male","weight",77.5
"Male","bmi",27.8
"Male","height",175
"Male","weight",77.3
"Male","bmi",25.2
"Male","height",179
"Male","weight",87.3
"Male","bmi",27.2
"Male","height",169
"Male","weight",75.5
"Male","bmi",26.4
"Male","height",182
"Male","weight",89.1
"Male","bmi",26.9
"Male","height",178
"Male","weight",83.3
"Male","bmi",26.3
"Male","height",174
"Male","weight",85
"Male","bmi",28.1
"Male","height",175
"Male","weight",80.9
"Male","bmi",26.4
"Male","height",187
"Male","weight",100.9
"Male","bmi",28.9
"Male","height",175
"Male","weight",86.4
"Male","bmi",28.2
"Male","height",186
"Male","weight",92.6
"Male","bmi",26.8
"Male","height",174
"Male","weight",87.2
"Male","bmi",28.8
"Male","height",165
"Male","weight",81.4
"Male","bmi",29.9
"Male","height",168
"Male","weight",87.4
"Male","bmi",31
"Male","height",172
"Male","weight",77
"Male","bmi",26
"Male","height",182
"Male","weight",87.5
"Male","bmi",26.4
"Male","height",176
"Male","weight",84.2
"Male","bmi",27.2
"Male","height",171
"Male","weight",85.5
"Male","bmi",29.2
"Male","height",177
"Male","weight",81.5
"Male","bmi",26
"Male","height",163
"Male","weight",73.7
"Male","bmi",27.7
"Male","height",171
"Male","weight",83.2
"Male","bmi",28.5
"Male","height",186
"Male","weight",100.4
"Male","bmi",29
"Male","height",172
"Male","weight",85.7
"Male","bmi",29
"Male","height",174
"Male","weight",87
"Male","bmi",28.7
"Male","height",180
"Male","weight",97.2
"Male","bmi",30
"Male","height",173
"Male","weight",82.7
"Male","bmi",27.6
"Male","height",172
"Male","weight",74.4
"Male","bmi",25.1
"Male","height",187
"Male","weight",90
"Male","bmi",25.7
"Male","height",175
"Male","weight",85
"Male","bmi",27.8
"Male","height",169
"Male","weight",79.8
"Male","bmi",27.9
"Male","height",178
"Male","weight",85.6
"Male","bmi",27
"Male","height",172
"Male","weight",91.1
"Male","bmi",30.8
"Male","height",189
"Male","weight",95.2
"Male","bmi",26.7
"Male","height",183
"Male","weight",91.6
"Male","bmi",27.4
"Male","height",177
"Male","weight",82.9
"Male","bmi",26.5
"Male","height",182
"Male","weight",93.5
"Male","bmi",28.2
"Male","height",171
"Male","weight",78
"Male","bmi",26.7
"Male","height",174
"Male","weight",77.7
"Male","bmi",25.7
"Male","height",198
"Male","weight",116
"Male","bmi",29.6
"Male","height",174
"Male","weight",81.1
"Male","bmi",26.8
"Male","height",178
"Male","weight",84.5
"Male","bmi",26.7
"Male","height",189
"Male","weight",100.2
"Male","bmi",28.1
"Male","height",183
"Male","weight",91.7
"Male","bmi",27.4
"Male","height",172
"Male","weight",87.6
"Male","bmi",29.6
"Male","height",169
"Male","weight",71.3
"Male","bmi",25
"Male","height",165
"Male","weight",82
"Male","bmi",30.1
"Male","height",176
"Male","weight",93.7
"Male","bmi",30.2
"Male","height",172
"Male","weight",81.6
"Male","bmi",27.6
"Male","height",173
"Male","weight",88
"Male","bmi",29.4
"Male","height",184
"Male","weight",92.4
"Male","bmi",27.3
"Male","height",188
"Male","weight",96
"Male","bmi",27.2
"Male","height",186
"Male","weight",91.2
"Male","bmi",26.4
"Male","height",185
"Male","weight",96.3
"Male","bmi",28.1
"Male","height",173
"Male","weight",76.2
"Male","bmi",25.5
"Male","height",178
"Male","weight",93.9
"Male","bmi",29.6
"Male","height",182
"Male","weight",84.3
"Male","bmi",25.4
"Male","height",174
"Male","weight",78.4
"Male","bmi",25.9
"Male","height",178
"Male","weight",83.8
"Male","bmi",26.4
"Male","height",170
"Male","weight",82.7
"Male","bmi",28.6
"Male","height",172
"Male","weight",85.4
"Male","bmi",28.9
"Male","height",172
"Male","weight",76.5
"Male","bmi",25.9
"Male","height",171
"Male","weight",78.7
"Male","bmi",26.9
"Male","height",170
"Male","weight",80.8
"Male","bmi",28
"Male","height",168
"Male","weight",79
"Male","bmi",28
"Male","height",172
"Male","weight",87.1
"Male","bmi",29.4
"Male","height",181
"Male","weight",86.7
"Male","bmi",26.5
"Male","height",178
"Male","weight",86
"Male","bmi",27.1
"Male","height",187
"Male","weight",95.4
"Male","bmi",27.3
"Male","height",169
"Male","weight",72.3
"Male","bmi",25.3
"Male","height",173
"Male","weight",86.1
"Male","bmi",28.8
"Male","height",173
"Male","weight",79.9
"Male","bmi",26.7
"Male","height",167
"Male","weight",80.4
"Male","bmi",28.8
"Male","height",170
"Male","weight",77.3
"Male","bmi",26.7
"Male","height",168
"Male","weight",75.3
"Male","bmi",26.7
"Male","height",186
"Male","weight",105.3
"Male","bmi",30.4
"Male","height",176
"Male","weight",93.8
"Male","bmi",30.3
"Male","height",182
"Male","weight",90.9
"Male","bmi",27.4
"Male","height",162
"Male","weight",74.1
"Male","bmi",28.2
"Male","height",183
"Male","weight",85.7
"Male","bmi",25.6
"Male","height",183
"Male","weight",94.1
"Male","bmi",28.1
"Male","height",173
"Male","weight",78.7
"Male","bmi",26.3
"Male","height",175
"Male","weight",86.1
"Male","bmi",28.1
"Male","height",171
"Male","weight",77.1
"Male","bmi",26.4
"Male","height",162
"Male","weight",72.9
"Male","bmi",27.8
"Male","height",182
"Male","weight",95.7
"Male","bmi",28.9
"Male","height",179
"Male","weight",87.9
"Male","bmi",27.4
"Male","height",185
"Male","weight",98.6
"Male","bmi",28.8
"Male","height",173
"Male","weight",80.2
"Male","bmi",26.8
"Male","height",177
"Male","weight",92.2
"Male","bmi",29.4
"Male","height",160
"Male","weight",75.1
"Male","bmi",29.3
"Male","height",182
"Male","weight",96
"Male","bmi",29
"Male","height",182
"Male","weight",91.4
"Male","bmi",27.6
"Male","height",181
"Male","weight",91
"Male","bmi",27.8
"Male","height",178
"Male","weight",86
"Male","bmi",27.1
"Male","height",179
"Male","weight",93.7
"Male","bmi",29.2
"Male","height",174
"Male","weight",78.6
"Male","bmi",26
"Male","height",181
"Male","weight",100.3
"Male","bmi",30.6
"Male","height",171
"Male","weight",77
"Male","bmi",26.3
"Male","height",186
"Male","weight",99.7
"Male","bmi",28.8
"Male","height",180
"Male","weight",83
"Male","bmi",25.6
"Male","height",183
"Male","weight",89.8
"Male","bmi",26.8
"Male","height",187
"Male","weight",98.3
"Male","bmi",28.1
"Male","height",177
"Male","weight",92.2
"Male","bmi",29.4
"Male","height",179
"Male","weight",84
"Male","bmi",26.2
"Male","height",168
"Male","weight",67.3
"Male","bmi",23.8
"Male","height",178
"Male","weight",87.2
"Male","bmi",27.5
"Male","height",180
"Male","weight",93.7
"Male","bmi",28.9
"Male","height",179
"Male","weight",82.5
"Male","bmi",25.7
"Male","height",182
"Male","weight",96.5
"Male","bmi",29.1
"Male","height",180
"Male","weight",88.9
"Male","bmi",27.4
"Male","height",169
"Male","weight",70.4
"Male","bmi",24.6
"Male","height",185
"Male","weight",94.1
"Male","bmi",27.5
"Male","height",169
"Male","weight",82.5
"Male","bmi",28.9
"Male","height",169
"Male","weight",74.4
"Male","bmi",26
"Male","height",169
"Male","weight",84.1
"Male","bmi",29.4
"Male","height",176
"Male","weight",80.8
"Male","bmi",26.1
"Male","height",174
"Male","weight",80.9
"Male","bmi",26.7
"Male","height",167
"Male","weight",73.5
"Male","bmi",26.4
"Male","height",178
"Male","weight",98.6
"Male","bmi",31.1
"Male","height",175
"Male","weight",86.1
"Male","bmi",28.1
"Male","height",180
"Male","weight",89.5
"Male","bmi",27.6
"Male","height",170
"Male","weight",80.9
"Male","bmi",28
"Male","height",174
"Male","weight",80.8
"Male","bmi",26.7
"Male","height",180
"Male","weight",83.9
"Male","bmi",25.9
"Male","height",160
"Male","weight",69.7
"Male","bmi",27.2
"Male","height",178
"Male","weight",100.7
"Male","bmi",31.8
"Male","height",172
"Male","weight",79.6
"Male","bmi",26.9
"Male","height",181
"Male","weight",90.2
"Male","bmi",27.5
"Male","height",178
"Male","weight",85.9
"Male","bmi",27.1
"Male","height",167
"Male","weight",75.4
"Male","bmi",27
"Male","height",182
"Male","weight",91.9
"Male","bmi",27.7
"Male","height",182
"Male","weight",99.9
"Male","bmi",30.2
"Male","height",181
"Male","weight",96.8
"Male","bmi",29.5
"Male","height",176
"Male","weight",77.7
"Male","bmi",25.1
"Male","height",178
"Male","weight",86.9
"Male","bmi",27.4
"Male","height",183
"Male","weight",91
"Male","bmi",27.2
"Male","height",182
"Male","weight",94.7
"Male","bmi",28.6
"Male","height",176
"Male","weight",78.4
"Male","bmi",25.3
"Male","height",181
"Male","weight",85.7
"Male","bmi",26.2
"Male","height",170
"Male","weight",85.1
"Male","bmi",29.4
"Male","height",193
"Male","weight",101.8
"Male","bmi",27.3
"Male","height",173
"Male","weight",77.2
"Male","bmi",25.8
"Male","height",176
"Male","weight",89.5
"Male","bmi",28.9
"Male","height",181
"Male","weight",88.6
"Male","bmi",27
"Male","height",179
"Male","weight",90
"Male","bmi",28.1
"Male","height",183
"Male","weight",89.1
"Male","bmi",26.6
"Male","height",185
"Male","weight",88.6
"Male","bmi",25.9
"Male","height",185
"Male","weight",97
"Male","bmi",28.3
"Male","height",182
"Male","weight",91.3
"Male","bmi",27.6
"Male","height",190
"Male","weight",103.2
"Male","bmi",28.6
"Male","height",171
"Male","weight",71.2
"Male","bmi",24.3
"Male","height",179
"Male","weight",87.2
"Male","bmi",27.2
"Male","height",166
"Male","weight",76.9
"Male","bmi",27.9
"Male","height",177
"Male","weight",89.6
"Male","bmi",28.6
"Male","height",182
"Male","weight",97.9
"Male","bmi",29.6
"Male","height",175
"Male","weight",78.6
"Male","bmi",25.7
"Male","height",165
"Male","weight",73.9
"Male","bmi",27.1
"Male","height",178
"Male","weight",94.6
"Male","bmi",29.9
"Male","height",180
"Male","weight",91.6
"Male","bmi",28.3
"Male","height",185
"Male","weight",104.2
"Male","bmi",30.4
"Male","height",183
"Male","weight",91.9
"Male","bmi",27.4
"Male","height",188
"Male","weight",103
"Male","bmi",29.1
"Male","height",167
"Male","weight",75.5
"Male","bmi",27.1
"Male","height",180
"Male","weight",84.9
"Male","bmi",26.2
"Male","height",173
"Male","weight",82.1
"Male","bmi",27.4
"Male","height",171
"Male","weight",79.5
"Male","bmi",27.2
"Male","height",180
"Male","weight",89.7
"Male","bmi",27.7
"Male","height",162
"Male","weight",75.5
"Male","bmi",28.8
"Male","height",170
"Male","weight",75.5
"Male","bmi",26.1
"Male","height",179
"Male","weight",84.9
"Male","bmi",26.5
"Male","height",179
"Male","weight",84.4
"Male","bmi",26.3
"Male","height",179
"Male","weight",93
"Male","bmi",29
"Male","height",176
"Male","weight",85.9
"Male","bmi",27.7
"Male","height",189
"Male","weight",95.3
"Male","bmi",26.7
"Male","height",170
"Male","weight",84.5
"Male","bmi",29.2
"Male","height",187
"Male","weight",93.7
"Male","bmi",26.8
"Male","height",175
"Male","weight",85.8
"Male","bmi",28
"Male","height",172
"Male","weight",76.5
"Male","bmi",25.9
"Male","height",160
"Male","weight",65.4
"Male","bmi",25.5
"Male","height",175
"Male","weight",85.1
"Male","bmi",27.8
"Male","height",177
"Male","weight",87.8
"Male","bmi",28
"Male","height",177
"Male","weight",84.1
"Male","bmi",26.8
"Male","height",176
"Male","weight",85.4
"Male","bmi",27.6
"Male","height",170
"Male","weight",75.4
"Male","bmi",26.1
"Male","height",181
"Male","weight",91.8
"Male","bmi",28
"Male","height",172
"Male","weight",86.9
"Male","bmi",29.4
"Male","height",169
"Male","weight",73.5
"Male","bmi",25.7
"Male","height",170
"Male","weight",79.8
"Male","bmi",27.6
"Male","height",177
"Male","weight",87.7
"Male","bmi",28
"Male","height",184
"Male","weight",87.4
"Male","bmi",25.8
"Male","height",176
"Male","weight",84.4
"Male","bmi",27.2
"Male","height",175
"Male","weight",89.8
"Male","bmi",29.3
"Male","height",166
"Male","weight",76.1
"Male","bmi",27.6
"Male","height",174
"Male","weight",90.7
"Male","bmi",30
"Male","height",183
"Male","weight",90.7
"Male","bmi",27.1
"Male","height",187
"Male","weight",98.5
"Male","bmi",28.2
"Male","height",179
"Male","weight",88.1
"Male","bmi",27.5
"Male","height",175
"Male","weight",86.4
"Male","bmi",28.2
"Male","height",187
"Male","weight",107.4
"Male","bmi",30.7
"Male","height",174
"Male","weight",82.2
"Male","bmi",27.2
"Male","height",163
"Male","weight",68.8
"Male","bmi",25.9
"Male","height",173
"Male","weight",77.4
"Male","bmi",25.9
"Male","height",180
"Male","weight",89.5
"Male","bmi",27.6
"Male","height",182
"Male","weight",90.8
"Male","bmi",27.4
"Male","height",171
"Male","weight",71.9
"Male","bmi",24.6
"Male","height",173
"Male","weight",84.6
"Male","bmi",28.3
"Male","height",166
"Male","weight",75.6
"Male","bmi",27.4
"Male","height",180
"Male","weight",92.9
"Male","bmi",28.7
"Male","height",171
"Male","weight",79.2
"Male","bmi",27.1
"Male","height",172
"Male","weight",81
"Male","bmi",27.4
"Male","height",174
"Male","weight",84.1
"Male","bmi",27.8
"Male","height",184
"Male","weight",88.3
"Male","bmi",26.1
"Male","height",166
"Male","weight",72.4
"Male","bmi",26.3
"Male","height",167
"Male","weight",73.8
"Male","bmi",26.5
"Male","height",176
"Male","weight",81.7
"Male","bmi",26.4
"Male","height",173
"Male","weight",78
"Male","bmi",26.1
"Male","height",182
"Male","weight",87
"Male","bmi",26.3
"Male","height",187
"Male","weight",99.6
"Male","bmi",28.5
"Male","height",171
"Male","weight",80
"Male","bmi",27.4
"Male","height",183
"Male","weight",97.7
"Male","bmi",29.2
"Male","height",174
"Male","weight",88.1
"Male","bmi",29.1
"Male","height",166
"Male","weight",75.8
"Male","bmi",27.5
"Male","height",168
"Male","weight",75.3
"Male","bmi",26.7
"Male","height",178
"Male","weight",98.3
"Male","bmi",31
"Male","height",169
"Male","weight",77.7
"Male","bmi",27.2
"Male","height",185
"Male","weight",92.8
"Male","bmi",27.1
"Male","height",190
"Male","weight",95.1
"Male","bmi",26.3
"Male","height",167
"Male","weight",85.1
"Male","bmi",30.5
"Male","height",169
"Male","weight",73.7
"Male","bmi",25.8
"Male","height",173
"Male","weight",83.6
"Male","bmi",27.9
"Male","height",177
"Male","weight",86.8
"Male","bmi",27.7
"Male","height",166
"Male","weight",70.8
"Male","bmi",25.7
"Male","height",169
"Male","weight",82.2
"Male","bmi",28.8
"Male","height",173
"Male","weight",91.6
"Male","bmi",30.6
"Male","height",175
"Male","weight",77.2
"Male","bmi",25.2
"Male","height",178
"Male","weight",87.1
"Male","bmi",27.5
"Male","height",181
"Male","weight",81
"Male","bmi",24.7
"Male","height",181
"Male","weight",84.3
"Male","bmi",25.7
"Male","height",174
"Male","weight",81.9
"Male","bmi",27.1
"Male","height",175
"Male","weight",80.7
"Male","bmi",26.4
"Male","height",170
"Male","weight",85.1
"Male","bmi",29.4
"Male","height",175
"Male","weight",89.6
"Male","bmi",29.3
"Male","height",174
"Male","weight",88.5
"Male","bmi",29.2
"Male","height",168
"Male","weight",83
"Male","bmi",29.4
"Male","height",164
"Male","weight",71.2
"Male","bmi",26.5
"Male","height",173
"Male","weight",78.3
"Male","bmi",26.2
"Male","height",164
"Male","weight",68.1
"Male","bmi",25.3
"Male","height",178
"Male","weight",92.2
"Male","bmi",29.1
"Male","height",169
"Male","weight",74.5
"Male","bmi",26.1
"Male","height",183
"Male","weight",84.5
"Male","bmi",25.2
"Male","height",164
"Male","weight",71.8
"Male","bmi",26.7
"Male","height",189
"Male","weight",101.5
"Male","bmi",28.4
"Male","height",181
"Male","weight",86.2
"Male","bmi",26.3
"Male","height",166
"Male","weight",71.7
"Male","bmi",26
"Male","height",173
"Male","weight",77.6
"Male","bmi",25.9
"Male","height",164
"Male","weight",70.6
"Male","bmi",26.2
"Male","height",177
"Male","weight",86.9
"Male","bmi",27.7
"Male","height",184
"Male","weight",103.9
"Male","bmi",30.7
"Male","height",169
"Male","weight",74.8
"Male","bmi",26.2
"Male","height",174
"Male","weight",80.8
"Male","bmi",26.7
"Male","height",177
"Male","weight",90.5
"Male","bmi",28.9
"Male","height",185
"Male","weight",95.8
"Male","bmi",28
"Male","height",176
"Male","weight",92.1
"Male","bmi",29.7
"Male","height",176
"Male","weight",84.1
"Male","bmi",27.2
"Male","height",167
"Male","weight",67.7
"Male","bmi",24.3
"Male","height",182
"Male","weight",97.2
"Male","bmi",29.3
"Male","height",169
"Male","weight",72.7
"Male","bmi",25.5
"Male","height",169
"Male","weight",81.9
"Male","bmi",28.7
"Male","height",179
"Male","weight",89.4
"Male","bmi",27.9
"Male","height",173
"Male","weight",84.5
"Male","bmi",28.2
"Male","height",167
"Male","weight",75.1
"Male","bmi",26.9
"Male","height",176
"Male","weight",91.3
"Male","bmi",29.5
"Male","height",185
"Male","weight",91.3
"Male","bmi",26.7
"Male","height",172
"Male","weight",86.5
"Male","bmi",29.2
"Male","height",178
"Male","weight",87.6
"Male","bmi",27.6
"Male","height",181
"Male","weight",96.8
"Male","bmi",29.5
"Male","height",182
"Male","weight",95.2
"Male","bmi",28.7
"Male","height",176
"Male","weight",82.2
"Male","bmi",26.5
"Male","height",173
"Male","weight",77.4
"Male","bmi",25.9
"Male","height",183
"Male","weight",104.1
"Male","bmi",31.1
"Male","height",181
"Male","weight",90.6
"Male","bmi",27.7
"Male","height",184
"Male","weight",91.4
"Male","bmi",27
"Male","height",153
"Male","weight",60.8
"Male","bmi",26
"Male","height",179
"Male","weight",86
"Male","bmi",26.8
"Male","height",182
"Male","weight",87.6
"Male","bmi",26.4
"Male","height",179
"Male","weight",84.1
"Male","bmi",26.2
"Male","height",186
"Male","weight",93.8
"Male","bmi",27.1
"Male","height",158
"Male","weight",79.4
"Male","bmi",31.8
"Male","height",175
"Male","weight",80.1
"Male","bmi",26.2
"Male","height",182
"Male","weight",95
"Male","bmi",28.7
"Male","height",179
"Male","weight",93.3
"Male","bmi",29.1
"Male","height",165
"Male","weight",70.2
"Male","bmi",25.8
"Male","height",173
"Male","weight",89.1
"Male","bmi",29.8
"Male","height",175
"Male","weight",79.9
"Male","bmi",26.1
"Male","height",180
"Male","weight",90.2
"Male","bmi",27.8
"Male","height",164
"Male","weight",68.1
"Male","bmi",25.3
"Male","height",180
"Male","weight",81.3
"Male","bmi",25.1
"Male","height",175
"Male","weight",84.8
"Male","bmi",27.7
"Male","height",166
"Male","weight",64.7
"Male","bmi",23.5
"Male","height",166
"Male","weight",74.2
"Male","bmi",26.9
"Male","height",178
"Male","weight",84.1
"Male","bmi",26.5
"Male","height",170
"Male","weight",76.6
"Male","bmi",26.5
"Male","height",171
"Male","weight",75
"Male","bmi",25.6
"Male","height",174
"Male","weight",74.6
"Male","bmi",24.6
"Male","height",172
"Male","weight",84.4
"Male","bmi",28.5
"Male","height",169
"Male","weight",75.1
"Male","bmi",26.3
"Male","height",178
"Male","weight",88
"Male","bmi",27.8
"Male","height",175
"Male","weight",87.8
"Male","bmi",28.7
"Male","height",180
"Male","weight",92.7
"Male","bmi",28.6
"Male","height",190
"Male","weight",100.3
"Male","bmi",27.8
"Male","height",169
"Male","weight",78.6
"Male","bmi",27.5
"Male","height",168
"Male","weight",77.7
"Male","bmi",27.5
"Male","height",170
"Male","weight",77.1
"Male","bmi",26.7
"Male","height",183
"Male","weight",92.8
"Male","bmi",27.7
"Male","height",173
"Male","weight",86.4
"Male","bmi",28.9
"Male","height",176
"Male","weight",81
"Male","bmi",26.1
"Male","height",179
"Male","weight",86.1
"Male","bmi",26.9
"Male","height",184
"Male","weight",90.5
"Male","bmi",26.7
"Male","height",176
"Male","weight",84.3
"Male","bmi",27.2
"Male","height",170
"Male","weight",75
"Male","bmi",26
"Male","height",179
"Male","weight",80.5
"Male","bmi",25.1
"Male","height",184
"Male","weight",85.8
"Male","bmi",25.3
"Male","height",179
"Male","weight",93.6
"Male","bmi",29.2
"Male","height",171
"Male","weight",90.6
"Male","bmi",31
"Male","height",187
"Male","weight",102.6
"Male","bmi",29.3
"Male","height",171
"Male","weight",79.1
"Male","bmi",27.1
"Male","height",188
"Male","weight",97.7
"Male","bmi",27.6
"Male","height",175
"Male","weight",79.6
"Male","bmi",26
"Male","height",162
"Male","weight",76.2
"Male","bmi",29
"Male","height",173
"Male","weight",84.2
"Male","bmi",28.1
"Male","height",172
"Male","weight",81.6
"Male","bmi",27.6
"Male","height",177
"Male","weight",86
"Male","bmi",27.5
"Male","height",174
"Male","weight",82.7
"Male","bmi",27.3
"Male","height",175
"Male","weight",82.3
"Male","bmi",26.9
"Male","height",177
"Male","weight",88.3
"Male","bmi",28.2
"Male","height",167
"Male","weight",79.1
"Male","bmi",28.4
"Male","height",168
"Male","weight",82.1
"Male","bmi",29.1
"Male","height",159
"Male","weight",74
"Male","bmi",29.3
"Male","height",171
"Male","weight",80.6
"Male","bmi",27.6
"Male","height",178
"Male","weight",82.3
"Male","bmi",26
"Male","height",172
"Male","weight",80.7
"Male","bmi",27.3
"Male","height",177
"Male","weight",86.7
"Male","bmi",27.7
"Male","height",177
"Male","weight",80.4
"Male","bmi",25.7
"Male","height",171
"Male","weight",72.5
"Male","bmi",24.8
"Male","height",173
"Male","weight",85.3
"Male","bmi",28.5
"Male","height",179
"Male","weight",94.7
"Male","bmi",29.6
"Male","height",180
"Male","weight",87.1
"Male","bmi",26.9
"Male","height",181
"Male","weight",99.9
"Male","bmi",30.5
"Male","height",174
"Male","weight",84.6
"Male","bmi",27.9
"Male","height",176
"Male","weight",89.4
"Male","bmi",28.9
"Male","height",164
"Male","weight",63.6
"Male","bmi",23.6
"Male","height",175
"Male","weight",81.7
"Male","bmi",26.7
"Male","height",173
"Male","weight",79.8
"Male","bmi",26.7
"Male","height",167
"Male","weight",76.1
"Male","bmi",27.3
"Male","height",172
"Male","weight",69.4
"Male","bmi",23.5
"Male","height",171
"Male","weight",73.9
"Male","bmi",25.3
"Male","height",168
"Male","weight",74.2
"Male","bmi",26.3
"Male","height",172
"Male","weight",86.4
"Male","bmi",29.2
"Male","height",168
"Male","weight",86.9
"Male","bmi",30.8
"Male","height",172
"Male","weight",79.5
"Male","bmi",26.9
"Male","height",175
"Male","weight",83.5
"Male","bmi",27.3
"Male","height",199
"Male","weight",103.1
"Male","bmi",26
"Male","height",179
"Male","weight",90
"Male","bmi",28.1
"Male","height",179
"Male","weight",87.9
"Male","bmi",27.4
"Male","height",172
"Male","weight",80.2
"Male","bmi",27.1
"Male","height",180
"Male","weight",84.1
"Male","bmi",26
"Male","height",172
"Male","weight",87.4
"Male","bmi",29.5
"Male","height",190
"Male","weight",94
"Male","bmi",26
"Male","height",174
"Male","weight",81.3
"Male","bmi",26.9
"Male","height",192
"Male","weight",102.7
"Male","bmi",27.9
"Male","height",180
"Male","weight",84.5
"Male","bmi",26.1
"Male","height",180
"Male","weight",92
"Male","bmi",28.4
"Male","height",194
"Male","weight",105.9
"Male","bmi",28.1
"Male","height",177
"Male","weight",87.1
"Male","bmi",27.8
"Male","height",177
"Male","weight",88.4
"Male","bmi",28.2
"Male","height",177
"Male","weight",89
"Male","bmi",28.4
"Male","height",167
"Male","weight",71.5
"Male","bmi",25.6
"Male","height",172
"Male","weight",83.9
"Male","bmi",28.4
"Male","height",174
"Male","weight",81.4
"Male","bmi",26.9
"Male","height",165
"Male","weight",71.9
"Male","bmi",26.4
"Male","height",174
"Male","weight",82.8
"Male","bmi",27.3
"Male","height",185
"Male","weight",93.9
"Male","bmi",27.4
"Male","height",168
"Male","weight",73.3
"Male","bmi",26
"Male","height",156
"Male","weight",68.2
"Male","bmi",28
"Male","height",173
"Male","weight",72.6
"Male","bmi",24.3
"Male","height",191
"Male","weight",101.4
"Male","bmi",27.8
"Male","height",169
"Male","weight",82.8
"Male","bmi",29
"Male","height",169
"Male","weight",81.3
"Male","bmi",28.5
"Male","height",172
"Male","weight",81.2
"Male","bmi",27.4
"Male","height",182
"Male","weight",95.6
"Male","bmi",28.9
"Male","height",175
"Male","weight",90.9
"Male","bmi",29.7
"Male","height",173
"Male","weight",84
"Male","bmi",28.1
"Male","height",188
"Male","weight",97.5
"Male","bmi",27.6
"Male","height",175
"Male","weight",88.1
"Male","bmi",28.8
"Male","height",187
"Male","weight",94
"Male","bmi",26.9
"Male","height",170
"Male","weight",76.7
"Male","bmi",26.5
"Male","height",176
"Male","weight",88.5
"Male","bmi",28.6
"Male","height",170
"Male","weight",83.2
"Male","bmi",28.8
"Male","height",183
"Male","weight",90.8
"Male","bmi",27.1
"Male","height",172
"Male","weight",79.6
"Male","bmi",26.9
"Male","height",162
"Male","weight",69.8
"Male","bmi",26.6
"Male","height",168
"Male","weight",78.2
"Male","bmi",27.7
"Male","height",187
"Male","weight",94.7
"Male","bmi",27.1
"Male","height",164
"Male","weight",73
"Male","bmi",27.1
"Male","height",170
"Male","weight",85.7
"Male","bmi",29.7
"Male","height",180
"Male","weight",88
"Male","bmi",27.2
"Male","height",171
"Male","weight",76.5
"Male","bmi",26.2
"Male","height",170
"Male","weight",79.4
"Male","bmi",27.5
"Male","height",164
"Male","weight",79.9
"Male","bmi",29.7
"Male","height",171
"Male","weight",76.5
"Male","bmi",26.2
"Male","height",173
"Male","weight",88.2
"Male","bmi",29.5
"Male","height",187
"Male","weight",103.2
"Male","bmi",29.5
"Male","height",168
"Male","weight",80.1
"Male","bmi",28.4
"Male","height",172
"Male","weight",80.4
"Male","bmi",27.2
"Male","height",167
"Male","weight",80.8
"Male","bmi",29
"Male","height",182
"Male","weight",95.9
"Male","bmi",29
"Male","height",166
"Male","weight",70.6
"Male","bmi",25.6
"Male","height",173
"Male","weight",87.1
"Male","bmi",29.1
"Male","height",191
"Male","weight",97.2
"Male","bmi",26.6
"Male","height",161
"Male","weight",74
"Male","bmi",28.5
"Male","height",165
"Male","weight",71.1
"Male","bmi",26.1
"Male","height",172
"Male","weight",74.8
"Male","bmi",25.3
"Male","height",184
"Male","weight",91.6
"Male","bmi",27.1
"Male","height",176
"Male","weight",89.7
"Male","bmi",29
"Male","height",165
"Male","weight",80.2
"Male","bmi",29.5
"Male","height",170
"Male","weight",85.3
"Male","bmi",29.5
"Male","height",170
"Male","weight",82.6
"Male","bmi",28.6
"Male","height",173
"Male","weight",79.7
"Male","bmi",26.6
"Male","height",179
"Male","weight",79.9
"Male","bmi",24.9
"Male","height",179
"Male","weight",93.6
"Male","bmi",29.2
"Male","height",177
"Male","weight",89.7
"Male","bmi",28.6
"Male","height",174
"Male","weight",80.3
"Male","bmi",26.5
"Male","height",171
"Male","weight",79
"Male","bmi",27
"Male","height",173
"Male","weight",79.7
"Male","bmi",26.6
"Male","height",172
"Male","weight",81.8
"Male","bmi",27.7
"Male","height",189
"Male","weight",100.1
"Male","bmi",28
"Male","height",175
"Male","weight",82.5
"Male","bmi",26.9
"Male","height",174
"Male","weight",85.1
"Male","bmi",28.1
"Male","height",175
"Male","weight",85.4
"Male","bmi",27.9
"Male","height",165
"Male","weight",74.7
"Male","bmi",27.4
"Male","height",186
"Male","weight",98
"Male","bmi",28.3
"Male","height",182
"Male","weight",95.7
"Male","bmi",28.9
"Male","height",178
"Male","weight",86.6
"Male","bmi",27.3
"Male","height",180
"Male","weight",89.9
"Male","bmi",27.7
"Male","height",176
"Male","weight",85.1
"Male","bmi",27.5
"Male","height",163
"Male","weight",71.5
"Male","bmi",26.9
"Male","height",179
"Male","weight",92.7
"Male","bmi",28.9
"Male","height",161
"Male","weight",64
"Male","bmi",24.7
"Male","height",181
"Male","weight",94
"Male","bmi",28.7
"Male","height",177
"Male","weight",98.9
"Male","bmi",31.6
"Male","height",170
"Male","weight",76.9
"Male","bmi",26.6
"Male","height",181
"Male","weight",86.7
"Male","bmi",26.5
"Male","height",187
"Male","weight",90.5
"Male","bmi",25.9
"Male","height",173
"Male","weight",91.4
"Male","bmi",30.5
"Male","height",187
"Male","weight",97.6
"Male","bmi",27.9
"Male","height",178
"Male","weight",78
"Male","bmi",24.6
"Male","height",165
"Male","weight",73.3
"Male","bmi",26.9
"Male","height",183
"Male","weight",95.1
"Male","bmi",28.4
"Male","height",171
"Male","weight",74.2
"Male","bmi",25.4
"Male","height",172
"Male","weight",80.5
"Male","bmi",27.2
"Male","height",177
"Male","weight",90.6
"Male","bmi",28.9
"Male","height",168
"Male","weight",81.5
"Male","bmi",28.9
"Male","height",174
"Male","weight",80.7
"Male","bmi",26.7
"Male","height",179
"Male","weight",82.4
"Male","bmi",25.7
"Male","height",169
"Male","weight",73.9
"Male","bmi",25.9
"Male","height",174
"Male","weight",80.1
"Male","bmi",26.5
"Male","height",184
"Male","weight",101.9
"Male","bmi",30.1
"Male","height",171
"Male","weight",87.9
"Male","bmi",30.1
"Male","height",172
"Male","weight",74.4
"Male","bmi",25.1
"Male","height",174
"Male","weight",86
"Male","bmi",28.4
"Male","height",174
"Male","weight",84.4
"Male","bmi",27.9
"Male","height",179
"Male","weight",89.2
"Male","bmi",27.8
"Male","height",175
"Male","weight",88.6
"Male","bmi",28.9
"Male","height",176
"Male","weight",90.2
"Male","bmi",29.1
"Male","height",184
"Male","weight",91
"Male","bmi",26.9
"Male","height",172
"Male","weight",80.9
"Male","bmi",27.3
"Male","height",176
"Male","weight",91.7
"Male","bmi",29.6
"Male","height",178
"Male","weight",83.7
"Male","bmi",26.4
"Male","height",176
"Male","weight",87.8
"Male","bmi",28.3
"Male","height",190
"Male","weight",104.4
"Male","bmi",28.9
"Male","height",172
"Male","weight",78.4
"Male","bmi",26.5
"Male","height",170
"Male","weight",77.7
"Male","bmi",26.9
"Male","height",185
"Male","weight",92
"Male","bmi",26.9
"Male","height",174
"Male","weight",92.7
"Male","bmi",30.6
"Male","height",170
"Male","weight",76.3
"Male","bmi",26.4
"Male","height",188
"Male","weight",89.6
"Male","bmi",25.4
"Male","height",154
"Male","weight",62.5
"Male","bmi",26.4
"Male","height",177
"Male","weight",90.9
"Male","bmi",29
"Male","height",172
"Male","weight",88.1
"Male","bmi",29.8
"Male","height",177
"Male","weight",88.2
"Male","bmi",28.2
"Male","height",178
"Male","weight",94.4
"Male","bmi",29.8
"Male","height",164
"Male","weight",75.5
"Male","bmi",28.1
"Male","height",165
"Male","weight",84
"Male","bmi",30.9
"Male","height",177
"Male","weight",89.4
"Male","bmi",28.5
"Male","height",173
"Male","weight",88
"Male","bmi",29.4
"Male","height",179
"Male","weight",92.2
"Male","bmi",28.8
"Male","height",188
"Male","weight",94.2
"Male","bmi",26.7
"Male","height",182
"Male","weight",89.7
"Male","bmi",27.1
"Male","height",171
"Male","weight",83
"Male","bmi",28.4
"Male","height",172
"Male","weight",79.1
"Male","bmi",26.7
"Male","height",158
"Male","weight",67.8
"Male","bmi",27.2
"Male","height",183
"Male","weight",97.6
"Male","bmi",29.1
"Male","height",174
"Male","weight",81.6
"Male","bmi",27
"Male","height",177
"Male","weight",92.2
"Male","bmi",29.4
"Male","height",181
"Male","weight",82.9
"Male","bmi",25.3
"Male","height",183
"Male","weight",98.1
"Male","bmi",29.3
"Male","height",184
"Male","weight",96.9
"Male","bmi",28.6
"Male","height",164
"Male","weight",73.5
"Male","bmi",27.3
"Male","height",180
"Male","weight",96.3
"Male","bmi",29.7
"Male","height",180
"Male","weight",89.7
"Male","bmi",27.7
"Male","height",169
"Male","weight",78
"Male","bmi",27.3
"Male","height",180
"Male","weight",92.2
"Male","bmi",28.5
"Male","height",170
"Male","weight",74.7
"Male","bmi",25.8
"Male","height",178
"Male","weight",87.4
"Male","bmi",27.6
"Male","height",182
"Male","weight",94.7
"Male","bmi",28.6
"Male","height",178
"Male","weight",89.9
"Male","bmi",28.4
"Male","height",172
"Male","weight",76.2
"Male","bmi",25.8
"Male","height",183
"Male","weight",95
"Male","bmi",28.4
"Male","height",175
"Male","weight",79.8
"Male","bmi",26.1
"Male","height",177
"Male","weight",89
"Male","bmi",28.4
"Male","height",176
"Male","weight",88.4
"Male","bmi",28.5
"Male","height",174
"Male","weight",81.1
"Male","bmi",26.8
"Male","height",174
"Male","weight",87.6
"Male","bmi",28.9
"Male","height",188
"Male","weight",98.8
"Male","bmi",28
"Male","height",184
"Male","weight",98.4
"Male","bmi",29.1
"Male","height",174
"Male","weight",86.2
"Male","bmi",28.5
"Male","height",174
"Male","weight",82.2
"Male","bmi",27.2
"Male","height",165
"Male","weight",78.7
"Male","bmi",28.9
"Male","height",192
"Male","weight",98.5
"Male","bmi",26.7
"Male","height",179
"Male","weight",90.3
"Male","bmi",28.2
"Male","height",186
"Male","weight",99.9
"Male","bmi",28.9
"Male","height",186
"Male","weight",94.9
"Male","bmi",27.4
"Male","height",166
"Male","weight",78.3
"Male","bmi",28.4
"Male","height",190
"Male","weight",101.9
"Male","bmi",28.2
"Male","height",175
"Male","weight",94.2
"Male","bmi",30.8
"Male","height",177
"Male","weight",86.7
"Male","bmi",27.7
"Male","height",170
"Male","weight",79.8
"Male","bmi",27.6
"Male","height",188
"Male","weight",96.8
"Male","bmi",27.4
"Male","height",179
"Male","weight",82.5
"Male","bmi",25.7
"Male","height",185
"Male","weight",95.6
"Male","bmi",27.9
"Male","height",177
"Male","weight",86
"Male","bmi",27.5
"Male","height",177
"Male","weight",92.6
"Male","bmi",29.6
"Male","height",169
"Male","weight",83.7
"Male","bmi",29.3
"Male","height",175
"Male","weight",90.7
"Male","bmi",29.6
"Male","height",172
"Male","weight",77.5
"Male","bmi",26.2
"Male","height",183
"Male","weight",96
"Male","bmi",28.7
"Male","height",192
"Male","weight",98.9
"Male","bmi",26.8
"Male","height",162
"Male","weight",72.6
"Male","bmi",27.7
"Male","height",176
"Male","weight",83.9
"Male","bmi",27.1
"Male","height",180
"Male","weight",88
"Male","bmi",27.2
"Male","height",192
"Male","weight",113.2
"Male","bmi",30.7
"Male","height",181
"Male","weight",86.8
"Male","bmi",26.5
"Male","height",178
"Male","weight",89.5
"Male","bmi",28.2
"Male","height",172
"Male","weight",82.8
"Male","bmi",28
"Male","height",173
"Male","weight",84.2
"Male","bmi",28.1
"Male","height",180
"Male","weight",90.1
"Male","bmi",27.8
"Male","height",167
"Male","weight",78.3
"Male","bmi",28.1
"Male","height",188
"Male","weight",98.8
"Male","bmi",28
"Male","height",182
"Male","weight",89.5
"Male","bmi",27
"Male","height",158
"Male","weight",67.1
"Male","bmi",26.9
"Male","height",165
"Male","weight",71.7
"Male","bmi",26.3
"Male","height",159
"Male","weight",63.6
"Male","bmi",25.2
"Male","height",175
"Male","weight",86.7
"Male","bmi",28.3
"Male","height",177
"Male","weight",92.6
"Male","bmi",29.6
"Male","height",172
"Male","weight",77.7
"Male","bmi",26.3
"Male","height",186
"Male","weight",91.8
"Male","bmi",26.5
"Male","height",177
"Male","weight",89.8
"Male","bmi",28.7
"Male","height",180
"Male","weight",101.9
"Male","bmi",31.5
"Male","height",172
"Male","weight",85.5
"Male","bmi",28.9
"Male","height",180
"Male","weight",87.1
"Male","bmi",26.9
"Male","height",179
"Male","weight",94.3
"Male","bmi",29.4
"Male","height",180
"Male","weight",88.8
"Male","bmi",27.4
"Male","height",176
"Male","weight",86.4
"Male","bmi",27.9
"Male","height",165
"Male","weight",69.2
"Male","bmi",25.4
"Male","height",184
"Male","weight",94
"Male","bmi",27.8
"Male","height",175
"Male","weight",80.7
"Male","bmi",26.4
"Male","height",169
"Male","weight",78.7
"Male","bmi",27.6
"Male","height",193
"Male","weight",104.8
"Male","bmi",28.1
"Male","height",184
"Male","weight",90.2
"Male","bmi",26.6
"Male","height",170
"Male","weight",81.9
"Male","bmi",28.3
"Male","height",162
"Male","weight",73
"Male","bmi",27.8
"Male","height",174
"Male","weight",85.6
"Male","bmi",28.3
"Male","height",177
"Male","weight",91
"Male","bmi",29
"Male","height",185
"Male","weight",92.2
"Male","bmi",26.9
"Male","height",187
"Male","weight",94.4
"Male","bmi",27
"Male","height",167
"Male","weight",73.7
"Male","bmi",26.4
"Male","height",169
"Male","weight",72.6
"Male","bmi",25.4
"Male","height",174
"Male","weight",91.2
"Male","bmi",30.1
"Male","height",187
"Male","weight",96.1
"Male","bmi",27.5
"Male","height",160
"Male","weight",67.4
"Male","bmi",26.3
"Male","height",173
"Male","weight",86.8
"Male","bmi",29
"Male","height",190
"Male","weight",94
"Male","bmi",26
"Male","height",164
"Male","weight",78.2
"Male","bmi",29.1
"Male","height",181
"Male","weight",83.3
"Male","bmi",25.4
"Male","height",171
"Male","weight",81.9
"Male","bmi",28
"Male","height",171
"Male","weight",77.3
"Male","bmi",26.4
"Male","height",180
"Male","weight",91.4
"Male","bmi",28.2
"Male","height",174
"Male","weight",87.1
"Male","bmi",28.8
"Male","height",181
"Male","weight",96.1
"Male","bmi",29.3
"Male","height",171
"Male","weight",84.3
"Male","bmi",28.8
"Male","height",180
"Male","weight",80.3
"Male","bmi",24.8
"Male","height",176
"Male","weight",91.2
"Male","bmi",29.4
"Male","height",187
"Male","weight",92.2
"Male","bmi",26.4
"Male","height",182
"Male","weight",91
"Male","bmi",27.5
"Male","height",178
"Male","weight",82.7
"Male","bmi",26.1
"Male","height",190
"Male","weight",95
"Male","bmi",26.3
"Male","height",172
"Male","weight",76.6
"Male","bmi",25.9
"Male","height",182
"Male","weight",85.6
"Male","bmi",25.8
"Male","height",183
"Male","weight",88.6
"Male","bmi",26.5
"Male","height",173
"Male","weight",78.9
"Male","bmi",26.4
"Male","height",169
"Male","weight",74
"Male","bmi",25.9
"Male","height",178
"Male","weight",82.2
"Male","bmi",25.9
"Male","height",194
"Male","weight",108.7
"Male","bmi",28.9
"Male","height",168
"Male","weight",75.3
"Male","bmi",26.7
"Male","height",167
"Male","weight",69.4
"Male","bmi",24.9
"Male","height",182
"Male","weight",90.9
"Male","bmi",27.4
"Male","height",176
"Male","weight",89.6
"Male","bmi",28.9
"Male","height",186
"Male","weight",98.6
"Male","bmi",28.5
"Male","height",175
"Male","weight",88.3
"Male","bmi",28.8
"Male","height",183
"Male","weight",92.3
"Male","bmi",27.6
"Male","height",183
"Male","weight",92.7
"Male","bmi",27.7
"Male","height",154
"Male","weight",58.2
"Male","bmi",24.5
"Male","height",175
"Male","weight",82.3
"Male","bmi",26.9
"Male","height",174
"Male","weight",85.7
"Male","bmi",28.3
"Male","height",180
"Male","weight",90.1
"Male","bmi",27.8
"Male","height",183
"Male","weight",90.2
"Male","bmi",26.9
"Male","height",178
"Male","weight",85
"Male","bmi",26.8
"Male","height",183
"Male","weight",92.9
"Male","bmi",27.7
"Male","height",180
"Male","weight",88
"Male","bmi",27.2
"Male","height",184
"Male","weight",93.4
"Male","bmi",27.6
"Male","height",168
"Male","weight",79
"Male","bmi",28
"Male","height",173
"Male","weight",83.2
"Male","bmi",27.8
"Male","height",184
"Male","weight",99.1
"Male","bmi",29.3
"Male","height",171
"Male","weight",79.5
"Male","bmi",27.2
"Male","height",180
"Male","weight",93.6
"Male","bmi",28.9
"Male","height",182
"Male","weight",85.9
"Male","bmi",25.9
"Male","height",182
"Male","weight",97.2
"Male","bmi",29.3
"Male","height",168
"Male","weight",79.6
"Male","bmi",28.2
"Male","height",179
"Male","weight",90.9
"Male","bmi",28.4
"Male","height",180
"Male","weight",98.1
"Male","bmi",30.3
"Male","height",169
"Male","weight",72.3
"Male","bmi",25.3
"Male","height",166
"Male","weight",76.1
"Male","bmi",27.6
"Male","height",177
"Male","weight",82.8
"Male","bmi",26.4
"Male","height",183
"Male","weight",96.5
"Male","bmi",28.8
"Male","height",170
"Male","weight",76.8
"Male","bmi",26.6
"Male","height",176
"Male","weight",79.8
"Male","bmi",25.8
"Male","height",166
"Male","weight",79.4
"Male","bmi",28.8
"Male","height",185
"Male","weight",82.2
"Male","bmi",24
"Male","height",185
"Male","weight",85.7
"Male","bmi",25
"Male","height",169
"Male","weight",81
"Male","bmi",28.4
"Male","height",159
"Male","weight",65.6
"Male","bmi",25.9
"Male","height",172
"Male","weight",74.5
"Male","bmi",25.2
"Male","height",174
"Male","weight",79.1
"Male","bmi",26.1
"Male","height",172
"Male","weight",76.9
"Male","bmi",26
"Male","height",195
"Male","weight",116.1
"Male","bmi",30.5
"Male","height",187
"Male","weight",101
"Male","bmi",28.9
"Male","height",172
"Male","weight",76.1
"Male","bmi",25.7
"Male","height",177
"Male","weight",91.2
"Male","bmi",29.1
"Male","height",167
"Male","weight",77.5
"Male","bmi",27.8
"Male","height",175
"Male","weight",78.5
"Male","bmi",25.6
"Male","height",180
"Male","weight",85
"Male","bmi",26.2
"Male","height",176
"Male","weight",83.9
"Male","bmi",27.1
"Male","height",190
"Male","weight",96.6
"Male","bmi",26.8
"Male","height",179
"Male","weight",91.6
"Male","bmi",28.6
"Male","height",173
"Male","weight",76.1
"Male","bmi",25.4
"Male","height",181
"Male","weight",95.6
"Male","bmi",29.2
"Male","height",178
"Male","weight",93.6
"Male","bmi",29.5
"Male","height",166
"Male","weight",71
"Male","bmi",25.8
"Male","height",172
"Male","weight",76.9
"Male","bmi",26
"Male","height",188
"Male","weight",103.6
"Male","bmi",29.3
"Male","height",175
"Male","weight",78.1
"Male","bmi",25.5
"Male","height",176
"Male","weight",87.3
"Male","bmi",28.2
"Male","height",175
"Male","weight",79
"Male","bmi",25.8
"Male","height",172
"Male","weight",81.4
"Male","bmi",27.5
"Male","height",182
"Male","weight",87.5
"Male","bmi",26.4
"Male","height",179
"Male","weight",88.7
"Male","bmi",27.7
"Male","height",174
"Male","weight",85.2
"Male","bmi",28.1
"Male","height",182
"Male","weight",92.8
"Male","bmi",28
"Male","height",176
"Male","weight",96.2
"Male","bmi",31.1
"Male","height",189
"Male","weight",95.2
"Male","bmi",26.7
"Male","height",184
"Male","weight",89.2
"Male","bmi",26.3
"Male","height",186
"Male","weight",94.4
"Male","bmi",27.3
"Male","height",173
"Male","weight",80
"Male","bmi",26.7
"Male","height",171
"Male","weight",85.9
"Male","bmi",29.4
"Male","height",180
"Male","weight",88.1
"Male","bmi",27.2
"Male","height",171
"Male","weight",80.2
"Male","bmi",27.4
"Male","height",181
"Male","weight",95.1
"Male","bmi",29
"Male","height",167
"Male","weight",71.9
"Male","bmi",25.8
"Male","height",164
"Male","weight",77.7
"Male","bmi",28.9
"Male","height",171
"Male","weight",81.8
"Male","bmi",28
"Male","height",181
"Male","weight",95.9
"Male","bmi",29.3
"Male","height",173
"Male","weight",86.2
"Male","bmi",28.8
"Male","height",171
"Male","weight",80.9
"Male","bmi",27.7
"Male","height",167
"Male","weight",74
"Male","bmi",26.5
"Male","height",172
"Male","weight",70.4
"Male","bmi",23.8
"Male","height",158
"Male","weight",59.3
"Male","bmi",23.8
"Male","height",171
"Male","weight",84.7
"Male","bmi",29
"Male","height",177
"Male","weight",88
"Male","bmi",28.1
"Male","height",178
"Male","weight",92.9
"Male","bmi",29.3
"Male","height",175
"Male","weight",90.4
"Male","bmi",29.5
"Male","height",180
"Male","weight",87.2
"Male","bmi",26.9
"Male","height",182
"Male","weight",94.3
"Male","bmi",28.5
"Male","height",169
"Male","weight",73.4
"Male","bmi",25.7
"Male","height",175
"Male","weight",86.6
"Male","bmi",28.3
"Male","height",173
"Male","weight",77.6
"Male","bmi",25.9
"Male","height",179
"Male","weight",85.4
"Male","bmi",26.7
"Male","height",181
"Male","weight",91
"Male","bmi",27.8
"Male","height",178
"Male","weight",85.5
"Male","bmi",27
"Male","height",169
"Male","weight",75.1
"Male","bmi",26.3
"Male","height",179
"Male","weight",81.1
"Male","bmi",25.3
"Male","height",175
"Male","weight",79.3
"Male","bmi",25.9
"Male","height",177
"Male","weight",85
"Male","bmi",27.1
"Male","height",176
"Male","weight",91.4
"Male","bmi",29.5
"Male","height",182
"Male","weight",93.6
"Male","bmi",28.3
"Male","height",174
"Male","weight",91.1
"Male","bmi",30.1
"Male","height",178
"Male","weight",102.1
"Male","bmi",32.2
"Male","height",180
"Male","weight",90.4
"Male","bmi",27.9
"Male","height",170
"Male","weight",77.5
"Male","bmi",26.8
"Male","height",172
"Male","weight",79.3
"Male","bmi",26.8
"Male","height",180
"Male","weight",97.4
"Male","bmi",30.1
"Male","height",170
"Male","weight",79.5
"Male","bmi",27.5
"Male","height",174
"Male","weight",84.9
"Male","bmi",28
"Male","height",168
"Male","weight",74.2
"Male","bmi",26.3
"Male","height",167
"Male","weight",71.2
"Male","bmi",25.5
"Male","height",164
"Male","weight",72.1
"Male","bmi",26.8
"Male","height",167
"Male","weight",70.3
"Male","bmi",25.2
"Male","height",178
"Male","weight",80.6
"Male","bmi",25.4
"Male","height",176
"Male","weight",89.1
"Male","bmi",28.8
"Male","height",179
"Male","weight",88.1
"Male","bmi",27.5
"Male","height",187
"Male","weight",95.1
"Male","bmi",27.2
"Male","height",184
"Male","weight",88.4
"Male","bmi",26.1
"Male","height",187
"Male","weight",92.5
"Male","bmi",26.5
"Male","height",187
"Male","weight",96.2
"Male","bmi",27.5
"Male","height",160
"Male","weight",70.3
"Male","bmi",27.5
"Male","height",184
"Male","weight",95.1
"Male","bmi",28.1
"Male","height",181
"Male","weight",79.2
"Male","bmi",24.2
"Male","height",183
"Male","weight",93.4
"Male","bmi",27.9
"Male","height",169
"Male","weight",85.9
"Male","bmi",30.1
"Male","height",161
"Male","weight",65.7
"Male","bmi",25.3
"Male","height",180
"Male","weight",84.8
"Male","bmi",26.2
"Male","height",192
"Male","weight",105.3
"Male","bmi",28.6
"Male","height",173
"Male","weight",83.1
"Male","bmi",27.8
"Male","height",178
"Male","weight",87
"Male","bmi",27.5
"Male","height",182
"Male","weight",88.3
"Male","bmi",26.7
"Male","height",182
"Male","weight",92.7
"Male","bmi",28
"Male","height",190
"Male","weight",94.3
"Male","bmi",26.1
"Male","height",170
"Male","weight",79.1
"Male","bmi",27.4
"Male","height",173
"Male","weight",84.1
"Male","bmi",28.1
"Male","height",173
"Male","weight",76.3
"Male","bmi",25.5
"Male","height",183
"Male","weight",92.5
"Male","bmi",27.6
"Male","height",169
"Male","weight",74.5
"Male","bmi",26.1
"Male","height",165
"Male","weight",82
"Male","bmi",30.1
"Male","height",173
"Male","weight",79.2
"Male","bmi",26.5
"Male","height",179
"Male","weight",90.1
"Male","bmi",28.1
"Male","height",175
"Male","weight",75.7
"Male","bmi",24.7
"Male","height",185
"Male","weight",92.1
"Male","bmi",26.9
"Male","height",179
"Male","weight",86.4
"Male","bmi",27
"Male","height",176
"Male","weight",78.2
"Male","bmi",25.2
"Male","height",168
"Male","weight",82.1
"Male","bmi",29.1
"Male","height",155
"Male","weight",61.2
"Male","bmi",25.5
"Male","height",168
"Male","weight",76.9
"Male","bmi",27.2
"Male","height",176
"Male","weight",90
"Male","bmi",29.1
"Male","height",180
"Male","weight",87.2
"Male","bmi",26.9
"Male","height",165
"Male","weight",73.1
"Male","bmi",26.9
"Male","height",170
"Male","weight",77.1
"Male","bmi",26.7
"Male","height",181
"Male","weight",86.9
"Male","bmi",26.5
"Male","height",172
"Male","weight",78.6
"Male","bmi",26.6
"Male","height",174
"Male","weight",82.6
"Male","bmi",27.3
"Male","height",171
"Male","weight",85.7
"Male","bmi",29.3
"Male","height",173
"Male","weight",80.1
"Male","bmi",26.8
"Male","height",180
"Male","weight",98.7
"Male","bmi",30.5
"Male","height",167
"Male","weight",76.2
"Male","bmi",27.3
"Male","height",174
"Male","weight",80.5
"Male","bmi",26.6
"Male","height",184
"Male","weight",92.7
"Male","bmi",27.4
"Male","height",177
"Male","weight",98.5
"Male","bmi",31.4
"Male","height",169
"Male","weight",77.2
"Male","bmi",27
"Male","height",172
"Male","weight",78.9
"Male","bmi",26.7
"Male","height",181
"Male","weight",85.3
"Male","bmi",26
"Male","height",167
"Male","weight",78.4
"Male","bmi",28.1
"Male","height",174
"Male","weight",84.6
"Male","bmi",27.9
"Male","height",177
"Male","weight",93.1
"Male","bmi",29.7
"Male","height",183
"Male","weight",93.3
"Male","bmi",27.9
"Male","height",172
"Male","weight",82
"Male","bmi",27.7
"Male","height",177
"Male","weight",86.1
"Male","bmi",27.5
"Male","height",170
"Male","weight",79.5
"Male","bmi",27.5
"Male","height",182
"Male","weight",89.2
"Male","bmi",26.9
"Male","height",175
"Male","weight",83.3
"Male","bmi",27.2
"Male","height",174
"Male","weight",92.1
"Male","bmi",30.4
"Male","height",173
"Male","weight",86.4
"Male","bmi",28.9
"Male","height",171
"Male","weight",75.5
"Male","bmi",25.8
"Male","height",173
"Male","weight",87
"Male","bmi",29.1
"Male","height",180
"Male","weight",87.8
"Male","bmi",27.1
"Male","height",180
"Male","weight",88.4
"Male","bmi",27.3
"Male","height",180
"Male","weight",96.5
"Male","bmi",29.8
"Male","height",189
"Male","weight",113.4
"Male","bmi",31.7
"Male","height",165
"Male","weight",76.4
"Male","bmi",28.1
"Male","height",171
"Male","weight",78.9
"Male","bmi",27
"Male","height",180
"Male","weight",87.8
"Male","bmi",27.1
"Male","height",182
"Male","weight",93.9
"Male","bmi",28.3
"Male","height",180
"Male","weight",93.4
"Male","bmi",28.8
"Male","height",179
"Male","weight",90.4
"Male","bmi",28.2
"Male","height",174
"Male","weight",81
"Male","bmi",26.8
"Male","height",179
"Male","weight",86
"Male","bmi",26.8
"Male","height",182
"Male","weight",90.8
"Male","bmi",27.4
"Male","height",172
"Male","weight",75.2
"Male","bmi",25.4
"Male","height",160
"Male","weight",68.7
"Male","bmi",26.8
"Male","height",170
"Male","weight",79.4
"Male","bmi",27.5
"Male","height",168
"Male","weight",79.2
"Male","bmi",28.1
"Male","height",165
"Male","weight",75.4
"Male","bmi",27.7
"Male","height",174
"Male","weight",88
"Male","bmi",29.1
"Male","height",178
"Male","weight",86.1
"Male","bmi",27.2
"Male","height",164
"Male","weight",67.5
"Male","bmi",25.1
"Male","height",184
"Male","weight",101.3
"Male","bmi",29.9
"Male","height",178
"Male","weight",86.7
"Male","bmi",27.4
"Male","height",176
"Male","weight",78.2
"Male","bmi",25.2
"Male","height",177
"Male","weight",86.9
"Male","bmi",27.7
"Male","height",177
"Male","weight",87.1
"Male","bmi",27.8
"Male","height",176
"Male","weight",80.6
"Male","bmi",26
"Male","height",164
"Male","weight",73.8
"Male","bmi",27.4
"Male","height",171
"Male","weight",80.7
"Male","bmi",27.6
"Male","height",187
"Male","weight",97.4
"Male","bmi",27.9
"Male","height",180
"Male","weight",92.7
"Male","bmi",28.6
"Male","height",190
"Male","weight",102.3
"Male","bmi",28.3
"Male","height",173
"Male","weight",86.3
"Male","bmi",28.8
"Male","height",177
"Male","weight",94.3
"Male","bmi",30.1
"Male","height",171
"Male","weight",80.4
"Male","bmi",27.5
"Male","height",172
"Male","weight",87.4
"Male","bmi",29.5
"Male","height",180
"Male","weight",99
"Male","bmi",30.6
"Male","height",181
"Male","weight",87.1
"Male","bmi",26.6
"Male","height",189
"Male","weight",99.7
"Male","bmi",27.9
"Male","height",177
"Male","weight",83.3
"Male","bmi",26.6
"Male","height",179
"Male","weight",83.3
"Male","bmi",26
"Male","height",173
"Male","weight",83.3
"Male","bmi",27.8
"Male","height",183
"Male","weight",97.9
"Male","bmi",29.2
"Male","height",173
"Male","weight",80.5
"Male","bmi",26.9
"Male","height",174
"Male","weight",79.8
"Male","bmi",26.4
"Male","height",175
"Male","weight",90.9
"Male","bmi",29.7
"Male","height",173
"Male","weight",82.5
"Male","bmi",27.6
"Male","height",187
"Male","weight",97.8
"Male","bmi",28
"Male","height",171
"Male","weight",77.6
"Male","bmi",26.5
"Male","height",188
"Male","weight",97.1
"Male","bmi",27.5
"Male","height",169
"Male","weight",77.1
"Male","bmi",27
"Male","height",183
"Male","weight",90.1
"Male","bmi",26.9
"Male","height",181
"Male","weight",93.3
"Male","bmi",28.5
"Male","height",179
"Male","weight",89.8
"Male","bmi",28
"Male","height",167
"Male","weight",74.8
"Male","bmi",26.8
"Male","height",182
"Male","weight",91.7
"Male","bmi",27.7
"Male","height",180
"Male","weight",91.6
"Male","bmi",28.3
"Male","height",177
"Male","weight",85.6
"Male","bmi",27.3
"Male","height",179
"Male","weight",90.1
"Male","bmi",28.1
"Male","height",180
"Male","weight",78.9
"Male","bmi",24.4
"Male","height",169
"Male","weight",83.2
"Male","bmi",29.1
"Male","height",168
"Male","weight",83.4
"Male","bmi",29.5
"Male","height",174
"Male","weight",77.5
"Male","bmi",25.6
"Male","height",174
"Male","weight",83.8
"Male","bmi",27.7
"Male","height",173
"Male","weight",76.8
"Male","bmi",25.7
"Male","height",169
"Male","weight",89.7
"Male","bmi",31.4
"Male","height",163
"Male","weight",67.8
"Male","bmi",25.5
"Male","height",175
"Male","weight",79.1
"Male","bmi",25.8
"Male","height",184
"Male","weight",90.8
"Male","bmi",26.8
"Male","height",180
"Male","weight",88.1
"Male","bmi",27.2
"Male","height",184
"Male","weight",93.8
"Male","bmi",27.7
"Male","height",179
"Male","weight",89.6
"Male","bmi",28
"Male","height",184
"Male","weight",98.3
"Male","bmi",29
"Male","height",183
"Male","weight",99.9
"Male","bmi",29.8
"Male","height",178
"Male","weight",79.8
"Male","bmi",25.2
"Male","height",176
"Male","weight",86
"Male","bmi",27.8
"Male","height",163
"Male","weight",69.9
"Male","bmi",26.3
"Male","height",177
"Male","weight",85.5
"Male","bmi",27.3
"Male","height",164
"Male","weight",78.2
"Male","bmi",29.1
"Male","height",181
"Male","weight",95.4
"Male","bmi",29.1
"Male","height",175
"Male","weight",79.5
"Male","bmi",26
"Male","height",171
"Male","weight",71.6
"Male","bmi",24.5
"Male","height",176
"Male","weight",91.8
"Male","bmi",29.6
"Male","height",169
"Male","weight",79.9
"Male","bmi",28
"Male","height",173
"Male","weight",80.9
"Male","bmi",27
"Male","height",173
"Male","weight",79
"Male","bmi",26.4
"Male","height",168
"Male","weight",75.6
"Male","bmi",26.8
"Male","height",180
"Male","weight",89
"Male","bmi",27.5
"Male","height",173
"Male","weight",87.5
"Male","bmi",29.2
"Male","height",180
"Male","weight",90.7
"Male","bmi",28
"Male","height",183
"Male","weight",98
"Male","bmi",29.3
"Male","height",181
"Male","weight",95.2
"Male","bmi",29.1
"Male","height",165
"Male","weight",74.5
"Male","bmi",27.4
"Male","height",169
"Male","weight",78.6
"Male","bmi",27.5
"Male","height",183
"Male","weight",92
"Male","bmi",27.5
"Male","height",174
"Male","weight",81.6
"Male","bmi",27
"Male","height",178
"Male","weight",82.4
"Male","bmi",26
"Male","height",186
"Male","weight",91.3
"Male","bmi",26.4
"Male","height",174
"Male","weight",78.3
"Male","bmi",25.9
"Male","height",177
"Male","weight",83.6
"Male","bmi",26.7
"Male","height",166
"Male","weight",76
"Male","bmi",27.6
"Male","height",175
"Male","weight",79.8
"Male","bmi",26.1
"Male","height",168
"Male","weight",71.8
"Male","bmi",25.4
"Male","height",184
"Male","weight",90.5
"Male","bmi",26.7
"Male","height",173
"Male","weight",79.1
"Male","bmi",26.4
"Male","height",182
"Male","weight",96
"Male","bmi",29
"Male","height",180
"Male","weight",89.3
"Male","bmi",27.6
"Male","height",185
"Male","weight",100.2
"Male","bmi",29.3
"Male","height",181
"Male","weight",94.2
"Male","bmi",28.8
"Male","height",178
"Male","weight",100
"Male","bmi",31.6
"Male","height",182
"Male","weight",95.3
"Male","bmi",28.8
"Male","height",193
"Male","weight",102.7
"Male","bmi",27.6
"Male","height",181
"Male","weight",90.4
"Male","bmi",27.6
"Male","height",170
"Male","weight",72.8
"Male","bmi",25.2
"Male","height",181
"Male","weight",92.1
"Male","bmi",28.1
"Male","height",179
"Male","weight",88.7
"Male","bmi",27.7
"Male","height",174
"Male","weight",83.3
"Male","bmi",27.5
"Male","height",162
"Male","weight",67.1
"Male","bmi",25.6
"Male","height",175
"Male","weight",83.8
"Male","bmi",27.4
"Male","height",170
"Male","weight",84.9
"Male","bmi",29.4
"Male","height",168
"Male","weight",74.3
"Male","bmi",26.3
"Male","height",178
"Male","weight",91.1
"Male","bmi",28.8
"Male","height",167
"Male","weight",77.2
"Male","bmi",27.7
"Male","height",171
"Male","weight",84.5
"Male","bmi",28.9
"Male","height",181
"Male","weight",92.1
"Male","bmi",28.1
"Male","height",176
"Male","weight",92.1
"Male","bmi",29.7
"Male","height",175
"Male","weight",89
"Male","bmi",29.1
"Male","height",177
"Male","weight",81.9
"Male","bmi",26.1
"Male","height",176
"Male","weight",85.6
"Male","bmi",27.6
"Male","height",174
"Male","weight",85.2
"Male","bmi",28.1
"Male","height",165
"Male","weight",72.1
"Male","bmi",26.5
"Male","height",170
"Male","weight",77.6
"Male","bmi",26.9
"Male","height",175
"Male","weight",84.3
"Male","bmi",27.5
"Male","height",163
"Male","weight",71.6
"Male","bmi",26.9
"Male","height",170
"Male","weight",68.6
"Male","bmi",23.7
"Male","height",177
"Male","weight",88.6
"Male","bmi",28.3
"Male","height",181
"Male","weight",85.6
"Male","bmi",26.1
"Male","height",186
"Male","weight",99.2
"Male","bmi",28.7
"Male","height",189
"Male","weight",93.4
"Male","bmi",26.1
"Male","height",178
"Male","weight",86.1
"Male","bmi",27.2
"Male","height",182
"Male","weight",96.3
"Male","bmi",29.1
"Male","height",175
"Male","weight",77.9
"Male","bmi",25.4
"Male","height",172
"Male","weight",81.3
"Male","bmi",27.5
"Male","height",182
"Male","weight",96.2
"Male","bmi",29
"Male","height",175
"Male","weight",89.7
"Male","bmi",29.3
"Male","height",169
"Male","weight",79.3
"Male","bmi",27.8
"Male","height",186
"Male","weight",88.7
"Male","bmi",25.6
"Male","height",187
"Male","weight",93.5
"Male","bmi",26.7
"Male","height",182
"Male","weight",90.3
"Male","bmi",27.3
"Male","height",194
"Male","weight",111.7
"Male","bmi",29.7
"Male","height",180
"Male","weight",96.7
"Male","bmi",29.8
"Male","height",184
"Male","weight",104.4
"Male","bmi",30.8
"Male","height",183
"Male","weight",96.5
"Male","bmi",28.8
"Male","height",173
"Male","weight",87.3
"Male","bmi",29.2
"Male","height",172
"Male","weight",78.1
"Male","bmi",26.4
"Male","height",157
"Male","weight",61.5
"Male","bmi",25
"Male","height",174
"Male","weight",88.5
"Male","bmi",29.2
"Male","height",182
"Male","weight",97.5
"Male","bmi",29.4
"Male","height",182
"Male","weight",93.9
"Male","bmi",28.3
"Male","height",182
"Male","weight",89.9
"Male","bmi",27.1
"Male","height",183
"Male","weight",94.3
"Male","bmi",28.2
"Male","height",179
"Male","weight",83.1
"Male","bmi",25.9
"Male","height",173
"Male","weight",84.2
"Male","bmi",28.1
"Male","height",170
"Male","weight",74.9
"Male","bmi",25.9
"Male","height",171
"Male","weight",72.6
"Male","bmi",24.8
"Male","height",177
"Male","weight",85.3
"Male","bmi",27.2
"Male","height",171
"Male","weight",79.1
"Male","bmi",27.1
"Male","height",167
"Male","weight",76.3
"Male","bmi",27.4
"Male","height",157
"Male","weight",61.6
"Male","bmi",25
"Male","height",187
"Male","weight",99.8
"Male","bmi",28.5
"Male","height",163
"Male","weight",77
"Male","bmi",29
"Male","height",176
"Male","weight",87.7
"Male","bmi",28.3
"Male","height",179
"Male","weight",88.6
"Male","bmi",27.7
"Male","height",160
"Male","weight",71.4
"Male","bmi",27.9
"Male","height",172
"Male","weight",77.2
"Male","bmi",26.1
"Male","height",197
"Male","weight",105.5
"Male","bmi",27.2
"Male","height",177
"Male","weight",80.6
"Male","bmi",25.7
"Male","height",181
"Male","weight",84
"Male","bmi",25.6
"Male","height",173
"Male","weight",83.9
"Male","bmi",28
"Male","height",175
"Male","weight",83.5
"Male","bmi",27.3
"Male","height",190
"Male","weight",102.2
"Male","bmi",28.3
"Male","height",167
"Male","weight",67.2
"Male","bmi",24.1
"Male","height",171
"Male","weight",73.9
"Male","bmi",25.3
"Male","height",167
"Male","weight",79.6
"Male","bmi",28.5
"Male","height",172
"Male","weight",78
"Male","bmi",26.4
"Male","height",177
"Male","weight",82.5
"Male","bmi",26.3
"Male","height",181
"Male","weight",87.5
"Male","bmi",26.7
"Male","height",181
"Male","weight",88.9
"Male","bmi",27.1
"Male","height",166
"Male","weight",74.4
"Male","bmi",27
"Male","height",182
"Male","weight",92.4
"Male","bmi",27.9
"Male","height",170
"Male","weight",81
"Male","bmi",28
"Male","height",162
"Male","weight",63.7
"Male","bmi",24.3
"Male","height",181
"Male","weight",88
"Male","bmi",26.9
"Male","height",173
"Male","weight",82.7
"Male","bmi",27.6
"Male","height",175
"Male","weight",81.2
"Male","bmi",26.5
"Male","height",152
"Male","weight",51.2
"Male","bmi",22.2
"Male","height",174
"Male","weight",85.6
"Male","bmi",28.3
"Male","height",173
"Male","weight",77.7
"Male","bmi",26
"Male","height",191
"Male","weight",100.4
"Male","bmi",27.5
"Male","height",174
"Male","weight",90.4
"Male","bmi",29.9
"Male","height",165
"Male","weight",72.2
"Male","bmi",26.5
"Male","height",180
"Male","weight",94.9
"Male","bmi",29.3
"Male","height",189
"Male","weight",103.6
"Male","bmi",29
"Male","height",158
"Male","weight",70
"Male","bmi",28
"Male","height",170
"Male","weight",74.6
"Male","bmi",25.8
"Male","height",178
"Male","weight",88.8
"Male","bmi",28
"Male","height",181
"Male","weight",83.3
"Male","bmi",25.4
"Male","height",193
"Male","weight",109.2
"Male","bmi",29.3
"Male","height",181
"Male","weight",93.1
"Male","bmi",28.4
"Male","height",176
"Male","weight",89.5
"Male","bmi",28.9
"Male","height",173
"Male","weight",80.3
"Male","bmi",26.8
"Male","height",176
"Male","weight",78.2
"Male","bmi",25.2
"Male","height",187
"Male","weight",99.2
"Male","bmi",28.4
"Male","height",168
"Male","weight",75.8
"Male","bmi",26.9
"Male","height",183
"Male","weight",95.9
"Male","bmi",28.6
"Male","height",171
"Male","weight",78
"Male","bmi",26.7
"Male","height",175
"Male","weight",82.7
"Male","bmi",27
"Male","height",180
"Male","weight",88.3
"Male","bmi",27.3
"Male","height",178
"Male","weight",87.2
"Male","bmi",27.5
"Male","height",172
"Male","weight",77.9
"Male","bmi",26.3
"Male","height",176
"Male","weight",86.6
"Male","bmi",28
"Male","height",176
"Male","weight",93.3
"Male","bmi",30.1
"Male","height",173
"Male","weight",80.6
"Male","bmi",26.9
"Male","height",169
"Male","weight",69.5
"Male","bmi",24.3
"Male","height",172
"Male","weight",79.3
"Male","bmi",26.8
"Male","height",172
"Male","weight",90
"Male","bmi",30.4
"Male","height",170
"Male","weight",85.9
"Male","bmi",29.7
"Male","height",180
"Male","weight",90.6
"Male","bmi",28
"Male","height",184
"Male","weight",92.2
"Male","bmi",27.2
"Male","height",172
"Male","weight",81.8
"Male","bmi",27.7
"Male","height",177
"Male","weight",89.4
"Male","bmi",28.5
"Male","height",173
"Male","weight",85.4
"Male","bmi",28.5
"Male","height",160
"Male","weight",72.9
"Male","bmi",28.5
"Male","height",179
"Male","weight",84.9
"Male","bmi",26.5
"Male","height",189
"Male","weight",103.9
"Male","bmi",29.1
"Male","height",169
"Male","weight",75.8
"Male","bmi",26.5
"Male","height",179
"Male","weight",82.9
"Male","bmi",25.9
"Male","height",172
"Male","weight",82.8
"Male","bmi",28
"Male","height",174
"Male","weight",83.1
"Male","bmi",27.4
"Male","height",192
"Male","weight",103.4
"Male","bmi",28
"Male","height",166
"Male","weight",74.6
"Male","bmi",27.1
"Male","height",181
"Male","weight",97.5
"Male","bmi",29.8
"Male","height",183
"Male","weight",92.5
"Male","bmi",27.6
"Male","height",171
"Male","weight",75.5
"Male","bmi",25.8
"Male","height",162
"Male","weight",69.2
"Male","bmi",26.4
"Male","height",183
"Male","weight",95.3
"Male","bmi",28.5
"Male","height",166
"Male","weight",78.6
"Male","bmi",28.5
"Male","height",163
"Male","weight",68.6
"Male","bmi",25.8
"Male","height",169
"Male","weight",82.9
"Male","bmi",29
"Male","height",184
"Male","weight",98.2
"Male","bmi",29
"Male","height",170
"Male","weight",89.7
"Male","bmi",31
"Male","height",177
"Male","weight",87.3
"Male","bmi",27.9
"Male","height",165
"Male","weight",79.3
"Male","bmi",29.1
"Male","height",176
"Male","weight",85.8
"Male","bmi",27.7
"Male","height",171
"Male","weight",85.3
"Male","bmi",29.2
"Male","height",178
"Male","weight",87.5
"Male","bmi",27.6
"Male","height",171
"Male","weight",84.8
"Male","bmi",29
"Male","height",176
"Male","weight",88.7
"Male","bmi",28.6
"Male","height",180
"Male","weight",83.9
"Male","bmi",25.9
"Male","height",165
"Male","weight",68.3
"Male","bmi",25.1
"Male","height",174
"Male","weight",85.5
"Male","bmi",28.2
"Male","height",169
"Male","weight",87.8
"Male","bmi",30.7
"Male","height",181
"Male","weight",91.9
"Male","bmi",28.1
"Male","height",179
"Male","weight",84.6
"Male","bmi",26.4
"Male","height",172
"Male","weight",85.5
"Male","bmi",28.9
"Male","height",175
"Male","weight",89.6
"Male","bmi",29.3
"Male","height",185
"Male","weight",99.7
"Male","bmi",29.1
"Male","height",201
"Male","weight",122.5
"Male","bmi",30.3
"Male","height",171
"Male","weight",80
"Male","bmi",27.4
"Male","height",170
"Male","weight",75.4
"Male","bmi",26.1
"Male","height",170
"Male","weight",72.6
"Male","bmi",25.1
"Male","height",188
"Male","weight",103.4
"Male","bmi",29.3
"Male","height",166
"Male","weight",70.2
"Male","bmi",25.5
"Male","height",172
"Male","weight",75.8
"Male","bmi",25.6
"Male","height",172
"Male","weight",77.2
"Male","bmi",26.1
"Male","height",176
"Male","weight",80.6
"Male","bmi",26
"Male","height",176
"Male","weight",80.9
"Male","bmi",26.1
"Male","height",165
"Male","weight",68.5
"Male","bmi",25.2
"Male","height",173
"Male","weight",79.6
"Male","bmi",26.6
"Male","height",184
"Male","weight",88.5
"Male","bmi",26.1
"Male","height",178
"Male","weight",92.1
"Male","bmi",29.1
"Male","height",173
"Male","weight",69.2
"Male","bmi",23.1
"Male","height",170
"Male","weight",85.5
"Male","bmi",29.6
"Male","height",186
"Male","weight",96.8
"Male","bmi",28
"Male","height",179
"Male","weight",88.4
"Male","bmi",27.6
"Male","height",176
"Male","weight",80.6
"Male","bmi",26
"Male","height",188
"Male","weight",98.7
"Male","bmi",27.9
"Male","height",176
"Male","weight",90.2
"Male","bmi",29.1
"Male","height",176
"Male","weight",83.1
"Male","bmi",26.8
"Male","height",182
"Male","weight",99
"Male","bmi",29.9
"Male","height",184
"Male","weight",94.1
"Male","bmi",27.8
"Male","height",172
"Male","weight",79
"Male","bmi",26.7
"Male","height",172
"Male","weight",82.6
"Male","bmi",27.9
"Male","height",180
"Male","weight",97.3
"Male","bmi",30
"Male","height",174
"Male","weight",76.9
"Male","bmi",25.4
"Male","height",175
"Male","weight",86.9
"Male","bmi",28.4
"Male","height",181
"Male","weight",91.1
"Male","bmi",27.8
"Male","height",171
"Male","weight",79.3
"Male","bmi",27.1
"Male","height",170
"Male","weight",76.8
"Male","bmi",26.6
"Male","height",168
"Male","weight",77.8
"Male","bmi",27.6
"Male","height",170
"Male","weight",76.4
"Male","bmi",26.4
"Male","height",174
"Male","weight",81.2
"Male","bmi",26.8
"Male","height",163
"Male","weight",71.8
"Male","bmi",27
"Male","height",169
"Male","weight",76.9
"Male","bmi",26.9
"Male","height",167
"Male","weight",76.1
"Male","bmi",27.3
"Male","height",176
"Male","weight",85.7
"Male","bmi",27.7
"Male","height",187
"Male","weight",96.6
"Male","bmi",27.6
"Male","height",166
"Male","weight",66.8
"Male","bmi",24.2
"Male","height",179
"Male","weight",97.2
"Male","bmi",30.3
"Male","height",177
"Male","weight",88.9
"Male","bmi",28.4
"Male","height",180
"Male","weight",90.5
"Male","bmi",27.9
"Male","height",173
"Male","weight",83.3
"Male","bmi",27.8
"Male","height",183
"Male","weight",96.1
"Male","bmi",28.7
"Male","height",181
"Male","weight",79.6
"Male","bmi",24.3
"Male","height",170
"Male","weight",82.3
"Male","bmi",28.5
"Male","height",173
"Male","weight",77
"Male","bmi",25.7
"Male","height",173
"Male","weight",88.4
"Male","bmi",29.5
"Male","height",170
"Male","weight",84.8
"Male","bmi",29.3
"Male","height",179
"Male","weight",93.8
"Male","bmi",29.3
"Male","height",187
"Male","weight",99.5
"Male","bmi",28.5
"Male","height",167
"Male","weight",70.3
"Male","bmi",25.2
"Male","height",179
"Male","weight",81.9
"Male","bmi",25.6
"Male","height",173
"Male","weight",85
"Male","bmi",28.4
"Male","height",197
"Male","weight",114.6
"Male","bmi",29.5
"Male","height",184
"Male","weight",95
"Male","bmi",28.1
"Male","height",166
"Male","weight",80.9
"Male","bmi",29.4
"Male","height",167
"Male","weight",76.3
"Male","bmi",27.4
"Male","height",192
"Male","weight",109.4
"Male","bmi",29.7
"Male","height",177
"Male","weight",88.5
"Male","bmi",28.2
"Male","height",177
"Male","weight",93.1
"Male","bmi",29.7
"Male","height",175
"Male","weight",80.6
"Male","bmi",26.3
"Male","height",175
"Male","weight",94.6
"Male","bmi",30.9
"Male","height",174
"Male","weight",83.6
"Male","bmi",27.6
"Male","height",179
"Male","weight",84
"Male","bmi",26.2
"Male","height",172
"Male","weight",76.8
"Male","bmi",26
"Male","height",182
"Male","weight",88.1
"Male","bmi",26.6
"Male","height",172
"Male","weight",75.4
"Male","bmi",25.5
"Male","height",179
"Male","weight",85.8
"Male","bmi",26.8
"Male","height",180
"Male","weight",89.8
"Male","bmi",27.7
"Male","height",176
"Male","weight",86.5
"Male","bmi",27.9
"Male","height",188
"Male","weight",95.8
"Male","bmi",27.1
"Male","height",176
"Male","weight",87.4
"Male","bmi",28.2
"Male","height",184
"Male","weight",93
"Male","bmi",27.5
"Male","height",176
"Male","weight",81.8
"Male","bmi",26.4
"Male","height",163
"Male","weight",73.2
"Male","bmi",27.6
"Male","height",159
"Male","weight",73.7
"Male","bmi",29.2
"Male","height",168
"Male","weight",71.1
"Male","bmi",25.2
"Male","height",163
"Male","weight",61.3
"Male","bmi",23.1
"Male","height",183
"Male","weight",95.5
"Male","bmi",28.5
"Male","height",178
"Male","weight",92
"Male","bmi",29
"Male","height",167
"Male","weight",76.4
"Male","bmi",27.4
"Male","height",191
"Male","weight",103.2
"Male","bmi",28.3
"Male","height",187
"Male","weight",101.2
"Male","bmi",28.9
"Male","height",169
"Male","weight",79.3
"Male","bmi",27.8
"Male","height",171
"Male","weight",87.7
"Male","bmi",30
"Male","height",173
"Male","weight",85.3
"Male","bmi",28.5
"Male","height",163
"Male","weight",69.3
"Male","bmi",26.1
"Male","height",178
"Male","weight",85.8
"Male","bmi",27.1
"Male","height",177
"Male","weight",78.9
"Male","bmi",25.2
"Male","height",182
"Male","weight",92.8
"Male","bmi",28
"Male","height",173
"Male","weight",82.6
"Male","bmi",27.6
"Male","height",189
"Male","weight",95.6
"Male","bmi",26.8
"Male","height",184
"Male","weight",94.4
"Male","bmi",27.9
"Male","height",185
"Male","weight",91.5
"Male","bmi",26.7
"Male","height",183
"Male","weight",94.7
"Male","bmi",28.3
"Male","height",176
"Male","weight",86.2
"Male","bmi",27.8
"Male","height",171
"Male","weight",80.5
"Male","bmi",27.5
"Male","height",171
"Male","weight",81.2
"Male","bmi",27.8
"Male","height",178
"Male","weight",75.9
"Male","bmi",24
"Male","height",163
"Male","weight",79.7
"Male","bmi",30
"Male","height",177
"Male","weight",88.8
"Male","bmi",28.3
"Male","height",163
"Male","weight",70.3
"Male","bmi",26.5
"Male","height",169
"Male","weight",84.1
"Male","bmi",29.4
"Male","height",184
"Male","weight",91.5
"Male","bmi",27
"Male","height",177
"Male","weight",96
"Male","bmi",30.6
"Male","height",172
"Male","weight",75.4
"Male","bmi",25.5
"Male","height",174
"Male","weight",85.7
"Male","bmi",28.3
"Male","height",183
"Male","weight",90.9
"Male","bmi",27.1
"Male","height",178
"Male","weight",87.5
"Male","bmi",27.6
"Male","height",181
"Male","weight",93.2
"Male","bmi",28.4
"Male","height",181
"Male","weight",91.6
"Male","bmi",28
"Male","height",176
"Male","weight",89
"Male","bmi",28.7
"Male","height",178
"Male","weight",87.4
"Male","bmi",27.6
"Male","height",171
"Male","weight",79.4
"Male","bmi",27.2
"Male","height",180
"Male","weight",91.2
"Male","bmi",28.1
"Male","height",169
"Male","weight",75.5
"Male","bmi",26.4
"Male","height",171
"Male","weight",80.4
"Male","bmi",27.5
"Male","height",173
"Male","weight",78.1
"Male","bmi",26.1
"Male","height",173
"Male","weight",81.1
"Male","bmi",27.1
"Male","height",172
"Male","weight",83.3
"Male","bmi",28.2
"Male","height",169
"Male","weight",76.6
"Male","bmi",26.8
"Male","height",194
"Male","weight",104.3
"Male","bmi",27.7
"Male","height",175
"Male","weight",85.1
"Male","bmi",27.8
"Male","height",184
"Male","weight",89.2
"Male","bmi",26.3
"Male","height",173
"Male","weight",92.2
"Male","bmi",30.8
"Male","height",169
"Male","weight",82.5
"Male","bmi",28.9
"Male","height",180
"Male","weight",84.3
"Male","bmi",26
"Male","height",182
"Male","weight",86.4
"Male","bmi",26.1
"Male","height",182
"Male","weight",94.3
"Male","bmi",28.5
"Male","height",171
"Male","weight",82.2
"Male","bmi",28.1
"Male","height",177
"Male","weight",91
"Male","bmi",29
"Male","height",180
"Male","weight",85.6
"Male","bmi",26.4
"Male","height",172
"Male","weight",67.8
"Male","bmi",22.9
"Male","height",181
"Male","weight",93.2
"Male","bmi",28.4
"Male","height",177
"Male","weight",97.3
"Male","bmi",31.1
"Male","height",186
"Male","weight",98.3
"Male","bmi",28.4
"Male","height",187
"Male","weight",101.3
"Male","bmi",29
"Male","height",176
"Male","weight",84.9
"Male","bmi",27.4
"Male","height",182
"Male","weight",100.6
"Male","bmi",30.4
"Male","height",172
"Male","weight",76.6
"Male","bmi",25.9
"Male","height",172
"Male","weight",81.3
"Male","bmi",27.5
"Male","height",174
"Male","weight",82.6
"Male","bmi",27.3
"Male","height",181
"Male","weight",94.5
"Male","bmi",28.8
"Male","height",173
"Male","weight",94.2
"Male","bmi",31.5
"Male","height",171
"Male","weight",78.6
"Male","bmi",26.9
"Male","height",178
"Male","weight",96.2
"Male","bmi",30.4
"Male","height",174
"Male","weight",85.2
"Male","bmi",28.1
"Male","height",169
"Male","weight",72
"Male","bmi",25.2
"Male","height",174
"Male","weight",84.3
"Male","bmi",27.8
"Male","height",188
"Male","weight",91
"Male","bmi",25.7
"Male","height",186
"Male","weight",101.1
"Male","bmi",29.2
"Male","height",184
"Male","weight",94.6
"Male","bmi",27.9
"Male","height",172
"Male","weight",87.8
"Male","bmi",29.7
"Male","height",178
"Male","weight",92.6
"Male","bmi",29.2
"Male","height",166
"Male","weight",74
"Male","bmi",26.9
"Male","height",173
"Male","weight",89.4
"Male","bmi",29.9
"Male","height",176
"Male","weight",93.8
"Male","bmi",30.3
"Male","height",178
"Male","weight",89.7
"Male","bmi",28.3
"Male","height",175
"Male","weight",79.1
"Male","bmi",25.8
"Male","height",176
"Male","weight",79.8
"Male","bmi",25.8
"Male","height",170
"Male","weight",80.1
"Male","bmi",27.7
"Male","height",176
"Male","weight",88.4
"Male","bmi",28.5
"Male","height",181
"Male","weight",95.1
"Male","bmi",29
"Male","height",179
"Male","weight",85.2
"Male","bmi",26.6
"Male","height",183
"Male","weight",99.5
"Male","bmi",29.7
"Male","height",176
"Male","weight",79.9
"Male","bmi",25.8
"Male","height",169
"Male","weight",74.4
"Male","bmi",26
"Male","height",173
"Male","weight",80.3
"Male","bmi",26.8
"Male","height",161
"Male","weight",70.8
"Male","bmi",27.3
"Male","height",171
"Male","weight",80.3
"Male","bmi",27.5
"Male","height",179
"Male","weight",86.8
"Male","bmi",27.1
"Male","height",174
"Male","weight",83.6
"Male","bmi",27.6
"Male","height",171
"Male","weight",77.1
"Male","bmi",26.4
"Male","height",177
"Male","weight",79
"Male","bmi",25.2
"Male","height",152
"Male","weight",64.2
"Male","bmi",27.8
"Male","height",173
"Male","weight",72.6
"Male","bmi",24.3
"Male","height",172
"Male","weight",87.9
"Male","bmi",29.7
"Male","height",177
"Male","weight",98.3
"Male","bmi",31.4
"Male","height",171
"Male","weight",86
"Male","bmi",29.4
"Male","height",171
"Male","weight",82.4
"Male","bmi",28.2
"Male","height",181
"Male","weight",93.4
"Male","bmi",28.5
"Male","height",174
"Male","weight",84.7
"Male","bmi",28
"Male","height",161
"Male","weight",69
"Male","bmi",26.6
"Male","height",183
"Male","weight",90
"Male","bmi",26.9
"Male","height",178
"Male","weight",84.3
"Male","bmi",26.6
"Male","height",164
"Male","weight",75.6
"Male","bmi",28.1
"Male","height",182
"Male","weight",87.4
"Male","bmi",26.4
"Male","height",177
"Male","weight",91.2
"Male","bmi",29.1
"Male","height",178
"Male","weight",85.6
"Male","bmi",27
"Male","height",184
"Male","weight",85.1
"Male","bmi",25.1
"Male","height",182
"Male","weight",92.7
"Male","bmi",28
"Male","height",170
"Male","weight",86.4
"Male","bmi",29.9
"Male","height",173
"Male","weight",89.3
"Male","bmi",29.8
"Male","height",170
"Male","weight",79.6
"Male","bmi",27.5
"Male","height",167
"Male","weight",80.8
"Male","bmi",29
"Male","height",176
"Male","weight",81.2
"Male","bmi",26.2
"Male","height",181
"Male","weight",92.2
"Male","bmi",28.1
"Male","height",173
"Male","weight",79.1
"Male","bmi",26.4
"Male","height",176
"Male","weight",93.8
"Male","bmi",30.3
"Male","height",173
"Male","weight",82.2
"Male","bmi",27.5
"Male","height",161
"Male","weight",75.2
"Male","bmi",29
"Male","height",171
"Male","weight",79.9
"Male","bmi",27.3
"Male","height",167
"Male","weight",72.8
"Male","bmi",26.1
"Male","height",183
"Male","weight",92.2
"Male","bmi",27.5
"Male","height",165
"Male","weight",75.1
"Male","bmi",27.6
"Male","height",182
"Male","weight",92.4
"Male","bmi",27.9
"Male","height",167
"Male","weight",78.5
"Male","bmi",28.1
"Male","height",185
"Male","weight",98
"Male","bmi",28.6
"Male","height",178
"Male","weight",84.3
"Male","bmi",26.6
"Male","height",167
"Male","weight",73.7
"Male","bmi",26.4
"Male","height",171
"Male","weight",81.1
"Male","bmi",27.7
"Male","height",165
"Male","weight",75.6
"Male","bmi",27.8
"Male","height",177
"Male","weight",78.9
"Male","bmi",25.2
"Male","height",172
"Male","weight",82.6
"Male","bmi",27.9
"Male","height",183
"Male","weight",96.6
"Male","bmi",28.8
"Male","height",169
"Male","weight",79.3
"Male","bmi",27.8
"Male","height",173
"Male","weight",84.6
"Male","bmi",28.3
"Male","height",165
"Male","weight",75
"Male","bmi",27.5
"Male","height",186
"Male","weight",93.8
"Male","bmi",27.1
"Male","height",169
"Male","weight",78.4
"Male","bmi",27.5
"Male","height",170
"Male","weight",83
"Male","bmi",28.7
"Male","height",177
"Male","weight",83.6
"Male","bmi",26.7
"Male","height",176
"Male","weight",83.2
"Male","bmi",26.9
"Male","height",166
"Male","weight",79.2
"Male","bmi",28.7
"Male","height",164
"Male","weight",68.3
"Male","bmi",25.4
"Male","height",175
"Male","weight",83.4
"Male","bmi",27.2
"Male","height",160
"Male","weight",69.9
"Male","bmi",27.3
"Male","height",173
"Male","weight",84.5
"Male","bmi",28.2
"Male","height",172
"Male","weight",81.7
"Male","bmi",27.6
"Male","height",166
"Male","weight",70.9
"Male","bmi",25.7
"Male","height",177
"Male","weight",77
"Male","bmi",24.6
"Male","height",190
"Male","weight",107.2
"Male","bmi",29.7
"Male","height",172
"Male","weight",77
"Male","bmi",26
"Male","height",179
"Male","weight",85.6
"Male","bmi",26.7
"Male","height",164
"Male","weight",72.3
"Male","bmi",26.9
"Male","height",189
"Male","weight",96.5
"Male","bmi",27
"Male","height",165
"Male","weight",75.2
"Male","bmi",27.6
"Male","height",181
"Male","weight",85.8
"Male","bmi",26.2
"Male","height",182
"Male","weight",83.9
"Male","bmi",25.3
"Male","height",170
"Male","weight",86.4
"Male","bmi",29.9
"Male","height",176
"Male","weight",82.5
"Male","bmi",26.6
"Male","height",174
"Male","weight",82.2
"Male","bmi",27.2
"Male","height",184
"Male","weight",100.3
"Male","bmi",29.6
"Male","height",173
"Male","weight",84.7
"Male","bmi",28.3
"Male","height",181
"Male","weight",86.8
"Male","bmi",26.5
"Male","height",174
"Male","weight",83.3
"Male","bmi",27.5
"Male","height",179
"Male","weight",96.6
"Male","bmi",30.1
"Male","height",175
"Male","weight",83.3
"Male","bmi",27.2
"Male","height",173
"Male","weight",84.5
"Male","bmi",28.2
"Male","height",181
"Male","weight",90.9
"Male","bmi",27.7
"Male","height",179
"Male","weight",90.3
"Male","bmi",28.2
"Male","height",158
"Male","weight",66.1
"Male","bmi",26.5
"Male","height",176
"Male","weight",81.1
"Male","bmi",26.2
"Male","height",163
"Male","weight",71.7
"Male","bmi",27
"Male","height",177
"Male","weight",87.4
"Male","bmi",27.9
"Male","height",187
"Male","weight",97.9
"Male","bmi",28
"Male","height",186
"Male","weight",94.9
"Male","bmi",27.4
"Male","height",168
"Male","weight",79
"Male","bmi",28
"Male","height",183
"Male","weight",90
"Male","bmi",26.9
"Male","height",174
"Male","weight",85
"Male","bmi",28.1
"Male","height",169
"Male","weight",75.6
"Male","bmi",26.5
"Male","height",179
"Male","weight",87.4
"Male","bmi",27.3
"Male","height",179
"Male","weight",86.6
"Male","bmi",27
"Male","height",187
"Male","weight",95.2
"Male","bmi",27.2
"Male","height",163
"Male","weight",79.4
"Male","bmi",29.9
"Male","height",172
"Male","weight",82.6
"Male","bmi",27.9
"Male","height",182
"Male","weight",91.7
"Male","bmi",27.7
"Male","height",175
"Male","weight",87.4
"Male","bmi",28.5
"Male","height",173
"Male","weight",79.9
"Male","bmi",26.7
"Male","height",162
"Male","weight",73
"Male","bmi",27.8
"Male","height",170
"Male","weight",86.7
"Male","bmi",30
"Male","height",175
"Male","weight",85.1
"Male","bmi",27.8
"Male","height",172
"Male","weight",71.8
"Male","bmi",24.3
"Male","height",161
"Male","weight",65
"Male","bmi",25.1
"Male","height",171
"Male","weight",84.7
"Male","bmi",29
"Male","height",163
"Male","weight",75.6
"Male","bmi",28.5
"Male","height",188
"Male","weight",98.8
"Male","bmi",28
"Male","height",181
"Male","weight",90.2
"Male","bmi",27.5
"Male","height",179
"Male","weight",93.6
"Male","bmi",29.2
"Male","height",177
"Male","weight",85
"Male","bmi",27.1
"Male","height",158
"Male","weight",63.1
"Male","bmi",25.3
"Male","height",181
"Male","weight",94.9
"Male","bmi",29
"Male","height",180
"Male","weight",90.5
"Male","bmi",27.9
"Male","height",162
"Male","weight",71
"Male","bmi",27.1
"Male","height",169
"Male","weight",81.3
"Male","bmi",28.5
"Male","height",170
"Male","weight",77
"Male","bmi",26.6
"Male","height",185
"Male","weight",86.3
"Male","bmi",25.2
"Male","height",161
"Male","weight",64
"Male","bmi",24.7
"Male","height",181
"Male","weight",83.9
"Male","bmi",25.6
"Male","height",164
"Male","weight",71.4
"Male","bmi",26.5
"Male","height",169
"Male","weight",80.4
"Male","bmi",28.2
"Male","height",171
"Male","weight",76.6
"Male","bmi",26.2
"Male","height",181
"Male","weight",93.1
"Male","bmi",28.4
"Male","height",169
"Male","weight",77.6
"Male","bmi",27.2
"Male","height",182
"Male","weight",91.7
"Male","bmi",27.7
"Male","height",173
"Male","weight",83.6
"Male","bmi",27.9
"Male","height",172
"Male","weight",82
"Male","bmi",27.7
"Male","height",173
"Male","weight",73.5
"Male","bmi",24.6
"Male","height",165
"Male","weight",74.9
"Male","bmi",27.5
"Male","height",174
"Male","weight",85
"Male","bmi",28.1
"Male","height",173
"Male","weight",81.1
"Male","bmi",27.1
"Male","height",195
"Male","weight",103.1
"Male","bmi",27.1
"Male","height",167
"Male","weight",74
"Male","bmi",26.5
"Male","height",179
"Male","weight",84
"Male","bmi",26.2
"Male","height",174
"Male","weight",84.4
"Male","bmi",27.9
"Male","height",177
"Male","weight",85.2
"Male","bmi",27.2
"Male","height",182
"Male","weight",87.5
"Male","bmi",26.4
"Male","height",156
"Male","weight",69.6
"Male","bmi",28.6
"Male","height",178
"Male","weight",89.5
"Male","bmi",28.2
"Male","height",193
"Male","weight",104.9
"Male","bmi",28.2
"Male","height",167
"Male","weight",66.2
"Male","bmi",23.7
"Male","height",171
"Male","weight",90.2
"Male","bmi",30.8
"Male","height",179
"Male","weight",92.3
"Male","bmi",28.8
"Male","height",169
"Male","weight",73.5
"Male","bmi",25.7
"Male","height",172
"Male","weight",87
"Male","bmi",29.4
"Male","height",192
"Male","weight",106.7
"Male","bmi",28.9
"Male","height",156
"Male","weight",61.5
"Male","bmi",25.3
"Male","height",151
"Male","weight",61.9
"Male","bmi",27.1
"Male","height",169
"Male","weight",84.4
"Male","bmi",29.6
"Male","height",181
"Male","weight",89.8
"Male","bmi",27.4
"Male","height",177
"Male","weight",87.3
"Male","bmi",27.9
"Male","height",171
"Male","weight",82.8
"Male","bmi",28.3
"Male","height",187
"Male","weight",102.2
"Male","bmi",29.2
"Male","height",179
"Male","weight",85.1
"Male","bmi",26.6
"Male","height",165
"Male","weight",62.9
"Male","bmi",23.1
"Male","height",174
"Male","weight",80
"Male","bmi",26.4
"Male","height",165
"Male","weight",71.5
"Male","bmi",26.3
"Male","height",181
"Male","weight",87.2
"Male","bmi",26.6
"Male","height",160
"Male","weight",69.6
"Male","bmi",27.2
"Male","height",167
"Male","weight",69.4
"Male","bmi",24.9
"Male","height",185
"Male","weight",91.9
"Male","bmi",26.9
"Male","height",168
"Male","weight",77.5
"Male","bmi",27.5
"Male","height",179
"Male","weight",93.5
"Male","bmi",29.2
"Male","height",165
"Male","weight",60.6
"Male","bmi",22.3
"Male","height",167
"Male","weight",79.2
"Male","bmi",28.4
"Male","height",164
"Male","weight",69.5
"Male","bmi",25.8
"Male","height",170
"Male","weight",78.8
"Male","bmi",27.3
"Male","height",178
"Male","weight",89
"Male","bmi",28.1
"Male","height",165
"Male","weight",67.6
"Male","bmi",24.8
"Male","height",171
"Male","weight",82.4
"Male","bmi",28.2
"Male","height",183
"Male","weight",86.6
"Male","bmi",25.9
"Male","height",174
"Male","weight",87.2
"Male","bmi",28.8
"Male","height",180
"Male","weight",91.6
"Male","bmi",28.3
"Male","height",164
"Male","weight",72.9
"Male","bmi",27.1
"Male","height",175
"Male","weight",79.1
"Male","bmi",25.8
"Male","height",170
"Male","weight",78.8
"Male","bmi",27.3
"Male","height",171
"Male","weight",80.7
"Male","bmi",27.6
"Male","height",177
"Male","weight",90.7
"Male","bmi",29
"Male","height",175
"Male","weight",82
"Male","bmi",26.8
"Male","height",178
"Male","weight",85.9
"Male","bmi",27.1
"Male","height",158
"Male","weight",67.8
"Male","bmi",27.2
"Male","height",179
"Male","weight",83.9
"Male","bmi",26.2
"Male","height",162
"Male","weight",63.2
"Male","bmi",24.1
"Male","height",187
"Male","weight",90.7
"Male","bmi",25.9
"Male","height",182
"Male","weight",90.3
"Male","bmi",27.3
"Male","height",178
"Male","weight",82.9
"Male","bmi",26.2
"Male","height",169
"Male","weight",70.7
"Male","bmi",24.8
"Male","height",180
"Male","weight",89.7
"Male","bmi",27.7
"Male","height",173
"Male","weight",87.6
"Male","bmi",29.3
"Male","height",175
"Male","weight",80.9
"Male","bmi",26.4
"Male","height",181
"Male","weight",87.9
"Male","bmi",26.8
"Male","height",175
"Male","weight",80.9
"Male","bmi",26.4
"Male","height",181
"Male","weight",83.7
"Male","bmi",25.5
"Male","height",189
"Male","weight",94.9
"Male","bmi",26.6
"Male","height",176
"Male","weight",81.2
"Male","bmi",26.2
"Male","height",181
"Male","weight",93.5
"Male","bmi",28.5
"Male","height",182
"Male","weight",93.4
"Male","bmi",28.2
"Male","height",182
"Male","weight",90.9
"Male","bmi",27.4
"Male","height",179
"Male","weight",88.1
"Male","bmi",27.5
"Male","height",169
"Male","weight",75.3
"Male","bmi",26.4
"Male","height",189
"Male","weight",91.6
"Male","bmi",25.6
"Male","height",183
"Male","weight",93.5
"Male","bmi",27.9
"Male","height",186
"Male","weight",94
"Male","bmi",27.2
"Male","height",177
"Male","weight",82.2
"Male","bmi",26.2
"Male","height",185
"Male","weight",100.6
"Male","bmi",29.4
"Male","height",167
"Male","weight",72.7
"Male","bmi",26.1
"Male","height",173
"Male","weight",79.4
"Male","bmi",26.5
"Male","height",178
"Male","weight",87.5
"Male","bmi",27.6
"Male","height",180
"Male","weight",96.9
"Male","bmi",29.9
"Male","height",168
"Male","weight",81.5
"Male","bmi",28.9
"Male","height",169
"Male","weight",70.1
"Male","bmi",24.5
"Male","height",189
"Male","weight",98.2
"Male","bmi",27.5
"Male","height",162
"Male","weight",73.6
"Male","bmi",28
"Male","height",178
"Male","weight",84.8
"Male","bmi",26.8
"Male","height",193
"Male","weight",103.1
"Male","bmi",27.7
"Male","height",174
"Male","weight",84.1
"Male","bmi",27.8
"Male","height",180
"Male","weight",94.1
"Male","bmi",29
"Male","height",173
"Male","weight",83.9
"Male","bmi",28
"Male","height",184
"Male","weight",97.8
"Male","bmi",28.9
"Male","height",171
"Male","weight",71.9
"Male","bmi",24.6
"Male","height",176
"Male","weight",88.2
"Male","bmi",28.5
"Male","height",174
"Male","weight",83
"Male","bmi",27.4
"Male","height",174
"Male","weight",89
"Male","bmi",29.4
"Male","height",175
"Male","weight",81.8
"Male","bmi",26.7
"Male","height",179
"Male","weight",84.1
"Male","bmi",26.2
"Male","height",165
"Male","weight",77.4
"Male","bmi",28.4
"Male","height",185
"Male","weight",93.1
"Male","bmi",27.2
"Male","height",175
"Male","weight",82.8
"Male","bmi",27
"Male","height",175
"Male","weight",90.7
"Male","bmi",29.6
"Male","height",191
"Male","weight",100.4
"Male","bmi",27.5
"Male","height",160
"Male","weight",54.1
"Male","bmi",21.1
"Male","height",164
"Male","weight",77
"Male","bmi",28.6
"Male","height",176
"Male","weight",82.5
"Male","bmi",26.6
"Male","height",170
"Male","weight",80.9
"Male","bmi",28
"Male","height",164
"Male","weight",80.2
"Male","bmi",29.8
"Male","height",178
"Male","weight",87.9
"Male","bmi",27.7
"Male","height",171
"Male","weight",70.2
"Male","bmi",24
"Male","height",172
"Male","weight",76
"Male","bmi",25.7
"Male","height",178
"Male","weight",90.1
"Male","bmi",28.4
"Male","height",171
"Male","weight",90.3
"Male","bmi",30.9
"Male","height",172
"Male","weight",79.5
"Male","bmi",26.9
"Male","height",181
"Male","weight",89
"Male","bmi",27.2
"Male","height",180
"Male","weight",86.7
"Male","bmi",26.8
"Male","height",170
"Male","weight",78.6
"Male","bmi",27.2
"Male","height",169
"Male","weight",78.4
"Male","bmi",27.5
"Male","height",187
"Male","weight",95.4
"Male","bmi",27.3
"Male","height",176
"Male","weight",83.4
"Male","bmi",26.9
"Male","height",175
"Male","weight",78.9
"Male","bmi",25.8
"Male","height",182
"Male","weight",94
"Male","bmi",28.4
"Male","height",186
"Male","weight",94.2
"Male","bmi",27.2
"Male","height",177
"Male","weight",85
"Male","bmi",27.1
"Male","height",171
"Male","weight",86.3
"Male","bmi",29.5
"Male","height",175
"Male","weight",90.1
"Male","bmi",29.4
"Male","height",185
"Male","weight",100.2
"Male","bmi",29.3
"Male","height",180
"Male","weight",91.7
"Male","bmi",28.3
"Male","height",175
"Male","weight",82.3
"Male","bmi",26.9
"Male","height",179
"Male","weight",91
"Male","bmi",28.4
"Male","height",175
"Male","weight",86.6
"Male","bmi",28.3
"Male","height",169
"Male","weight",73.9
"Male","bmi",25.9
"Male","height",175
"Male","weight",80.3
"Male","bmi",26.2
"Male","height",174
"Male","weight",81.8
"Male","bmi",27
"Male","height",189
"Male","weight",105.3
"Male","bmi",29.5
"Male","height",175
"Male","weight",90.2
"Male","bmi",29.5
"Male","height",186
"Male","weight",94.4
"Male","bmi",27.3
"Male","height",178
"Male","weight",84.2
"Male","bmi",26.6
"Male","height",189
"Male","weight",95.3
"Male","bmi",26.7
"Male","height",172
"Male","weight",89.3
"Male","bmi",30.2
"Male","height",169
"Male","weight",73.8
"Male","bmi",25.8
"Male","height",175
"Male","weight",92.7
"Male","bmi",30.3
"Male","height",173
"Male","weight",78.2
"Male","bmi",26.1
"Male","height",175
"Male","weight",94.9
"Male","bmi",31
"Male","height",180
"Male","weight",91.4
"Male","bmi",28.2
"Male","height",180
"Male","weight",91.4
"Male","bmi",28.2
"Male","height",176
"Male","weight",76.1
"Male","bmi",24.6
"Male","height",174
"Male","weight",86.6
"Male","bmi",28.6
"Male","height",173
"Male","weight",81.3
"Male","bmi",27.2
"Male","height",183
"Male","weight",92.3
"Male","bmi",27.6
"Male","height",180
"Male","weight",89
"Male","bmi",27.5
"Male","height",175
"Male","weight",85.3
"Male","bmi",27.9
"Male","height",175
"Male","weight",76.4
"Male","bmi",24.9
"Male","height",170
"Male","weight",77.4
"Male","bmi",26.8
"Male","height",157
"Male","weight",65.7
"Male","bmi",26.7
"Male","height",161
"Male","weight",62.7
"Male","bmi",24.2
"Male","height",165
"Male","weight",67.5
"Male","bmi",24.8
"Male","height",185
"Male","weight",92.6
"Male","bmi",27.1
"Male","height",178
"Male","weight",93.2
"Male","bmi",29.4
"Male","height",168
"Male","weight",76.7
"Male","bmi",27.2
"Male","height",169
"Male","weight",79.2
"Male","bmi",27.7
"Male","height",158
"Male","weight",65.6
"Male","bmi",26.3
"Male","height",177
"Male","weight",88.2
"Male","bmi",28.2
"Male","height",186
"Male","weight",104.6
"Male","bmi",30.2
"Male","height",179
"Male","weight",87.8
"Male","bmi",27.4
"Male","height",184
"Male","weight",90.4
"Male","bmi",26.7
"Male","height",176
"Male","weight",80.9
"Male","bmi",26.1
"Male","height",168
"Male","weight",76
"Male","bmi",26.9
"Male","height",164
"Male","weight",68
"Male","bmi",25.3
"Male","height",174
"Male","weight",74.8
"Male","bmi",24.7
"Male","height",175
"Male","weight",87.3
"Male","bmi",28.5
"Male","height",165
"Male","weight",79.1
"Male","bmi",29.1
"Male","height",182
"Male","weight",94
"Male","bmi",28.4
"Male","height",186
"Male","weight",88.9
"Male","bmi",25.7
"Male","height",166
"Male","weight",69.9
"Male","bmi",25.4
"Male","height",177
"Male","weight",82.3
"Male","bmi",26.3
"Male","height",183
"Male","weight",92.3
"Male","bmi",27.6
"Male","height",178
"Male","weight",88.2
"Male","bmi",27.8
"Male","height",176
"Male","weight",89.5
"Male","bmi",28.9
"Male","height",174
"Male","weight",87.4
"Male","bmi",28.9
"Male","height",188
"Male","weight",96.3
"Male","bmi",27.2
"Male","height",171
"Male","weight",85.7
"Male","bmi",29.3
"Male","height",185
"Male","weight",98.5
"Male","bmi",28.8
"Male","height",175
"Male","weight",83.7
"Male","bmi",27.3
"Male","height",175
"Male","weight",88.8
"Male","bmi",29
"Male","height",174
"Male","weight",77
"Male","bmi",25.4
"Male","height",155
"Male","weight",55.6
"Male","bmi",23.1
"Male","height",177
"Male","weight",75.2
"Male","bmi",24
"Male","height",181
"Male","weight",90.1
"Male","bmi",27.5
"Male","height",182
"Male","weight",82.6
"Male","bmi",24.9
"Male","height",173
"Male","weight",77.3
"Male","bmi",25.8
"Male","height",165
"Male","weight",71.3
"Male","bmi",26.2
"Male","height",169
"Male","weight",80.1
"Male","bmi",28
"Male","height",171
"Male","weight",74.9
"Male","bmi",25.6
"Male","height",159
"Male","weight",74.4
"Male","bmi",29.4
"Male","height",178
"Male","weight",80.1
"Male","bmi",25.3
"Male","height",176
"Male","weight",80.5
"Male","bmi",26
"Male","height",167
"Male","weight",66.4
"Male","bmi",23.8
"Male","height",175
"Male","weight",85.4
"Male","bmi",27.9
"Male","height",165
"Male","weight",73.6
"Male","bmi",27
"Male","height",180
"Male","weight",92
"Male","bmi",28.4
"Male","height",162
"Male","weight",66.3
"Male","bmi",25.3
"Male","height",168
"Male","weight",77.2
"Male","bmi",27.4
"Male","height",164
"Male","weight",74.8
"Male","bmi",27.8
"Male","height",183
"Male","weight",85.5
"Male","bmi",25.5
"Male","height",186
"Male","weight",92.4
"Male","bmi",26.7
"Male","height",168
"Male","weight",72.7
"Male","bmi",25.8
"Male","height",180
"Male","weight",87.1
"Male","bmi",26.9
"Male","height",166
"Male","weight",80.3
"Male","bmi",29.1
"Male","height",168
"Male","weight",73.3
"Male","bmi",26
"Male","height",168
"Male","weight",83.2
"Male","bmi",29.5
"Male","height",171
"Male","weight",71.7
"Male","bmi",24.5
"Male","height",168
"Male","weight",73.7
"Male","bmi",26.1
"Male","height",153
"Male","weight",57.4
"Male","bmi",24.5
"Male","height",174
"Male","weight",77.6
"Male","bmi",25.6
"Male","height",170
"Male","weight",82.3
"Male","bmi",28.5
"Male","height",171
"Male","weight",84
"Male","bmi",28.7
"Male","height",169
"Male","weight",74.8
"Male","bmi",26.2
"Male","height",171
"Male","weight",78.7
"Male","bmi",26.9
"Male","height",176
"Male","weight",82.9
"Male","bmi",26.8
"Male","height",176
"Male","weight",88.1
"Male","bmi",28.4
"Male","height",182
"Male","weight",94.5
"Male","bmi",28.5
"Male","height",179
"Male","weight",89.2
"Male","bmi",27.8
"Male","height",174
"Male","weight",89.7
"Male","bmi",29.6
"Male","height",172
"Male","weight",86.9
"Male","bmi",29.4
"Male","height",179
"Male","weight",78.9
"Male","bmi",24.6
"Male","height",190
"Male","weight",97.6
"Male","bmi",27
"Male","height",170
"Male","weight",84.9
"Male","bmi",29.4
"Male","height",172
"Male","weight",88.2
"Male","bmi",29.8
"Male","height",175
"Male","weight",87.7
"Male","bmi",28.6
"Male","height",176
"Male","weight",85.2
"Male","bmi",27.5
"Male","height",166
"Male","weight",80.9
"Male","bmi",29.4
"Male","height",182
"Male","weight",79.1
"Male","bmi",23.9
"Male","height",171
"Male","weight",80.1
"Male","bmi",27.4
"Male","height",184
"Male","weight",96.8
"Male","bmi",28.6
"Male","height",183
"Male","weight",87.5
"Male","bmi",26.1
"Male","height",181
"Male","weight",88.2
"Male","bmi",26.9
"Male","height",176
"Male","weight",78.6
"Male","bmi",25.4
"Male","height",180
"Male","weight",85.6
"Male","bmi",26.4
"Male","height",166
"Male","weight",65.1
"Male","bmi",23.6
"Male","height",159
"Male","weight",62.3
"Male","bmi",24.6
"Male","height",173
"Male","weight",83.2
"Male","bmi",27.8
"Male","height",168
"Male","weight",83
"Male","bmi",29.4
"Male","height",175
"Male","weight",86.9
"Male","bmi",28.4
"Male","height",181
"Male","weight",89.8
"Male","bmi",27.4
"Male","height",172
"Male","weight",78.8
"Male","bmi",26.6
"Male","height",166
"Male","weight",76
"Male","bmi",27.6
"Male","height",181
"Male","weight",94.9
"Male","bmi",29
"Male","height",184
"Male","weight",92.8
"Male","bmi",27.4
"Male","height",180
"Male","weight",90.7
"Male","bmi",28
"Male","height",178
"Male","weight",87.2
"Male","bmi",27.5
"Male","height",183
"Male","weight",91.1
"Male","bmi",27.2
"Male","height",178
"Male","weight",91.4
"Male","bmi",28.8
"Male","height",178
"Male","weight",85.1
"Male","bmi",26.9
"Male","height",176
"Male","weight",83.7
"Male","bmi",27
"Male","height",174
"Male","weight",87
"Male","bmi",28.7
"Male","height",185
"Male","weight",88.1
"Male","bmi",25.7
"Male","height",178
"Male","weight",94.2
"Male","bmi",29.7
"Male","height",187
"Male","weight",99.2
"Male","bmi",28.4
"Male","height",178
"Male","weight",90.8
"Male","bmi",28.7
"Male","height",186
"Male","weight",101.3
"Male","bmi",29.3
"Male","height",174
"Male","weight",83.5
"Male","bmi",27.6
"Male","height",178
"Male","weight",95.2
"Male","bmi",30
"Male","height",174
"Male","weight",89.1
"Male","bmi",29.4
"Male","height",164
"Male","weight",72.6
"Male","bmi",27
"Male","height",165
"Male","weight",72.2
"Male","bmi",26.5
"Male","height",177
"Male","weight",86
"Male","bmi",27.5
"Male","height",177
"Male","weight",90.4
"Male","bmi",28.9
"Male","height",178
"Male","weight",82.2
"Male","bmi",25.9
"Male","height",171
"Male","weight",81
"Male","bmi",27.7
"Male","height",179
"Male","weight",85.8
"Male","bmi",26.8
"Male","height",173
"Male","weight",82.2
"Male","bmi",27.5
"Male","height",176
"Male","weight",81.2
"Male","bmi",26.2
"Male","height",173
"Male","weight",78.6
"Male","bmi",26.3
"Male","height",170
"Male","weight",87.9
"Male","bmi",30.4
"Male","height",179
"Male","weight",88.4
"Male","bmi",27.6
"Male","height",176
"Male","weight",86.2
"Male","bmi",27.8
"Male","height",178
"Male","weight",85.4
"Male","bmi",27
"Male","height",175
"Male","weight",85.6
"Male","bmi",28
"Male","height",166
"Male","weight",70.4
"Male","bmi",25.5
"Male","height",171
"Male","weight",78
"Male","bmi",26.7
"Male","height",165
"Male","weight",70.1
"Male","bmi",25.7
"Male","height",176
"Male","weight",86.7
"Male","bmi",28
"Male","height",175
"Male","weight",82.6
"Male","bmi",27
"Male","height",167
"Male","weight",79.8
"Male","bmi",28.6
"Male","height",167
"Male","weight",76.1
"Male","bmi",27.3
"Male","height",172
"Male","weight",70.8
"Male","bmi",23.9
"Male","height",165
"Male","weight",66.7
"Male","bmi",24.5
"Male","height",168
"Male","weight",71
"Male","bmi",25.2
"Male","height",181
"Male","weight",87.9
"Male","bmi",26.8
"Male","height",179
"Male","weight",97.7
"Male","bmi",30.5
"Male","height",173
"Male","weight",81.4
"Male","bmi",27.2
"Male","height",184
"Male","weight",92.2
"Male","bmi",27.2
"Male","height",190
"Male","weight",105.3
"Male","bmi",29.2
"Male","height",188
"Male","weight",94.2
"Male","bmi",26.7
"Male","height",178
"Male","weight",83.6
"Male","bmi",26.4
"Male","height",174
"Male","weight",78.3
"Male","bmi",25.9
"Male","height",166
"Male","weight",71.2
"Male","bmi",25.8
"Male","height",171
"Male","weight",84.3
"Male","bmi",28.8
"Male","height",167
"Male","weight",79.5
"Male","bmi",28.5
"Male","height",188
"Male","weight",98.6
"Male","bmi",27.9
"Male","height",174
"Male","weight",87.9
"Male","bmi",29
"Male","height",181
"Male","weight",81.4
"Male","bmi",24.8
"Male","height",176
"Male","weight",79.5
"Male","bmi",25.7
"Male","height",166
"Male","weight",77.5
"Male","bmi",28.1
"Male","height",170
"Male","weight",80.2
"Male","bmi",27.8
"Male","height",182
"Male","weight",93.4
"Male","bmi",28.2
"Male","height",173
"Male","weight",77.9
"Male","bmi",26
"Male","height",178
"Male","weight",84.2
"Male","bmi",26.6
"Male","height",195
"Male","weight",96
"Male","bmi",25.2
"Male","height",162
"Male","weight",75.3
"Male","bmi",28.7
"Male","height",161
"Male","weight",78
"Male","bmi",30.1
"Male","height",171
"Male","weight",71.8
"Male","bmi",24.6
"Male","height",175
"Male","weight",82.5
"Male","bmi",26.9
"Male","height",179
"Male","weight",98.1
"Male","bmi",30.6
"Male","height",178
"Male","weight",80.1
"Male","bmi",25.3
"Male","height",173
"Male","weight",84.5
"Male","bmi",28.2
"Male","height",165
"Male","weight",79.2
"Male","bmi",29.1
"Male","height",164
"Male","weight",61.6
"Male","bmi",22.9
"Male","height",174
"Male","weight",86.6
"Male","bmi",28.6
"Male","height",167
"Male","weight",74.4
"Male","bmi",26.7
"Male","height",183
"Male","weight",94.4
"Male","bmi",28.2
"Male","height",169
"Male","weight",78.9
"Male","bmi",27.6
"Male","height",173
"Male","weight",83.8
"Male","bmi",28
"Male","height",185
"Male","weight",99.1
"Male","bmi",29
"Male","height",173
"Male","weight",79.4
"Male","bmi",26.5
"Male","height",174
"Male","weight",84.8
"Male","bmi",28
"Male","height",166
"Male","weight",72.5
"Male","bmi",26.3
"Male","height",181
"Male","weight",93.3
"Male","bmi",28.5
"Male","height",188
"Male","weight",99.4
"Male","bmi",28.1
"Male","height",167
"Male","weight",74.9
"Male","bmi",26.9
"Male","height",186
"Male","weight",89.2
"Male","bmi",25.8
"Male","height",180
"Male","weight",85.9
"Male","bmi",26.5
"Male","height",167
"Male","weight",77.1
"Male","bmi",27.6
"Male","height",177
"Male","weight",82.9
"Male","bmi",26.5
"Male","height",191
"Male","weight",103.2
"Male","bmi",28.3
"Male","height",183
"Male","weight",92.5
"Male","bmi",27.6
"Male","height",187
"Male","weight",97.2
"Male","bmi",27.8
"Male","height",166
"Male","weight",80.9
"Male","bmi",29.4
"Male","height",172
"Male","weight",80.8
"Male","bmi",27.3
"Male","height",173
"Male","weight",81.3
"Male","bmi",27.2
"Male","height",169
"Male","weight",83.1
"Male","bmi",29.1
"Male","height",186
"Male","weight",94.7
"Male","bmi",27.4
"Male","height",178
"Male","weight",87.1
"Male","bmi",27.5
"Male","height",185
"Male","weight",96.9
"Male","bmi",28.3
"Male","height",175
"Male","weight",79.6
"Male","bmi",26
"Male","height",176
"Male","weight",83.1
"Male","bmi",26.8
"Male","height",158
"Male","weight",69.3
"Male","bmi",27.8
"Male","height",173
"Male","weight",82.9
"Male","bmi",27.7
"Male","height",167
"Male","weight",77.7
"Male","bmi",27.9
"Male","height",179
"Male","weight",84.2
"Male","bmi",26.3
"Male","height",184
"Male","weight",92.8
"Male","bmi",27.4
"Male","height",181
"Male","weight",86.6
"Male","bmi",26.4
"Male","height",173
"Male","weight",88.3
"Male","bmi",29.5
"Male","height",185
"Male","weight",91.7
"Male","bmi",26.8
"Male","height",172
"Male","weight",82.7
"Male","bmi",28
"Male","height",174
"Male","weight",85.3
"Male","bmi",28.2
"Male","height",169
"Male","weight",77.9
"Male","bmi",27.3
"Male","height",173
"Male","weight",78.5
"Male","bmi",26.2
"Male","height",183
"Male","weight",95.7
"Male","bmi",28.6
"Male","height",182
"Male","weight",91.1
"Male","bmi",27.5
"Male","height",181
"Male","weight",95.3
"Male","bmi",29.1
"Male","height",168
"Male","weight",79.7
"Male","bmi",28.2
"Male","height",180
"Male","weight",84.6
"Male","bmi",26.1
"Male","height",181
"Male","weight",93.5
"Male","bmi",28.5
"Male","height",177
"Male","weight",84.7
"Male","bmi",27
"Male","height",166
"Male","weight",79.6
"Male","bmi",28.9
"Male","height",174
"Male","weight",86.7
"Male","bmi",28.6
"Male","height",184
"Male","weight",95.9
"Male","bmi",28.3
"Male","height",161
"Male","weight",64.5
"Male","bmi",24.9
"Male","height",180
"Male","weight",93.4
"Male","bmi",28.8
"Male","height",167
"Male","weight",74
"Male","bmi",26.5
"Male","height",166
"Male","weight",68.9
"Male","bmi",25
"Male","height",165
"Male","weight",64.7
"Male","bmi",23.8
"Male","height",178
"Male","weight",84.6
"Male","bmi",26.7
"Male","height",171
"Male","weight",77.1
"Male","bmi",26.4
"Male","height",161
"Male","weight",74.6
"Male","bmi",28.8
"Male","height",179
"Male","weight",81.8
"Male","bmi",25.5
"Male","height",182
"Male","weight",87.6
"Male","bmi",26.4
"Male","height",170
"Male","weight",80
"Male","bmi",27.7
"Male","height",162
"Male","weight",72.6
"Male","bmi",27.7
"Male","height",172
"Male","weight",81.8
"Male","bmi",27.7
"Male","height",166
"Male","weight",84.1
"Male","bmi",30.5
"Male","height",182
"Male","weight",93.1
"Male","bmi",28.1
"Male","height",183
"Male","weight",93.5
"Male","bmi",27.9
"Male","height",184
"Male","weight",95.3
"Male","bmi",28.1
"Male","height",186
"Male","weight",97.8
"Male","bmi",28.3
"Male","height",178
"Male","weight",82.4
"Male","bmi",26
"Male","height",164
"Male","weight",73.4
"Male","bmi",27.3
"Male","height",179
"Male","weight",89.7
"Male","bmi",28
"Male","height",174
"Male","weight",81.5
"Male","bmi",26.9
"Male","height",172
"Male","weight",84.4
"Male","bmi",28.5
"Male","height",184
"Male","weight",87.2
"Male","bmi",25.8
"Male","height",171
"Male","weight",81.3
"Male","bmi",27.8
"Male","height",193
"Male","weight",107.8
"Male","bmi",28.9
"Male","height",162
"Male","weight",69.2
"Male","bmi",26.4
"Male","height",175
"Male","weight",89.1
"Male","bmi",29.1
"Male","height",165
"Male","weight",78.3
"Male","bmi",28.8
"Male","height",183
"Male","weight",91.8
"Male","bmi",27.4
"Male","height",170
"Male","weight",87.9
"Male","bmi",30.4
"Male","height",179
"Male","weight",84.8
"Male","bmi",26.5
"Male","height",171
"Male","weight",81.5
"Male","bmi",27.9
"Male","height",167
"Male","weight",76
"Male","bmi",27.3
"Male","height",187
"Male","weight",105.6
"Male","bmi",30.2
"Male","height",173
"Male","weight",77.9
"Male","bmi",26
"Male","height",167
"Male","weight",81.6
"Male","bmi",29.3
"Male","height",167
"Male","weight",74.2
"Male","bmi",26.6
"Male","height",182
"Male","weight",86.6
"Male","bmi",26.1
"Male","height",187
"Male","weight",93.2
"Male","bmi",26.7
"Male","height",163
"Male","weight",66.8
"Male","bmi",25.1
"Male","height",173
"Male","weight",90.5
"Male","bmi",30.2
"Male","height",189
"Male","weight",100
"Male","bmi",28
"Male","height",177
"Male","weight",93.6
"Male","bmi",29.9
"Male","height",181
"Male","weight",94.9
"Male","bmi",29
"Male","height",186
"Male","weight",103.7
"Male","bmi",30
"Male","height",183
"Male","weight",93.2
"Male","bmi",27.8
"Male","height",162
"Male","weight",76.1
"Male","bmi",29
"Male","height",184
"Male","weight",87.8
"Male","bmi",25.9
"Male","height",179
"Male","weight",85.5
"Male","bmi",26.7
"Male","height",180
"Male","weight",97.5
"Male","bmi",30.1
"Male","height",183
"Male","weight",90
"Male","bmi",26.9
"Male","height",173
"Male","weight",80.8
"Male","bmi",27
"Male","height",175
"Male","weight",86
"Male","bmi",28.1
"Male","height",168
"Male","weight",81.7
"Male","bmi",28.9
"Male","height",166
"Male","weight",68
"Male","bmi",24.7
"Male","height",174
"Male","weight",82.1
"Male","bmi",27.1
"Male","height",167
"Male","weight",77.2
"Male","bmi",27.7
"Male","height",175
"Male","weight",81.1
"Male","bmi",26.5
"Male","height",174
"Male","weight",82.3
"Male","bmi",27.2
"Male","height",176
"Male","weight",88.1
"Male","bmi",28.4
"Male","height",179
"Male","weight",92.2
"Male","bmi",28.8
"Male","height",185
"Male","weight",99.4
"Male","bmi",29
"Male","height",176
"Male","weight",82.5
"Male","bmi",26.6
"Male","height",174
"Male","weight",84.4
"Male","bmi",27.9
"Male","height",182
"Male","weight",91.5
"Male","bmi",27.6
"Male","height",175
"Male","weight",79.6
"Male","bmi",26
"Male","height",185
"Male","weight",85.5
"Male","bmi",25
"Male","height",181
"Male","weight",98.6
"Male","bmi",30.1
"Male","height",179
"Male","weight",96
"Male","bmi",30
"Male","height",180
"Male","weight",89.4
"Male","bmi",27.6
"Male","height",174
"Male","weight",84.7
"Male","bmi",28
"Male","height",157
"Male","weight",63.5
"Male","bmi",25.8
"Male","height",175
"Male","weight",85.1
"Male","bmi",27.8
"Male","height",187
"Male","weight",93.1
"Male","bmi",26.6
"Male","height",169
"Male","weight",81.3
"Male","bmi",28.5
"Male","height",179
"Male","weight",94.6
"Male","bmi",29.5
"Male","height",184
"Male","weight",96.1
"Male","bmi",28.4
"Male","height",187
"Male","weight",103.6
"Male","bmi",29.6
"Male","height",173
"Male","weight",77.5
"Male","bmi",25.9
"Male","height",174
"Male","weight",84.5
"Male","bmi",27.9
"Male","height",188
"Male","weight",104
"Male","bmi",29.4
"Male","height",169
"Male","weight",80.2
"Male","bmi",28.1
"Male","height",189
"Male","weight",109.3
"Male","bmi",30.6
"Male","height",172
"Male","weight",78.3
"Male","bmi",26.5
"Male","height",163
"Male","weight",70.5
"Male","bmi",26.5
"Male","height",169
"Male","weight",77.3
"Male","bmi",27.1
"Male","height",176
"Male","weight",88.3
"Male","bmi",28.5
"Male","height",178
"Male","weight",86.2
"Male","bmi",27.2
"Male","height",189
"Male","weight",103
"Male","bmi",28.8
"Male","height",174
"Male","weight",79.7
"Male","bmi",26.3
"Male","height",177
"Male","weight",84.8
"Male","bmi",27.1
"Male","height",170
"Male","weight",83
"Male","bmi",28.7
"Male","height",181
"Male","weight",88.4
"Male","bmi",27
"Male","height",170
"Male","weight",75.9
"Male","bmi",26.3
"Male","height",186
"Male","weight",94.6
"Male","bmi",27.3
"Male","height",169
"Male","weight",77.1
"Male","bmi",27
"Male","height",172
"Male","weight",74.5
"Male","bmi",25.2
"Male","height",179
"Male","weight",88.9
"Male","bmi",27.7
"Male","height",181
"Male","weight",93.3
"Male","bmi",28.5
"Male","height",184
"Male","weight",96.2
"Male","bmi",28.4
"Male","height",175
"Male","weight",87.9
"Male","bmi",28.7
"Male","height",171
"Male","weight",74.9
"Male","bmi",25.6
"Male","height",178
"Male","weight",86.1
"Male","bmi",27.2
"Male","height",174
"Male","weight",85.8
"Male","bmi",28.3
"Male","height",173
"Male","weight",77.1
"Male","bmi",25.8
"Male","height",193
"Male","weight",101.7
"Male","bmi",27.3
"Male","height",183
"Male","weight",95.7
"Male","bmi",28.6
"Male","height",174
"Male","weight",84.2
"Male","bmi",27.8
"Male","height",184
"Male","weight",94.5
"Male","bmi",27.9
"Male","height",172
"Male","weight",75.5
"Male","bmi",25.5
"Male","height",178
"Male","weight",79.1
"Male","bmi",25
"Male","height",183
"Male","weight",98.1
"Male","bmi",29.3
"Male","height",177
"Male","weight",85.2
"Male","bmi",27.2
"Male","height",180
"Male","weight",91.1
"Male","bmi",28.1
"Male","height",180
"Male","weight",82.4
"Male","bmi",25.4
"Male","height",173
"Male","weight",85.9
"Male","bmi",28.7
"Male","height",186
"Male","weight",92.3
"Male","bmi",26.7
"Male","height",191
"Male","weight",99.1
"Male","bmi",27.2
"Male","height",184
"Male","weight",93.1
"Male","bmi",27.5
"Male","height",168
"Male","weight",80
"Male","bmi",28.3
"Male","height",157
"Male","weight",71
"Male","bmi",28.8
"Male","height",183
"Male","weight",90.6
"Male","bmi",27.1
"Male","height",159
"Male","weight",67.5
"Male","bmi",26.7
"Male","height",173
"Male","weight",84.6
"Male","bmi",28.3
"Male","height",177
"Male","weight",91.4
"Male","bmi",29.2
"Male","height",160
"Male","weight",68.3
"Male","bmi",26.7
"Male","height",181
"Male","weight",89.6
"Male","bmi",27.3
"Male","height",171
"Male","weight",85.1
"Male","bmi",29.1
"Male","height",172
"Male","weight",87.2
"Male","bmi",29.5
"Male","height",176
"Male","weight",79.5
"Male","bmi",25.7
"Male","height",175
"Male","weight",91.5
"Male","bmi",29.9
"Male","height",170
"Male","weight",92.3
"Male","bmi",31.9
"Male","height",171
"Male","weight",85
"Male","bmi",29.1
"Male","height",172
"Male","weight",79.1
"Male","bmi",26.7
"Male","height",174
"Male","weight",81.6
"Male","bmi",27
"Male","height",182
"Male","weight",89.8
"Male","bmi",27.1
"Male","height",186
"Male","weight",95.5
"Male","bmi",27.6
"Male","height",176
"Male","weight",76.9
"Male","bmi",24.8
"Male","height",182
"Male","weight",99.9
"Male","bmi",30.2
"Male","height",167
"Male","weight",77.7
"Male","bmi",27.9
"Male","height",185
"Male","weight",94.5
"Male","bmi",27.6
"Male","height",171
"Male","weight",80.8
"Male","bmi",27.6
"Male","height",180
"Male","weight",87.2
"Male","bmi",26.9
"Male","height",178
"Male","weight",85.7
"Male","bmi",27
"Male","height",167
"Male","weight",80.8
"Male","bmi",29
"Male","height",180
"Male","weight",83.7
"Male","bmi",25.8
"Male","height",182
"Male","weight",89.8
"Male","bmi",27.1
"Male","height",178
"Male","weight",83.8
"Male","bmi",26.4
"Male","height",171
"Male","weight",79.8
"Male","bmi",27.3
"Male","height",165
"Male","weight",63.7
"Male","bmi",23.4
"Male","height",175
"Male","weight",85.1
"Male","bmi",27.8
"Male","height",180
"Male","weight",83.7
"Male","bmi",25.8
"Male","height",180
"Male","weight",86.5
"Male","bmi",26.7
"Male","height",173
"Male","weight",80.3
"Male","bmi",26.8
"Male","height",177
"Male","weight",84.5
"Male","bmi",27
"Male","height",161
"Male","weight",72.8
"Male","bmi",28.1
"Male","height",169
"Male","weight",74.4
"Male","bmi",26
"Male","height",180
"Male","weight",87
"Male","bmi",26.9
"Male","height",171
"Male","weight",82.3
"Male","bmi",28.1
"Male","height",179
"Male","weight",102.4
"Male","bmi",32
"Male","height",176
"Male","weight",89
"Male","bmi",28.7
"Male","height",175
"Male","weight",84.8
"Male","bmi",27.7
"Male","height",181
"Male","weight",89.2
"Male","bmi",27.2
"Male","height",191
"Male","weight",99.4
"Male","bmi",27.2
"Male","height",174
"Male","weight",79
"Male","bmi",26.1
"Male","height",170
"Male","weight",72
"Male","bmi",24.9
"Male","height",179
"Male","weight",84.4
"Male","bmi",26.3
"Male","height",170
"Male","weight",72.5
"Male","bmi",25.1
"Male","height",172
"Male","weight",81.1
"Male","bmi",27.4
"Male","height",185
"Male","weight",91.3
"Male","bmi",26.7
"Male","height",184
"Male","weight",79.5
"Male","bmi",23.5
"Male","height",179
"Male","weight",86.1
"Male","bmi",26.9
"Male","height",174
"Male","weight",86.3
"Male","bmi",28.5
"Male","height",173
"Male","weight",87.3
"Male","bmi",29.2
"Male","height",161
"Male","weight",62
"Male","bmi",23.9
"Male","height",162
"Male","weight",73.3
"Male","bmi",27.9
"Male","height",177
"Male","weight",88.6
"Male","bmi",28.3
"Male","height",176
"Male","weight",88.3
"Male","bmi",28.5
"Male","height",180
"Male","weight",81
"Male","bmi",25
"Male","height",179
"Male","weight",89
"Male","bmi",27.8
"Male","height",176
"Male","weight",81.4
"Male","bmi",26.3
"Male","height",175
"Male","weight",85.1
"Male","bmi",27.8
"Male","height",184
"Male","weight",92.9
"Male","bmi",27.4
"Male","height",174
"Male","weight",88.3
"Male","bmi",29.2
"Male","height",182
"Male","weight",89.2
"Male","bmi",26.9
"Male","height",185
"Male","weight",91
"Male","bmi",26.6
"Male","height",175
"Male","weight",84.6
"Male","bmi",27.6
"Male","height",179
"Male","weight",90.9
"Male","bmi",28.4
"Male","height",179
"Male","weight",95.1
"Male","bmi",29.7
"Male","height",155
"Male","weight",57.1
"Male","bmi",23.8
"Male","height",180
"Male","weight",92.8
"Male","bmi",28.6
"Male","height",172
"Male","weight",87.3
"Male","bmi",29.5
"Male","height",184
"Male","weight",101.9
"Male","bmi",30.1
"Male","height",178
"Male","weight",90.1
"Male","bmi",28.4
"Male","height",166
"Male","weight",73.8
"Male","bmi",26.8
"Male","height",176
"Male","weight",85
"Male","bmi",27.4
"Male","height",179
"Male","weight",85.6
"Male","bmi",26.7
"Male","height",176
"Male","weight",91
"Male","bmi",29.4
"Male","height",175
"Male","weight",88.1
"Male","bmi",28.8
"Male","height",167
"Male","weight",85.4
"Male","bmi",30.6
"Male","height",178
"Male","weight",79.9
"Male","bmi",25.2
"Male","height",189
"Male","weight",99.1
"Male","bmi",27.7
"Male","height",187
"Male","weight",101.2
"Male","bmi",28.9
"Male","height",175
"Male","weight",81.9
"Male","bmi",26.7
"Male","height",176
"Male","weight",86.8
"Male","bmi",28
"Male","height",183
"Male","weight",95.5
"Male","bmi",28.5
"Male","height",176
"Male","weight",89.1
"Male","bmi",28.8
"Male","height",176
"Male","weight",93.5
"Male","bmi",30.2
"Male","height",164
"Male","weight",76
"Male","bmi",28.3
"Male","height",177
"Male","weight",85.1
"Male","bmi",27.2
"Male","height",183
"Male","weight",92.1
"Male","bmi",27.5
"Male","height",181
"Male","weight",93.2
"Male","bmi",28.4
"Male","height",175
"Male","weight",84.7
"Male","bmi",27.7
"Male","height",179
"Male","weight",94.1
"Male","bmi",29.4
"Male","height",182
"Male","weight",91.4
"Male","bmi",27.6
"Male","height",183
"Male","weight",92
"Male","bmi",27.5
"Male","height",163
"Male","weight",69.8
"Male","bmi",26.3
"Male","height",173
"Male","weight",73.7
"Male","bmi",24.6
"Male","height",181
"Male","weight",87.5
"Male","bmi",26.7
"Male","height",173
"Male","weight",84.5
"Male","bmi",28.2
"Male","height",173
"Male","weight",81.3
"Male","bmi",27.2
"Male","height",168
"Male","weight",72.1
"Male","bmi",25.5
"Male","height",164
"Male","weight",80.4
"Male","bmi",29.9
"Male","height",164
"Male","weight",73.3
"Male","bmi",27.3
"Male","height",171
"Male","weight",72
"Male","bmi",24.6
"Male","height",183
"Male","weight",83.8
"Male","bmi",25
"Male","height",173
"Male","weight",75.9
"Male","bmi",25.4
"Male","height",177
"Male","weight",84.8
"Male","bmi",27.1
"Male","height",182
"Male","weight",89
"Male","bmi",26.9
"Male","height",173
"Male","weight",78.3
"Male","bmi",26.2
"Male","height",174
"Male","weight",93.4
"Male","bmi",30.8
"Male","height",176
"Male","weight",87.1
"Male","bmi",28.1
"Male","height",160
"Male","weight",63.2
"Male","bmi",24.7
"Male","height",162
"Male","weight",76.7
"Male","bmi",29.2
"Male","height",182
"Male","weight",85.8
"Male","bmi",25.9
"Male","height",179
"Male","weight",91.4
"Male","bmi",28.5
"Male","height",179
"Male","weight",88
"Male","bmi",27.5
"Male","height",174
"Male","weight",76.3
"Male","bmi",25.2
"Male","height",180
"Male","weight",84.4
"Male","bmi",26
"Male","height",181
"Male","weight",93.7
"Male","bmi",28.6
"Male","height",178
"Male","weight",84.4
"Male","bmi",26.6
"Male","height",155
"Male","weight",63.6
"Male","bmi",26.5
"Male","height",182
"Male","weight",90.7
"Male","bmi",27.4
"Male","height",181
"Male","weight",89.5
"Male","bmi",27.3
"Male","height",181
"Male","weight",94.2
"Male","bmi",28.8
"Male","height",179
"Male","weight",82.9
"Male","bmi",25.9
"Male","height",184
"Male","weight",98
"Male","bmi",28.9
"Male","height",172
"Male","weight",76.1
"Male","bmi",25.7
"Male","height",172
"Male","weight",81.7
"Male","bmi",27.6
"Male","height",182
"Male","weight",86.4
"Male","bmi",26.1
"Male","height",185
"Male","weight",89.1
"Male","bmi",26
"Male","height",179
"Male","weight",85.5
"Male","bmi",26.7
"Male","height",186
"Male","weight",98.5
"Male","bmi",28.5
"Male","height",179
"Male","weight",89.4
"Male","bmi",27.9
"Male","height",174
"Male","weight",80.2
"Male","bmi",26.5
"Male","height",159
"Male","weight",65.5
"Male","bmi",25.9
"Male","height",176
"Male","weight",99.3
"Male","bmi",32.1
"Male","height",183
"Male","weight",92.5
"Male","bmi",27.6
"Male","height",183
"Male","weight",93.4
"Male","bmi",27.9
"Male","height",185
"Male","weight",92.7
"Male","bmi",27.1
"Male","height",172
"Male","weight",80.9
"Male","bmi",27.3
"Male","height",178
"Male","weight",90.8
"Male","bmi",28.7
"Male","height",174
"Male","weight",78.8
"Male","bmi",26
"Male","height",182
"Male","weight",92.1
"Male","bmi",27.8
"Male","height",166
"Male","weight",66.2
"Male","bmi",24
"Male","height",165
"Male","weight",75.4
"Male","bmi",27.7
"Male","height",174
"Male","weight",90.9
"Male","bmi",30
"Male","height",192
"Male","weight",100.8
"Male","bmi",27.3
"Male","height",179
"Male","weight",98.7
"Male","bmi",30.8
"Male","height",180
"Male","weight",88.6
"Male","bmi",27.3
"Male","height",171
"Male","weight",80.8
"Male","bmi",27.6
"Male","height",171
"Male","weight",84.5
"Male","bmi",28.9
"Male","height",184
"Male","weight",92.7
"Male","bmi",27.4
"Male","height",172
"Male","weight",77.9
"Male","bmi",26.3
"Male","height",182
"Male","weight",90.8
"Male","bmi",27.4
"Male","height",155
"Male","weight",69.1
"Male","bmi",28.8
"Male","height",173
"Male","weight",82.3
"Male","bmi",27.5
"Male","height",174
"Male","weight",79.8
"Male","bmi",26.4
"Male","height",172
"Male","weight",84.2
"Male","bmi",28.5
"Male","height",184
"Male","weight",93.7
"Male","bmi",27.7
"Male","height",176
"Male","weight",85
"Male","bmi",27.4
"Male","height",177
"Male","weight",90.8
"Male","bmi",29
"Male","height",170
"Male","weight",81.9
"Male","bmi",28.3
"Male","height",173
"Male","weight",85.2
"Male","bmi",28.5
"Male","height",188
"Male","weight",93.2
"Male","bmi",26.4
"Male","height",179
"Male","weight",90.3
"Male","bmi",28.2
"Male","height",174
"Male","weight",85.2
"Male","bmi",28.1
"Male","height",191
"Male","weight",113.5
"Male","bmi",31.1
"Male","height",168
"Male","weight",83.5
"Male","bmi",29.6
"Male","height",172
"Male","weight",84.9
"Male","bmi",28.7
"Male","height",153
"Male","weight",60.3
"Male","bmi",25.8
"Male","height",180
"Male","weight",87.9
"Male","bmi",27.1
"Male","height",165
"Male","weight",75.2
"Male","bmi",27.6
"Male","height",168
"Male","weight",81.9
"Male","bmi",29
"Male","height",175
"Male","weight",87
"Male","bmi",28.4
"Male","height",171
"Male","weight",84.3
"Male","bmi",28.8
"Male","height",176
"Male","weight",94.9
"Male","bmi",30.6
"Male","height",177
"Male","weight",83.3
"Male","bmi",26.6
"Male","height",173
"Male","weight",92.2
"Male","bmi",30.8
"Male","height",180
"Male","weight",86.6
"Male","bmi",26.7
"Male","height",173
"Male","weight",86.6
"Male","bmi",28.9
"Male","height",167
"Male","weight",77.2
"Male","bmi",27.7
"Male","height",179
"Male","weight",88.5
"Male","bmi",27.6
"Male","height",175
"Male","weight",89.2
"Male","bmi",29.1
"Male","height",172
"Male","weight",75.3
"Male","bmi",25.5
"Male","height",162
"Male","weight",71.4
"Male","bmi",27.2
"Male","height",177
"Male","weight",91.4
"Male","bmi",29.2
"Male","height",177
"Male","weight",85.4
"Male","bmi",27.3
"Male","height",178
"Male","weight",83.5
"Male","bmi",26.4
"Male","height",173
"Male","weight",74.3
"Male","bmi",24.8
"Male","height",183
"Male","weight",94
"Male","bmi",28.1
"Male","height",186
"Male","weight",95.8
"Male","bmi",27.7
"Male","height",188
"Male","weight",93.7
"Male","bmi",26.5
"Male","height",170
"Male","weight",77.8
"Male","bmi",26.9
"Male","height",167
"Male","weight",75.6
"Male","bmi",27.1
"Male","height",162
"Male","weight",71.4
"Male","bmi",27.2
"Male","height",172
"Male","weight",86.1
"Male","bmi",29.1
"Male","height",173
"Male","weight",82.9
"Male","bmi",27.7
"Male","height",169
"Male","weight",74.7
"Male","bmi",26.2
"Male","height",176
"Male","weight",91.1
"Male","bmi",29.4
"Male","height",167
"Male","weight",79.1
"Male","bmi",28.4
"Male","height",174
"Male","weight",88.2
"Male","bmi",29.1
"Male","height",192
"Male","weight",96.2
"Male","bmi",26.1
"Male","height",172
"Male","weight",85
"Male","bmi",28.7
"Male","height",172
"Male","weight",79.7
"Male","bmi",26.9
"Male","height",169
"Male","weight",73.8
"Male","bmi",25.8
"Male","height",165
"Male","weight",73.9
"Male","bmi",27.1
"Male","height",176
"Male","weight",81.9
"Male","bmi",26.4
"Male","height",173
"Male","weight",83.9
"Male","bmi",28
"Male","height",171
"Male","weight",77.3
"Male","bmi",26.4
"Male","height",177
"Male","weight",86.3
"Male","bmi",27.5
"Male","height",184
"Male","weight",94.9
"Male","bmi",28
"Male","height",171
"Male","weight",82.8
"Male","bmi",28.3
"Male","height",178
"Male","weight",89.1
"Male","bmi",28.1
"Male","height",182
"Male","weight",97.9
"Male","bmi",29.6
"Male","height",165
"Male","weight",76.8
"Male","bmi",28.2
"Male","height",153
"Male","weight",66.7
"Male","bmi",28.5
"Male","height",181
"Male","weight",87.3
"Male","bmi",26.6
"Male","height",175
"Male","weight",92
"Male","bmi",30
"Male","height",187
"Male","weight",95.9
"Male","bmi",27.4
"Male","height",174
"Male","weight",82.1
"Male","bmi",27.1
"Male","height",189
"Male","weight",95.3
"Male","bmi",26.7
"Male","height",171
"Male","weight",79.2
"Male","bmi",27.1
"Male","height",174
"Male","weight",85.8
"Male","bmi",28.3
"Male","height",177
"Male","weight",85.3
"Male","bmi",27.2
"Male","height",175
"Male","weight",69.6
"Male","bmi",22.7
"Male","height",169
"Male","weight",81.2
"Male","bmi",28.4
"Male","height",175
"Male","weight",84.4
"Male","bmi",27.6
"Male","height",171
"Male","weight",80.8
"Male","bmi",27.6
"Male","height",165
"Male","weight",74.5
"Male","bmi",27.4
"Male","height",181
"Male","weight",96.4
"Male","bmi",29.4
"Male","height",175
"Male","weight",79.2
"Male","bmi",25.9
"Male","height",178
"Male","weight",89.1
"Male","bmi",28.1
"Male","height",188
"Male","weight",98.4
"Male","bmi",27.8
"Male","height",175
"Male","weight",83.3
"Male","bmi",27.2
"Male","height",175
"Male","weight",88.5
"Male","bmi",28.9
"Male","height",173
"Male","weight",75.4
"Male","bmi",25.2
"Male","height",167
"Male","weight",81.2
"Male","bmi",29.1
"Male","height",164
"Male","weight",71.2
"Male","bmi",26.5
"Male","height",179
"Male","weight",87.1
"Male","bmi",27.2
"Male","height",181
"Male","weight",90
"Male","bmi",27.5
"Male","height",180
"Male","weight",83.1
"Male","bmi",25.6
"Male","height",166
"Male","weight",71.9
"Male","bmi",26.1
"Male","height",177
"Male","weight",84.6
"Male","bmi",27
"Male","height",178
"Male","weight",89.9
"Male","bmi",28.4
"Male","height",174
"Male","weight",83.8
"Male","bmi",27.7
"Male","height",176
"Male","weight",75.4
"Male","bmi",24.3
"Male","height",179
"Male","weight",86
"Male","bmi",26.8
"Male","height",176
"Male","weight",90.4
"Male","bmi",29.2
"Male","height",177
"Male","weight",86.9
"Male","bmi",27.7
"Male","height",171
"Male","weight",82.4
"Male","bmi",28.2
"Male","height",164
"Male","weight",75.6
"Male","bmi",28.1
"Male","height",170
"Male","weight",87.1
"Male","bmi",30.1
"Male","height",178
"Male","weight",90.8
"Male","bmi",28.7
"Male","height",169
"Male","weight",77.4
"Male","bmi",27.1
"Male","height",156
"Male","weight",62
"Male","bmi",25.5
"Male","height",173
"Male","weight",88.1
"Male","bmi",29.4
"Male","height",176
"Male","weight",99
"Male","bmi",32
"Male","height",178
"Male","weight",88.8
"Male","bmi",28
"Male","height",178
"Male","weight",82.4
"Male","bmi",26
"Male","height",175
"Male","weight",82
"Male","bmi",26.8
"Male","height",180
"Male","weight",93.2
"Male","bmi",28.8
"Male","height",175
"Male","weight",83.2
"Male","bmi",27.2
"Male","height",174
"Male","weight",83.5
"Male","bmi",27.6
"Male","height",178
"Male","weight",87.1
"Male","bmi",27.5
"Male","height",183
"Male","weight",87.9
"Male","bmi",26.2
"Male","height",182
"Male","weight",91
"Male","bmi",27.5
"Male","height",174
"Male","weight",80.9
"Male","bmi",26.7
"Male","height",169
"Male","weight",74.3
"Male","bmi",26
"Male","height",175
"Male","weight",93.9
"Male","bmi",30.7
"Male","height",175
"Male","weight",84.2
"Male","bmi",27.5
"Male","height",184
"Male","weight",97
"Male","bmi",28.7
"Male","height",166
"Male","weight",78.2
"Male","bmi",28.4
"Male","height",179
"Male","weight",95.6
"Male","bmi",29.8
"Male","height",183
"Male","weight",95.2
"Male","bmi",28.4
"Male","height",180
"Male","weight",97.6
"Male","bmi",30.1
"Male","height",177
"Male","weight",87.1
"Male","bmi",27.8
"Male","height",176
"Male","weight",90.8
"Male","bmi",29.3
"Male","height",184
"Male","weight",90.6
"Male","bmi",26.8
"Male","height",167
"Male","weight",86.9
"Male","bmi",31.2
"Male","height",167
"Male","weight",76.1
"Male","bmi",27.3
"Male","height",179
"Male","weight",92.9
"Male","bmi",29
"Male","height",166
"Male","weight",75.9
"Male","bmi",27.5
"Male","height",178
"Male","weight",97.1
"Male","bmi",30.6
"Male","height",163
"Male","weight",66.8
"Male","bmi",25.1
"Male","height",170
"Male","weight",80.8
"Male","bmi",28
"Male","height",188
"Male","weight",109.2
"Male","bmi",30.9
"Male","height",175
"Male","weight",95.8
"Male","bmi",31.3
"Male","height",178
"Male","weight",89.1
"Male","bmi",28.1
"Male","height",171
"Male","weight",77.3
"Male","bmi",26.4
"Male","height",189
"Male","weight",96.9
"Male","bmi",27.1
"Male","height",178
"Male","weight",81.8
"Male","bmi",25.8
"Male","height",175
"Male","weight",81.6
"Male","bmi",26.6
"Male","height",172
"Male","weight",80.9
"Male","bmi",27.3
"Male","height",180
"Male","weight",91.3
"Male","bmi",28.2
"Male","height",179
"Male","weight",86.4
"Male","bmi",27
"Male","height",176
"Male","weight",87
"Male","bmi",28.1
"Male","height",180
"Male","weight",88.1
"Male","bmi",27.2
"Male","height",163
"Male","weight",72.4
"Male","bmi",27.2
"Male","height",179
"Male","weight",91.5
"Male","bmi",28.6
"Male","height",177
"Male","weight",84.2
"Male","bmi",26.9
"Male","height",174
"Male","weight",82.7
"Male","bmi",27.3
"Male","height",170
"Male","weight",80.6
"Male","bmi",27.9
"Male","height",170
"Male","weight",81.8
"Male","bmi",28.3
"Male","height",177
"Male","weight",83.4
"Male","bmi",26.6
"Male","height",169
"Male","weight",71.5
"Male","bmi",25
"Male","height",179
"Male","weight",93.1
"Male","bmi",29.1
"Male","height",163
"Male","weight",74.4
"Male","bmi",28
"Male","height",165
"Male","weight",65.6
"Male","bmi",24.1
"Male","height",173
"Male","weight",80.7
"Male","bmi",27
"Male","height",183
"Male","weight",94.2
"Male","bmi",28.1
"Male","height",175
"Male","weight",83.7
"Male","bmi",27.3
"Male","height",180
"Male","weight",85.6
"Male","bmi",26.4
"Male","height",180
"Male","weight",87.7
"Male","bmi",27.1
"Male","height",182
"Male","weight",94.7
"Male","bmi",28.6
"Male","height",167
"Male","weight",73.6
"Male","bmi",26.4
"Male","height",174
"Male","weight",87.8
"Male","bmi",29
"Male","height",178
"Male","weight",82.7
"Male","bmi",26.1
"Male","height",170
"Male","weight",75.5
"Male","bmi",26.1
"Male","height",184
"Male","weight",92.1
"Male","bmi",27.2
"Male","height",180
"Male","weight",88.3
"Male","bmi",27.3
"Male","height",174
"Male","weight",77.7
"Male","bmi",25.7
"Male","height",182
"Male","weight",91.3
"Male","bmi",27.6
"Male","height",175
"Male","weight",87.2
"Male","bmi",28.5
"Male","height",176
"Male","weight",88.2
"Male","bmi",28.5
"Male","height",178
"Male","weight",90.5
"Male","bmi",28.6
"Male","height",174
"Male","weight",84.4
"Male","bmi",27.9
"Male","height",169
"Male","weight",82
"Male","bmi",28.7
"Male","height",179
"Male","weight",96.8
"Male","bmi",30.2
"Male","height",184
"Male","weight",91.6
"Male","bmi",27.1
"Male","height",179
"Male","weight",86.1
"Male","bmi",26.9
"Male","height",165
"Male","weight",71.5
"Male","bmi",26.3
"Male","height",173
"Male","weight",80.3
"Male","bmi",26.8
"Male","height",178
"Male","weight",93.9
"Male","bmi",29.6
"Male","height",187
"Male","weight",94.7
"Male","bmi",27.1
"Male","height",162
"Male","weight",71.1
"Male","bmi",27.1
"Male","height",158
"Male","weight",58.6
"Male","bmi",23.5
"Male","height",183
"Male","weight",91.7
"Male","bmi",27.4
"Male","height",189
"Male","weight",100.8
"Male","bmi",28.2
"Male","height",178
"Male","weight",98.4
"Male","bmi",31.1
"Male","height",183
"Male","weight",91.6
"Male","bmi",27.4
"Male","height",173
"Male","weight",79.4
"Male","bmi",26.5
"Male","height",173
"Male","weight",84.4
"Male","bmi",28.2
"Male","height",181
"Male","weight",85.7
"Male","bmi",26.2
"Male","height",185
"Male","weight",99.3
"Male","bmi",29
"Male","height",177
"Male","weight",87.5
"Male","bmi",27.9
"Male","height",172
"Male","weight",85.4
"Male","bmi",28.9
"Male","height",171
"Male","weight",81.7
"Male","bmi",27.9
"Male","height",161
"Male","weight",68.4
"Male","bmi",26.4
"Male","height",166
"Male","weight",79.3
"Male","bmi",28.8
"Male","height",176
"Male","weight",87.5
"Male","bmi",28.2
"Male","height",175
"Male","weight",84.7
"Male","bmi",27.7
"Male","height",176
"Male","weight",85.3
"Male","bmi",27.5
"Male","height",175
"Male","weight",78.2
"Male","bmi",25.5
"Male","height",171
"Male","weight",88.5
"Male","bmi",30.3
"Male","height",166
"Male","weight",69.1
"Male","bmi",25.1
"Male","height",177
"Male","weight",79
"Male","bmi",25.2
"Male","height",165
"Male","weight",71.2
"Male","bmi",26.2
"Male","height",175
"Male","weight",87.1
"Male","bmi",28.4
"Male","height",170
"Male","weight",82.6
"Male","bmi",28.6
"Male","height",170
"Male","weight",76.2
"Male","bmi",26.4
"Male","height",171
"Male","weight",86.1
"Male","bmi",29.4
"Male","height",179
"Male","weight",88.1
"Male","bmi",27.5
"Male","height",166
"Male","weight",79.9
"Male","bmi",29
"Male","height",170
"Male","weight",72.3
"Male","bmi",25
"Male","height",170
"Male","weight",78.7
"Male","bmi",27.2
"Male","height",183
"Male","weight",93.2
"Male","bmi",27.8
"Male","height",163
"Male","weight",74
"Male","bmi",27.9
"Male","height",157
"Male","weight",67.1
"Male","bmi",27.2
"Male","height",180
"Male","weight",91.7
"Male","bmi",28.3
"Male","height",170
"Male","weight",75.7
"Male","bmi",26.2
"Male","height",176
"Male","weight",76.4
"Male","bmi",24.7
"Male","height",171
"Male","weight",85.6
"Male","bmi",29.3
"Male","height",182
"Male","weight",96.1
"Male","bmi",29
"Male","height",183
"Male","weight",92.5
"Male","bmi",27.6
"Male","height",187
"Male","weight",98.2
"Male","bmi",28.1
"Male","height",163
"Male","weight",73.4
"Male","bmi",27.6
"Male","height",180
"Male","weight",88.5
"Male","bmi",27.3
"Male","height",179
"Male","weight",92.3
"Male","bmi",28.8
"Male","height",171
"Male","weight",77.7
"Male","bmi",26.6
"Male","height",176
"Male","weight",84.9
"Male","bmi",27.4
"Male","height",175
"Male","weight",86.1
"Male","bmi",28.1
"Male","height",180
"Male","weight",90.9
"Male","bmi",28.1
"Male","height",169
"Male","weight",71.4
"Male","bmi",25
"Male","height",172
"Male","weight",78.8
"Male","bmi",26.6
"Male","height",174
"Male","weight",83.2
"Male","bmi",27.5
"Male","height",177
"Male","weight",87.6
"Male","bmi",28
"Male","height",177
"Male","weight",85.7
"Male","bmi",27.4
"Male","height",169
"Male","weight",79.8
"Male","bmi",27.9
"Male","height",185
"Male","weight",99.4
"Male","bmi",29
"Male","height",182
"Male","weight",86.2
"Male","bmi",26
"Male","height",182
"Male","weight",89.8
"Male","bmi",27.1
"Male","height",164
"Male","weight",74.9
"Male","bmi",27.8
"Male","height",177
"Male","weight",84.5
"Male","bmi",27
"Male","height",178
"Male","weight",85.1
"Male","bmi",26.9
"Male","height",170
"Male","weight",71.4
"Male","bmi",24.7
"Male","height",178
"Male","weight",84.2
"Male","bmi",26.6
"Male","height",166
"Male","weight",71.7
"Male","bmi",26
"Male","height",164
"Male","weight",62.6
"Male","bmi",23.3
"Male","height",173
"Male","weight",82.3
"Male","bmi",27.5
"Male","height",178
"Male","weight",80.5
"Male","bmi",25.4
"Male","height",174
"Male","weight",86.9
"Male","bmi",28.7
"Male","height",171
"Male","weight",83
"Male","bmi",28.4
"Male","height",183
"Male","weight",87.6
"Male","bmi",26.2
"Male","height",183
"Male","weight",82.2
"Male","bmi",24.5
"Male","height",174
"Male","weight",81
"Male","bmi",26.8
"Male","height",174
"Male","weight",85
"Male","bmi",28.1
"Male","height",172
"Male","weight",87.5
"Male","bmi",29.6
"Male","height",177
"Male","weight",85.9
"Male","bmi",27.4
"Male","height",183
"Male","weight",88.4
"Male","bmi",26.4
"Male","height",181
"Male","weight",89.3
"Male","bmi",27.3
"Male","height",177
"Male","weight",79.6
"Male","bmi",25.4
"Male","height",176
"Male","weight",89
"Male","bmi",28.7
"Male","height",171
"Male","weight",84.9
"Male","bmi",29
"Male","height",183
"Male","weight",90.3
"Male","bmi",27
"Male","height",177
"Male","weight",93.4
"Male","bmi",29.8
"Male","height",172
"Male","weight",83.6
"Male","bmi",28.3
"Male","height",165
"Male","weight",72.2
"Male","bmi",26.5
"Male","height",175
"Male","weight",82
"Male","bmi",26.8
"Male","height",176
"Male","weight",87.4
"Male","bmi",28.2
"Male","height",160
"Male","weight",73.8
"Male","bmi",28.8
"Male","height",177
"Male","weight",89.6
"Male","bmi",28.6
"Male","height",178
"Male","weight",88.5
"Male","bmi",27.9
"Male","height",165
"Male","weight",66.1
"Male","bmi",24.3
"Male","height",194
"Male","weight",112.2
"Male","bmi",29.8
"Male","height",169
"Male","weight",75.3
"Male","bmi",26.4
"Male","height",174
"Male","weight",81.4
"Male","bmi",26.9
"Male","height",182
"Male","weight",90.6
"Male","bmi",27.4
"Male","height",171
"Male","weight",90.1
"Male","bmi",30.8
"Male","height",178
"Male","weight",89
"Male","bmi",28.1
"Male","height",185
"Male","weight",93.6
"Male","bmi",27.3
"Male","height",179
"Male","weight",86.3
"Male","bmi",26.9
"Male","height",164
"Male","weight",74.7
"Male","bmi",27.8
"Male","height",174
"Male","weight",86
"Male","bmi",28.4
"Male","height",171
"Male","weight",81.5
"Male","bmi",27.9
"Male","height",177
"Male","weight",85.7
"Male","bmi",27.4
"Male","height",170
"Male","weight",81.4
"Male","bmi",28.2
"Male","height",176
"Male","weight",92.8
"Male","bmi",30
"Male","height",179
"Male","weight",86.6
"Male","bmi",27
"Male","height",159
"Male","weight",69.8
"Male","bmi",27.6
"Male","height",181
"Male","weight",95.3
"Male","bmi",29.1
"Male","height",165
"Male","weight",76.5
"Male","bmi",28.1
"Male","height",177
"Male","weight",93.7
"Male","bmi",29.9
"Male","height",187
"Male","weight",96.1
"Male","bmi",27.5
"Male","height",173
"Male","weight",80.5
"Male","bmi",26.9
"Male","height",181
"Male","weight",87.5
"Male","bmi",26.7
"Male","height",173
"Male","weight",80.8
"Male","bmi",27
"Male","height",172
"Male","weight",72.2
"Male","bmi",24.4
"Male","height",173
"Male","weight",77.4
"Male","bmi",25.9
"Male","height",185
"Male","weight",93.3
"Male","bmi",27.3
"Male","height",178
"Male","weight",83.1
"Male","bmi",26.2
"Male","height",173
"Male","weight",85.4
"Male","bmi",28.5
"Male","height",175
"Male","weight",87.3
"Male","bmi",28.5
"Male","height",172
"Male","weight",84.4
"Male","bmi",28.5
"Male","height",180
"Male","weight",83.7
"Male","bmi",25.8
"Male","height",187
"Male","weight",95.8
"Male","bmi",27.4
"Male","height",160
"Male","weight",66.1
"Male","bmi",25.8
"Male","height",166
"Male","weight",73.2
"Male","bmi",26.6
"Male","height",185
"Male","weight",95.8
"Male","bmi",28
"Male","height",175
"Male","weight",82.4
"Male","bmi",26.9
"Male","height",171
"Male","weight",73.7
"Male","bmi",25.2
"Male","height",156
"Male","weight",63.4
"Male","bmi",26.1
"Male","height",186
"Male","weight",96.3
"Male","bmi",27.8
"Male","height",166
"Male","weight",71.5
"Male","bmi",25.9
"Male","height",183
"Male","weight",100.1
"Male","bmi",29.9
"Male","height",180
"Male","weight",84.1
"Male","bmi",26
"Male","height",172
"Male","weight",82.5
"Male","bmi",27.9
"Male","height",174
"Male","weight",82.9
"Male","bmi",27.4
"Male","height",179
"Male","weight",95.9
"Male","bmi",29.9
"Male","height",179
"Male","weight",89.5
"Male","bmi",27.9
"Male","height",172
"Male","weight",82.8
"Male","bmi",28
"Male","height",184
"Male","weight",92.3
"Male","bmi",27.3
"Male","height",179
"Male","weight",87.7
"Male","bmi",27.4
"Male","height",180
"Male","weight",96.2
"Male","bmi",29.7
"Male","height",177
"Male","weight",84.5
"Male","bmi",27
"Male","height",167
"Male","weight",84.5
"Male","bmi",30.3
"Male","height",179
"Male","weight",78.9
"Male","bmi",24.6
"Male","height",177
"Male","weight",82
"Male","bmi",26.2
"Male","height",173
"Male","weight",83.2
"Male","bmi",27.8
"Male","height",184
"Male","weight",90.3
"Male","bmi",26.7
"Male","height",180
"Male","weight",89.2
"Male","bmi",27.5
"Male","height",199
"Male","weight",115.2
"Male","bmi",29.1
"Male","height",170
"Male","weight",71.2
"Male","bmi",24.6
"Male","height",176
"Male","weight",89.6
"Male","bmi",28.9
"Male","height",172
"Male","weight",80
"Male","bmi",27
"Male","height",183
"Male","weight",92.8
"Male","bmi",27.7
"Male","height",172
"Male","weight",80.6
"Male","bmi",27.2
"Male","height",181
"Male","weight",91
"Male","bmi",27.8
"Male","height",168
"Male","weight",77.2
"Male","bmi",27.4
"Male","height",172
"Male","weight",84
"Male","bmi",28.4
"Male","height",170
"Male","weight",77.8
"Male","bmi",26.9
"Male","height",177
"Male","weight",79.9
"Male","bmi",25.5
"Male","height",165
"Male","weight",70.9
"Male","bmi",26
"Male","height",171
"Male","weight",76.4
"Male","bmi",26.1
"Male","height",177
"Male","weight",92.2
"Male","bmi",29.4
"Male","height",186
"Male","weight",100.8
"Male","bmi",29.1
"Male","height",168
"Male","weight",74.2
"Male","bmi",26.3
"Male","height",178
"Male","weight",81.9
"Male","bmi",25.8
"Male","height",182
"Male","weight",85.7
"Male","bmi",25.9
"Male","height",186
"Male","weight",100.1
"Male","bmi",28.9
"Male","height",188
"Male","weight",103.5
"Male","bmi",29.3
"Male","height",171
"Male","weight",74.1
"Male","bmi",25.3
"Male","height",182
"Male","weight",88
"Male","bmi",26.6
"Male","height",181
"Male","weight",95.4
"Male","bmi",29.1
"Male","height",173
"Male","weight",82.1
"Male","bmi",27.4
"Male","height",164
"Male","weight",70.7
"Male","bmi",26.3
"Male","height",190
"Male","weight",96.8
"Male","bmi",26.8
"Male","height",172
"Male","weight",73.9
"Male","bmi",25
"Male","height",176
"Male","weight",84.3
"Male","bmi",27.2
"Male","height",180
"Male","weight",89.2
"Male","bmi",27.5
"Male","height",176
"Male","weight",86.9
"Male","bmi",28.1
"Male","height",176
"Male","weight",78.2
"Male","bmi",25.2
"Male","height",175
"Male","weight",86.5
"Male","bmi",28.2
"Male","height",170
"Male","weight",79
"Male","bmi",27.3
"Male","height",178
"Male","weight",88.3
"Male","bmi",27.9
"Male","height",176
"Male","weight",87.2
"Male","bmi",28.2
"Male","height",182
"Male","weight",89.1
"Male","bmi",26.9
"Male","height",188
"Male","weight",97.2
"Male","bmi",27.5
"Male","height",169
"Male","weight",79.3
"Male","bmi",27.8
"Male","height",157
"Male","weight",63.9
"Male","bmi",25.9
"Male","height",171
"Male","weight",75.6
"Male","bmi",25.9
"Male","height",160
"Male","weight",71.8
"Male","bmi",28
"Male","height",183
"Male","weight",92
"Male","bmi",27.5
"Male","height",190
"Male","weight",95.8
"Male","bmi",26.5
"Male","height",179
"Male","weight",84.3
"Male","bmi",26.3
"Male","height",167
"Male","weight",81.4
"Male","bmi",29.2
"Male","height",185
"Male","weight",90.9
"Male","bmi",26.6
"Male","height",172
"Male","weight",74.7
"Male","bmi",25.3
"Male","height",154
"Male","weight",56.1
"Male","bmi",23.7
"Male","height",162
"Male","weight",69.2
"Male","bmi",26.4
"Male","height",162
"Male","weight",72.9
"Male","bmi",27.8
"Male","height",184
"Male","weight",94.1
"Male","bmi",27.8
"Male","height",179
"Male","weight",91.1
"Male","bmi",28.4
"Male","height",174
"Male","weight",88
"Male","bmi",29.1
"Male","height",169
"Male","weight",76.3
"Male","bmi",26.7
"Male","height",169
"Male","weight",78.4
"Male","bmi",27.5
"Male","height",179
"Male","weight",82.9
"Male","bmi",25.9
"Male","height",172
"Male","weight",84.1
"Male","bmi",28.4
"Male","height",177
"Male","weight",89.1
"Male","bmi",28.4
"Male","height",168
"Male","weight",76.6
"Male","bmi",27.1
"Male","height",174
"Male","weight",83.3
"Male","bmi",27.5
"Male","height",181
"Male","weight",89.8
"Male","bmi",27.4
"Male","height",172
"Male","weight",80.4
"Male","bmi",27.2
"Male","height",170
"Male","weight",78.5
"Male","bmi",27.2
"Male","height",168
"Male","weight",84.3
"Male","bmi",29.9
"Male","height",178
"Male","weight",82.8
"Male","bmi",26.1
"Male","height",173
"Male","weight",78
"Male","bmi",26.1
"Male","height",178
"Male","weight",83.6
"Male","bmi",26.4
"Male","height",176
"Male","weight",78.9
"Male","bmi",25.5
"Male","height",177
"Male","weight",92.3
"Male","bmi",29.5
"Male","height",173
"Male","weight",77.2
"Male","bmi",25.8
"Male","height",177
"Male","weight",82.4
"Male","bmi",26.3
"Male","height",177
"Male","weight",81.7
"Male","bmi",26.1
"Male","height",177
"Male","weight",88.9
"Male","bmi",28.4
"Male","height",181
"Male","weight",87.5
"Male","bmi",26.7
"Male","height",166
"Male","weight",72.1
"Male","bmi",26.2
"Male","height",171
"Male","weight",85.8
"Male","bmi",29.3
"Male","height",177
"Male","weight",87.1
"Male","bmi",27.8
"Male","height",175
"Male","weight",85.2
"Male","bmi",27.8
"Male","height",178
"Male","weight",85.7
"Male","bmi",27
"Male","height",173
"Male","weight",90.7
"Male","bmi",30.3
"Male","height",175
"Male","weight",85.1
"Male","bmi",27.8
"Male","height",166
"Male","weight",73.4
"Male","bmi",26.6
"Male","height",178
"Male","weight",84.2
"Male","bmi",26.6
"Male","height",184
"Male","weight",96.1
"Male","bmi",28.4
"Male","height",185
"Male","weight",84.5
"Male","bmi",24.7
"Male","height",176
"Male","weight",83.6
"Male","bmi",27
"Male","height",178
"Male","weight",93.4
"Male","bmi",29.5
"Male","height",172
"Male","weight",81.2
"Male","bmi",27.4
"Male","height",181
"Male","weight",88.2
"Male","bmi",26.9
"Male","height",165
"Male","weight",80.6
"Male","bmi",29.6
"Male","height",184
"Male","weight",90.3
"Male","bmi",26.7
"Male","height",167
"Male","weight",67.3
"Male","bmi",24.1
"Male","height",184
"Male","weight",92.1
"Male","bmi",27.2
"Male","height",161
"Male","weight",71.1
"Male","bmi",27.4
"Male","height",184
"Male","weight",95
"Male","bmi",28.1
"Male","height",174
"Male","weight",87.3
"Male","bmi",28.8
"Male","height",172
"Male","weight",80
"Male","bmi",27
"Male","height",171
"Male","weight",75.7
"Male","bmi",25.9
"Male","height",163
"Male","weight",66.2
"Male","bmi",24.9
"Male","height",177
"Male","weight",85.1
"Male","bmi",27.2
"Male","height",178
"Male","weight",91.6
"Male","bmi",28.9
"Male","height",170
"Male","weight",73.3
"Male","bmi",25.4
"Male","height",173
"Male","weight",76.7
"Male","bmi",25.6
"Male","height",169
"Male","weight",83.3
"Male","bmi",29.2
"Male","height",181
"Male","weight",89.7
"Male","bmi",27.4
"Male","height",181
"Male","weight",95.8
"Male","bmi",29.2
"Male","height",176
"Male","weight",89
"Male","bmi",28.7
"Male","height",180
"Male","weight",90.6
"Male","bmi",28
"Male","height",173
"Male","weight",81.2
"Male","bmi",27.1
"Male","height",175
"Male","weight",77.3
"Male","bmi",25.2
"Male","height",159
"Male","weight",68.4
"Male","bmi",27.1
"Male","height",166
"Male","weight",76.3
"Male","bmi",27.7
"Male","height",181
"Male","weight",83.6
"Male","bmi",25.5
"Male","height",175
"Male","weight",90
"Male","bmi",29.4
"Male","height",168
"Male","weight",80.1
"Male","bmi",28.4
"Male","height",181
"Male","weight",93.3
"Male","bmi",28.5
"Male","height",165
"Male","weight",75.6
"Male","bmi",27.8
"Male","height",173
"Male","weight",89.6
"Male","bmi",29.9
"Male","height",159
"Male","weight",75.3
"Male","bmi",29.8
"Male","height",164
"Male","weight",71
"Male","bmi",26.4
"Male","height",176
"Male","weight",81
"Male","bmi",26.1
"Male","height",168
"Male","weight",85
"Male","bmi",30.1
"Male","height",178
"Male","weight",83
"Male","bmi",26.2
"Male","height",180
"Male","weight",83.3
"Male","bmi",25.7
"Male","height",177
"Male","weight",81
"Male","bmi",25.9
"Male","height",175
"Male","weight",88.6
"Male","bmi",28.9
"Male","height",173
"Male","weight",85.1
"Male","bmi",28.4
"Male","height",176
"Male","weight",86.5
"Male","bmi",27.9
"Male","height",176
"Male","weight",79.1
"Male","bmi",25.5
"Male","height",172
"Male","weight",78.9
"Male","bmi",26.7
"Male","height",172
"Male","weight",80.3
"Male","bmi",27.1
"Male","height",184
"Male","weight",85.8
"Male","bmi",25.3
"Male","height",169
"Male","weight",81.8
"Male","bmi",28.6
"Male","height",171
"Male","weight",84.2
"Male","bmi",28.8
"Male","height",182
"Male","weight",93.4
"Male","bmi",28.2
"Male","height",167
"Male","weight",78.4
"Male","bmi",28.1
"Male","height",173
"Male","weight",84.7
"Male","bmi",28.3
"Male","height",187
"Male","weight",101.3
"Male","bmi",29
"Male","height",173
"Male","weight",82.7
"Male","bmi",27.6
"Male","height",171
"Male","weight",85.5
"Male","bmi",29.2
"Male","height",183
"Male","weight",96.6
"Male","bmi",28.8
"Male","height",179
"Male","weight",90.7
"Male","bmi",28.3
"Male","height",173
"Male","weight",82.5
"Male","bmi",27.6
"Male","height",182
"Male","weight",87.6
"Male","bmi",26.4
"Male","height",174
"Male","weight",83.7
"Male","bmi",27.6
"Male","height",177
"Male","weight",89.5
"Male","bmi",28.6
"Male","height",178
"Male","weight",89.2
"Male","bmi",28.2
"Male","height",177
"Male","weight",83.5
"Male","bmi",26.7
"Male","height",177
"Male","weight",80.3
"Male","bmi",25.6
"Male","height",166
"Male","weight",86.2
"Male","bmi",31.3
"Male","height",173
"Male","weight",81
"Male","bmi",27.1
"Male","height",171
"Male","weight",78.2
"Male","bmi",26.7
"Male","height",182
"Male","weight",91.1
"Male","bmi",27.5
"Male","height",171
"Male","weight",79.2
"Male","bmi",27.1
"Male","height",182
"Male","weight",91.1
"Male","bmi",27.5
"Male","height",177
"Male","weight",82.5
"Male","bmi",26.3
"Male","height",171
"Male","weight",77.2
"Male","bmi",26.4
"Male","height",179
"Male","weight",84.7
"Male","bmi",26.4
"Male","height",180
"Male","weight",90.9
"Male","bmi",28.1
"Male","height",173
"Male","weight",76.2
"Male","bmi",25.5
"Male","height",177
"Male","weight",87
"Male","bmi",27.8
"Male","height",180
"Male","weight",83.8
"Male","bmi",25.9
"Male","height",177
"Male","weight",83.8
"Male","bmi",26.7
"Male","height",173
"Male","weight",75.5
"Male","bmi",25.2
"Male","height",184
"Male","weight",94.2
"Male","bmi",27.8
"Male","height",192
"Male","weight",104.8
"Male","bmi",28.4
"Male","height",174
"Male","weight",82.3
"Male","bmi",27.2
"Male","height",182
"Male","weight",87.7
"Male","bmi",26.5
"Male","height",175
"Male","weight",80.4
"Male","bmi",26.3
"Male","height",177
"Male","weight",86.3
"Male","bmi",27.5
"Male","height",184
"Male","weight",103.5
"Male","bmi",30.6
"Male","height",179
"Male","weight",87.5
"Male","bmi",27.3
"Male","height",183
"Male","weight",92.1
"Male","bmi",27.5
"Male","height",164
"Male","weight",78.7
"Male","bmi",29.3
"Male","height",173
"Male","weight",75.8
"Male","bmi",25.3
"Male","height",171
"Male","weight",74.8
"Male","bmi",25.6
"Male","height",178
"Male","weight",84.8
"Male","bmi",26.8
"Male","height",174
"Male","weight",83.6
"Male","bmi",27.6
"Male","height",169
"Male","weight",80
"Male","bmi",28
"Male","height",185
"Male","weight",87.6
"Male","bmi",25.6
"Male","height",173
"Male","weight",91.1
"Male","bmi",30.4
"Male","height",171
"Male","weight",82.5
"Male","bmi",28.2
"Male","height",182
"Male","weight",91.4
"Male","bmi",27.6
"Male","height",178
"Male","weight",81.5
"Male","bmi",25.7
"Male","height",189
"Male","weight",103.3
"Male","bmi",28.9
"Male","height",181
"Male","weight",95.6
"Male","bmi",29.2
"Male","height",163
"Male","weight",70
"Male","bmi",26.3
"Male","height",167
"Male","weight",73.9
"Male","bmi",26.5
"Male","height",172
"Male","weight",88.8
"Male","bmi",30
"Male","height",163
"Male","weight",69.3
"Male","bmi",26.1
"Male","height",184
"Male","weight",90.1
"Male","bmi",26.6
"Male","height",171
"Male","weight",76
"Male","bmi",26
"Male","height",169
"Male","weight",80.4
"Male","bmi",28.2
"Male","height",176
"Male","weight",90
"Male","bmi",29.1
"Male","height",184
"Male","weight",85.8
"Male","bmi",25.3
"Male","height",179
"Male","weight",88.9
"Male","bmi",27.7
"Male","height",182
"Male","weight",97.4
"Male","bmi",29.4
"Male","height",181
"Male","weight",93.4
"Male","bmi",28.5
"Male","height",169
"Male","weight",77.1
"Male","bmi",27
"Male","height",186
"Male","weight",99.2
"Male","bmi",28.7
"Male","height",182
"Male","weight",94.9
"Male","bmi",28.6
"Male","height",175
"Male","weight",78.1
"Male","bmi",25.5
"Male","height",190
"Male","weight",107.8
"Male","bmi",29.9
"Male","height",161
"Male","weight",74.6
"Male","bmi",28.8
"Male","height",180
"Male","weight",86.4
"Male","bmi",26.7
"Male","height",176
"Male","weight",82.4
"Male","bmi",26.6
"Male","height",171
"Male","weight",77.8
"Male","bmi",26.6
"Male","height",178
"Male","weight",86.2
"Male","bmi",27.2
"Male","height",187
"Male","weight",100.9
"Male","bmi",28.9
"Male","height",166
"Male","weight",83.7
"Male","bmi",30.4
"Male","height",174
"Male","weight",86.8
"Male","bmi",28.7
"Male","height",176
"Male","weight",84.2
"Male","bmi",27.2
"Male","height",179
"Male","weight",95.3
"Male","bmi",29.7
"Male","height",188
"Male","weight",91.8
"Male","bmi",26
"Male","height",171
"Male","weight",65.4
"Male","bmi",22.4
"Male","height",185
"Male","weight",84.9
"Male","bmi",24.8
"Male","height",183
"Male","weight",98.7
"Male","bmi",29.5
"Male","height",175
"Male","weight",83
"Male","bmi",27.1
"Male","height",169
"Male","weight",79.5
"Male","bmi",27.8
"Male","height",180
"Male","weight",82.5
"Male","bmi",25.5
"Male","height",180
"Male","weight",92.2
"Male","bmi",28.5
"Male","height",178
"Male","weight",85.4
"Male","bmi",27
"Male","height",170
"Male","weight",74.6
"Male","bmi",25.8
"Male","height",168
"Male","weight",69.4
"Male","bmi",24.6
"Male","height",180
"Male","weight",99.7
"Male","bmi",30.8
"Male","height",180
"Male","weight",84.3
"Male","bmi",26
"Male","height",175
"Male","weight",86.9
"Male","bmi",28.4
"Male","height",177
"Male","weight",89.2
"Male","bmi",28.5
"Male","height",171
"Male","weight",83.3
"Male","bmi",28.5
"Male","height",171
"Male","weight",80.3
"Male","bmi",27.5
"Male","height",170
"Male","weight",80.4
"Male","bmi",27.8
"Male","height",181
"Male","weight",85.3
"Male","bmi",26
"Male","height",159
"Male","weight",66.2
"Male","bmi",26.2
"Male","height",177
"Male","weight",82.9
"Male","bmi",26.5
"Male","height",178
"Male","weight",78.8
"Male","bmi",24.9
"Male","height",181
"Male","weight",88.2
"Male","bmi",26.9
"Male","height",170
"Male","weight",78.7
"Male","bmi",27.2
"Male","height",165
"Male","weight",68.7
"Male","bmi",25.2
"Male","height",178
"Male","weight",89.9
"Male","bmi",28.4
"Male","height",168
"Male","weight",91.7
"Male","bmi",32.5
"Male","height",186
"Male","weight",93.2
"Male","bmi",26.9
"Male","height",176
"Male","weight",84
"Male","bmi",27.1
"Male","height",182
"Male","weight",89.5
"Male","bmi",27
"Male","height",172
"Male","weight",76.6
"Male","bmi",25.9
"Male","height",179
"Male","weight",91.5
"Male","bmi",28.6
"Male","height",187
"Male","weight",91.8
"Male","bmi",26.3
"Male","height",193
"Male","weight",104.5
"Male","bmi",28.1
"Male","height",181
"Male","weight",97.2
"Male","bmi",29.7
"Male","height",173
"Male","weight",87.2
"Male","bmi",29.1
"Male","height",170
"Male","weight",82
"Male","bmi",28.4
"Male","height",178
"Male","weight",84.6
"Male","bmi",26.7
"Male","height",166
"Male","weight",78
"Male","bmi",28.3
"Male","height",182
"Male","weight",92.2
"Male","bmi",27.8
"Male","height",182
"Male","weight",92.3
"Male","bmi",27.9
"Male","height",166
"Male","weight",73
"Male","bmi",26.5
"Male","height",177
"Male","weight",84.9
"Male","bmi",27.1
"Male","height",189
"Male","weight",99.7
"Male","bmi",27.9
"Male","height",167
"Male","weight",79.3
"Male","bmi",28.4
"Male","height",185
"Male","weight",95.1
"Male","bmi",27.8
"Male","height",179
"Male","weight",93.7
"Male","bmi",29.2
"Male","height",168
"Male","weight",81
"Male","bmi",28.7
"Male","height",168
"Male","weight",75.5
"Male","bmi",26.8
"Male","height",156
"Male","weight",68
"Male","bmi",27.9
"Male","height",188
"Male","weight",97.2
"Male","bmi",27.5
"Male","height",183
"Male","weight",96.9
"Male","bmi",28.9
"Male","height",188
"Male","weight",92.7
"Male","bmi",26.2
"Male","height",182
"Male","weight",94.4
"Male","bmi",28.5
"Male","height",176
"Male","weight",93.8
"Male","bmi",30.3
"Male","height",167
"Male","weight",73.1
"Male","bmi",26.2
"Male","height",183
"Male","weight",90.9
"Male","bmi",27.1
"Male","height",169
"Male","weight",76.1
"Male","bmi",26.6
"Male","height",171
"Male","weight",83.5
"Male","bmi",28.6
"Male","height",182
"Male","weight",93.3
"Male","bmi",28.2
"Male","height",165
"Male","weight",78.9
"Male","bmi",29
"Male","height",178
"Male","weight",80.1
"Male","bmi",25.3
"Male","height",161
"Male","weight",72.2
"Male","bmi",27.9
"Male","height",173
"Male","weight",78.6
"Male","bmi",26.3
"Male","height",175
"Male","weight",88.5
"Male","bmi",28.9
"Male","height",182
"Male","weight",96.7
"Male","bmi",29.2
"Male","height",176
"Male","weight",83.8
"Male","bmi",27.1
"Male","height",180
"Male","weight",93.2
"Male","bmi",28.8
"Male","height",168
"Male","weight",86.8
"Male","bmi",30.8
"Male","height",180
"Male","weight",94
"Male","bmi",29
"Male","height",168
"Male","weight",76.8
"Male","bmi",27.2
"Male","height",169
"Male","weight",79.4
"Male","bmi",27.8
"Male","height",165
"Male","weight",74.4
"Male","bmi",27.3
"Male","height",174
"Male","weight",90.5
"Male","bmi",29.9
"Male","height",175
"Male","weight",80.8
"Male","bmi",26.4
"Male","height",184
"Male","weight",87.8
"Male","bmi",25.9
"Male","height",183
"Male","weight",95.7
"Male","bmi",28.6
"Male","height",174
"Male","weight",83.7
"Male","bmi",27.6
"Male","height",178
"Male","weight",94.4
"Male","bmi",29.8
"Male","height",184
"Male","weight",97.7
"Male","bmi",28.9
"Male","height",179
"Male","weight",89.7
"Male","bmi",28
"Male","height",178
"Male","weight",89.4
"Male","bmi",28.2
"Male","height",177
"Male","weight",86.2
"Male","bmi",27.5
"Male","height",172
"Male","weight",77.1
"Male","bmi",26.1
"Male","height",169
"Male","weight",74.1
"Male","bmi",25.9
"Male","height",168
"Male","weight",76.3
"Male","bmi",27
"Male","height",182
"Male","weight",86.3
"Male","bmi",26.1
"Male","height",194
"Male","weight",96.9
"Male","bmi",25.7
"Male","height",162
"Male","weight",72
"Male","bmi",27.4
"Male","height",176
"Male","weight",80.7
"Male","bmi",26.1
"Male","height",185
"Male","weight",95.5
"Male","bmi",27.9
"Male","height",170
"Male","weight",79.4
"Male","bmi",27.5
"Male","height",176
"Male","weight",84.8
"Male","bmi",27.4
"Male","height",171
"Male","weight",74.5
"Male","bmi",25.5
"Male","height",175
"Male","weight",84.4
"Male","bmi",27.6
"Male","height",181
"Male","weight",89
"Male","bmi",27.2
"Male","height",171
"Male","weight",79.1
"Male","bmi",27.1
"Male","height",170
"Male","weight",80.2
"Male","bmi",27.8
"Male","height",188
"Male","weight",102
"Male","bmi",28.9
"Male","height",175
"Male","weight",96.7
"Male","bmi",31.6
"Male","height",178
"Male","weight",88.6
"Male","bmi",28
"Male","height",164
"Male","weight",77.7
"Male","bmi",28.9
"Male","height",161
"Male","weight",69.9
"Male","bmi",27
"Male","height",169
"Male","weight",81.5
"Male","bmi",28.5
"Male","height",175
"Male","weight",90.6
"Male","bmi",29.6
"Male","height",165
"Male","weight",69.7
"Male","bmi",25.6
"Male","height",177
"Male","weight",84
"Male","bmi",26.8
"Male","height",166
"Male","weight",77.6
"Male","bmi",28.2
"Male","height",166
"Male","weight",73.4
"Male","bmi",26.6
"Male","height",169
"Male","weight",84.4
"Male","bmi",29.6
"Male","height",184
"Male","weight",101.9
"Male","bmi",30.1
"Male","height",162
"Male","weight",70.5
"Male","bmi",26.9
"Male","height",174
"Male","weight",84.2
"Male","bmi",27.8
"Male","height",175
"Male","weight",86.8
"Male","bmi",28.3
"Male","height",175
"Male","weight",78
"Male","bmi",25.5
"Male","height",166
"Male","weight",80.3
"Male","bmi",29.1
"Male","height",182
"Male","weight",88.2
"Male","bmi",26.6
"Male","height",184
"Male","weight",103.8
"Male","bmi",30.7
"Male","height",177
"Male","weight",79.6
"Male","bmi",25.4
"Male","height",174
"Male","weight",92
"Male","bmi",30.4
"Male","height",172
"Male","weight",80.1
"Male","bmi",27.1
"Male","height",183
"Male","weight",96.7
"Male","bmi",28.9
"Male","height",177
"Male","weight",80.4
"Male","bmi",25.7
"Male","height",177
"Male","weight",96.1
"Male","bmi",30.7
"Male","height",180
"Male","weight",88.8
"Male","bmi",27.4
"Male","height",175
"Male","weight",87
"Male","bmi",28.4
"Male","height",175
"Male","weight",75.9
"Male","bmi",24.8
"Male","height",186
"Male","weight",95.3
"Male","bmi",27.5
"Male","height",178
"Male","weight",96.9
"Male","bmi",30.6
"Male","height",172
"Male","weight",77.7
"Male","bmi",26.3
"Male","height",178
"Male","weight",96
"Male","bmi",30.3
"Male","height",172
"Male","weight",85.6
"Male","bmi",28.9
"Male","height",171
"Male","weight",84.8
"Male","bmi",29
"Male","height",174
"Male","weight",87.3
"Male","bmi",28.8
"Male","height",173
"Male","weight",87.8
"Male","bmi",29.3
"Male","height",169
"Male","weight",80.9
"Male","bmi",28.3
"Male","height",182
"Male","weight",80.7
"Male","bmi",24.4
"Male","height",177
"Male","weight",76.5
"Male","bmi",24.4
"Male","height",173
"Male","weight",82.7
"Male","bmi",27.6
"Male","height",178
"Male","weight",89.8
"Male","bmi",28.3
"Male","height",170
"Male","weight",85.8
"Male","bmi",29.7
"Male","height",184
"Male","weight",95.6
"Male","bmi",28.2
"Male","height",176
"Male","weight",89.2
"Male","bmi",28.8
"Male","height",176
"Male","weight",82.6
"Male","bmi",26.7
"Male","height",178
"Male","weight",78.4
"Male","bmi",24.7
"Male","height",178
"Male","weight",88.1
"Male","bmi",27.8
"Male","height",189
"Male","weight",103.3
"Male","bmi",28.9
"Male","height",170
"Male","weight",74.5
"Male","bmi",25.8
"Male","height",179
"Male","weight",86.6
"Male","bmi",27
"Male","height",166
"Male","weight",76
"Male","bmi",27.6
"Male","height",169
"Male","weight",84.2
"Male","bmi",29.5
"Male","height",177
"Male","weight",82.2
"Male","bmi",26.2
"Male","height",183
"Male","weight",96.2
"Male","bmi",28.7
"Male","height",177
"Male","weight",82.2
"Male","bmi",26.2
"Male","height",183
"Male","weight",87
"Male","bmi",26
"Male","height",185
"Male","weight",93.8
"Male","bmi",27.4
"Male","height",185
"Male","weight",90
"Male","bmi",26.3
"Male","height",169
"Male","weight",75
"Male","bmi",26.3
"Male","height",171
"Male","weight",79.1
"Male","bmi",27.1
"Male","height",189
"Male","weight",106.5
"Male","bmi",29.8
"Male","height",178
"Male","weight",84.7
"Male","bmi",26.7
"Male","height",179
"Male","weight",89.1
"Male","bmi",27.8
"Male","height",186
"Male","weight",101.8
"Male","bmi",29.4
"Male","height",172
"Male","weight",77.3
"Male","bmi",26.1
"Male","height",169
"Male","weight",76.2
"Male","bmi",26.7
"Male","height",172
"Male","weight",86.5
"Male","bmi",29.2
"Male","height",159
"Male","weight",60
"Male","bmi",23.7
"Male","height",175
"Male","weight",86.3
"Male","bmi",28.2
"Male","height",172
"Male","weight",78.3
"Male","bmi",26.5
"Male","height",173
"Male","weight",80.6
"Male","bmi",26.9
"Male","height",184
"Male","weight",96.7
"Male","bmi",28.6
"Male","height",196
"Male","weight",114
"Male","bmi",29.7
"Male","height",171
"Male","weight",85.7
"Male","bmi",29.3
"Male","height",170
"Male","weight",82.7
"Male","bmi",28.6
"Male","height",182
"Male","weight",98.6
"Male","bmi",29.8
"Male","height",172
"Male","weight",78.7
"Male","bmi",26.6
"Male","height",166
"Male","weight",75.3
"Male","bmi",27.3
"Male","height",176
"Male","weight",95.5
"Male","bmi",30.8
"Male","height",178
"Male","weight",90.1
"Male","bmi",28.4
"Male","height",167
"Male","weight",72.2
"Male","bmi",25.9
"Male","height",168
"Male","weight",79.8
"Male","bmi",28.3
"Male","height",169
"Male","weight",75.2
"Male","bmi",26.3
"Male","height",177
"Male","weight",82.2
"Male","bmi",26.2
"Male","height",175
"Male","weight",83.1
"Male","bmi",27.1
"Male","height",170
"Male","weight",74.8
"Male","bmi",25.9
"Male","height",175
"Male","weight",83.2
"Male","bmi",27.2
"Male","height",170
"Male","weight",75.5
"Male","bmi",26.1
"Male","height",162
"Male","weight",72.1
"Male","bmi",27.5
"Male","height",178
"Male","weight",89.4
"Male","bmi",28.2
"Male","height",184
"Male","weight",93.2
"Male","bmi",27.5
"Male","height",181
"Male","weight",90.5
"Male","bmi",27.6
"Male","height",168
"Male","weight",81.3
"Male","bmi",28.8
"Male","height",173
"Male","weight",82.9
"Male","bmi",27.7
"Male","height",176
"Male","weight",90.9
"Male","bmi",29.3
"Male","height",173
"Male","weight",79.1
"Male","bmi",26.4
"Male","height",183
"Male","weight",98.9
"Male","bmi",29.5
"Male","height",182
"Male","weight",92
"Male","bmi",27.8
"Male","height",187
"Male","weight",101.9
"Male","bmi",29.1
"Male","height",179
"Male","weight",79.7
"Male","bmi",24.9
"Male","height",184
"Male","weight",98.8
"Male","bmi",29.2
"Male","height",176
"Male","weight",80.9
"Male","bmi",26.1
"Male","height",177
"Male","weight",93.1
"Male","bmi",29.7
"Male","height",166
"Male","weight",72
"Male","bmi",26.1
"Male","height",176
"Male","weight",93.8
"Male","bmi",30.3
"Male","height",172
"Male","weight",92.3
"Male","bmi",31.2
"Male","height",173
"Male","weight",83.2
"Male","bmi",27.8
"Male","height",171
"Male","weight",75.5
"Male","bmi",25.8
"Male","height",180
"Male","weight",82.6
"Male","bmi",25.5
"Male","height",175
"Male","weight",77.4
"Male","bmi",25.3
"Male","height",181
"Male","weight",91.9
"Male","bmi",28.1
"Male","height",170
"Male","weight",85.2
"Male","bmi",29.5
"Male","height",166
"Male","weight",71.3
"Male","bmi",25.9
"Male","height",179
"Male","weight",87.4
"Male","bmi",27.3
"Male","height",173
"Male","weight",82.4
"Male","bmi",27.5
"Male","height",181
"Male","weight",94.9
"Male","bmi",29
"Male","height",164
"Male","weight",76.6
"Male","bmi",28.5
"Male","height",167
"Male","weight",78.9
"Male","bmi",28.3
"Male","height",173
"Male","weight",75.5
"Male","bmi",25.2
"Male","height",179
"Male","weight",83.4
"Male","bmi",26
"Male","height",186
"Male","weight",101.9
"Male","bmi",29.5
"Male","height",187
"Male","weight",99.1
"Male","bmi",28.3
"Male","height",183
"Male","weight",96.9
"Male","bmi",28.9
"Male","height",188
"Male","weight",94.5
"Male","bmi",26.7
"Male","height",189
"Male","weight",96.7
"Male","bmi",27.1
"Male","height",178
"Male","weight",88.4
"Male","bmi",27.9
"Male","height",182
"Male","weight",87.7
"Male","bmi",26.5
"Male","height",175
"Male","weight",84.6
"Male","bmi",27.6
"Male","height",171
"Male","weight",79.9
"Male","bmi",27.3
"Male","height",179
"Male","weight",97.2
"Male","bmi",30.3
"Male","height",170
"Male","weight",69.5
"Male","bmi",24
"Male","height",173
"Male","weight",76.4
"Male","bmi",25.5
"Male","height",177
"Male","weight",79.3
"Male","bmi",25.3
"Male","height",171
"Male","weight",78.5
"Male","bmi",26.8
"Male","height",177
"Male","weight",86
"Male","bmi",27.5
"Male","height",171
"Male","weight",84.9
"Male","bmi",29
"Male","height",172
"Male","weight",81.2
"Male","bmi",27.4
"Male","height",174
"Male","weight",82.3
"Male","bmi",27.2
"Male","height",175
"Male","weight",87.3
"Male","bmi",28.5
"Male","height",181
"Male","weight",89.1
"Male","bmi",27.2
"Male","height",178
"Male","weight",81.8
"Male","bmi",25.8
"Male","height",182
"Male","weight",96
"Male","bmi",29
"Male","height",165
"Male","weight",73.5
"Male","bmi",27
"Male","height",176
"Male","weight",87.6
"Male","bmi",28.3
"Male","height",169
"Male","weight",83.8
"Male","bmi",29.3
"Male","height",164
"Male","weight",74.2
"Male","bmi",27.6
"Male","height",172
"Male","weight",84.6
"Male","bmi",28.6
"Male","height",177
"Male","weight",91.6
"Male","bmi",29.2
"Male","height",170
"Male","weight",82.9
"Male","bmi",28.7
"Male","height",175
"Male","weight",83.1
"Male","bmi",27.1
"Male","height",176
"Male","weight",91.7
"Male","bmi",29.6
"Male","height",168
"Male","weight",76.4
"Male","bmi",27.1
"Male","height",179
"Male","weight",96.4
"Male","bmi",30.1
"Male","height",179
"Male","weight",89.9
"Male","bmi",28.1
"Male","height",162
"Male","weight",70
"Male","bmi",26.7
"Male","height",179
"Male","weight",83.6
"Male","bmi",26.1
"Male","height",185
"Male","weight",102
"Male","bmi",29.8
"Male","height",184
"Male","weight",91.1
"Male","bmi",26.9
"Male","height",160
"Male","weight",65.7
"Male","bmi",25.7
"Male","height",170
"Male","weight",78.4
"Male","bmi",27.1
"Male","height",200
"Male","weight",111.5
"Male","bmi",27.9
"Male","height",174
"Male","weight",88.1
"Male","bmi",29.1
"Male","height",165
"Male","weight",67.7
"Male","bmi",24.9
"Male","height",183
"Male","weight",93.9
"Male","bmi",28
"Male","height",173
"Male","weight",86.3
"Male","bmi",28.8
"Male","height",181
"Male","weight",94.3
"Male","bmi",28.8
"Male","height",179
"Male","weight",91.1
"Male","bmi",28.4
"Male","height",187
"Male","weight",100.1
"Male","bmi",28.6
"Male","height",162
"Male","weight",72.3
"Male","bmi",27.5
"Male","height",170
"Male","weight",82.5
"Male","bmi",28.5
"Male","height",179
"Male","weight",84.3
"Male","bmi",26.3
"Male","height",183
"Male","weight",90.1
"Male","bmi",26.9
"Male","height",184
"Male","weight",95.4
"Male","bmi",28.2
"Male","height",172
"Male","weight",81.7
"Male","bmi",27.6
"Male","height",179
"Male","weight",87.3
"Male","bmi",27.2
"Male","height",182
"Male","weight",91.6
"Male","bmi",27.7
"Male","height",172
"Male","weight",80.4
"Male","bmi",27.2
"Male","height",190
"Male","weight",103
"Male","bmi",28.5
"Male","height",172
"Male","weight",91.8
"Male","bmi",31
"Male","height",171
"Male","weight",76
"Male","bmi",26
"Male","height",186
"Male","weight",98.6
"Male","bmi",28.5
"Male","height",163
"Male","weight",79.3
"Male","bmi",29.8
"Male","height",186
"Male","weight",96.3
"Male","bmi",27.8
"Male","height",175
"Male","weight",90.6
"Male","bmi",29.6
"Male","height",179
"Male","weight",92.5
"Male","bmi",28.9
"Male","height",176
"Male","weight",70.5
"Male","bmi",22.8
"Male","height",178
"Male","weight",87.4
"Male","bmi",27.6
"Male","height",177
"Male","weight",90.6
"Male","bmi",28.9
"Male","height",181
"Male","weight",93.3
"Male","bmi",28.5
"Male","height",166
"Male","weight",78.8
"Male","bmi",28.6
"Male","height",170
"Male","weight",85.3
"Male","bmi",29.5
"Male","height",178
"Male","weight",90.6
"Male","bmi",28.6
"Male","height",176
"Male","weight",87.3
"Male","bmi",28.2
"Male","height",163
"Male","weight",69.5
"Male","bmi",26.2
"Male","height",181
"Male","weight",89
"Male","bmi",27.2
"Male","height",162
"Male","weight",76.6
"Male","bmi",29.2
"Male","height",176
"Male","weight",97.3
"Male","bmi",31.4
"Male","height",175
"Male","weight",80.3
"Male","bmi",26.2
"Male","height",176
"Male","weight",82.6
"Male","bmi",26.7
"Male","height",175
"Male","weight",80.4
"Male","bmi",26.3
"Male","height",173
"Male","weight",80.1
"Male","bmi",26.8
"Male","height",186
"Male","weight",91.7
"Male","bmi",26.5
"Male","height",178
"Male","weight",91.3
"Male","bmi",28.8
"Male","height",189
"Male","weight",95.4
"Male","bmi",26.7
"Male","height",183
"Male","weight",99
"Male","bmi",29.6
"Male","height",175
"Male","weight",84.3
"Male","bmi",27.5
"Male","height",183
"Male","weight",94.3
"Male","bmi",28.2
"Male","height",176
"Male","weight",88.6
"Male","bmi",28.6
"Male","height",160
"Male","weight",70.1
"Male","bmi",27.4
"Male","height",160
"Male","weight",63.5
"Male","bmi",24.8
"Male","height",172
"Male","weight",89.8
"Male","bmi",30.4
"Male","height",186
"Male","weight",96
"Male","bmi",27.7
"Male","height",169
"Male","weight",83.1
"Male","bmi",29.1
"Male","height",170
"Male","weight",82.9
"Male","bmi",28.7
"Male","height",168
"Male","weight",80.4
"Male","bmi",28.5
"Male","height",172
"Male","weight",72.4
"Male","bmi",24.5
"Male","height",163
"Male","weight",71.1
"Male","bmi",26.8
"Male","height",175
"Male","weight",74.7
"Male","bmi",24.4
"Male","height",173
"Male","weight",80.6
"Male","bmi",26.9
"Male","height",195
"Male","weight",107.1
"Male","bmi",28.2
"Male","height",180
"Male","weight",89.5
"Male","bmi",27.6
"Male","height",179
"Male","weight",89
"Male","bmi",27.8
"Male","height",177
"Male","weight",90.9
"Male","bmi",29
"Male","height",187
"Male","weight",97.6
"Male","bmi",27.9
"Male","height",183
"Male","weight",94.7
"Male","bmi",28.3
"Male","height",168
"Male","weight",84.8
"Male","bmi",30
"Male","height",170
"Male","weight",81
"Male","bmi",28
"Male","height",181
"Male","weight",95.3
"Male","bmi",29.1
"Male","height",169
"Male","weight",70.7
"Male","bmi",24.8
"Male","height",183
"Male","weight",92.4
"Male","bmi",27.6
"Male","height",187
"Male","weight",94.2
"Male","bmi",26.9
"Male","height",175
"Male","weight",91.6
"Male","bmi",29.9
"Male","height",185
"Male","weight",96
"Male","bmi",28
"Male","height",188
"Male","weight",102.2
"Male","bmi",28.9
"Male","height",184
"Male","weight",79.5
"Male","bmi",23.5
"Male","height",177
"Male","weight",83.5
"Male","bmi",26.7
"Male","height",158
"Male","weight",64.5
"Male","bmi",25.8
"Male","height",170
"Male","weight",77.9
"Male","bmi",27
"Male","height",169
"Male","weight",87.1
"Male","bmi",30.5
"Male","height",179
"Male","weight",81
"Male","bmi",25.3
"Male","height",178
"Male","weight",85.4
"Male","bmi",27
"Male","height",180
"Male","weight",93.7
"Male","bmi",28.9
"Male","height",178
"Male","weight",91.3
"Male","bmi",28.8
"Male","height",181
"Male","weight",91.8
"Male","bmi",28
"Male","height",165
"Male","weight",72.7
"Male","bmi",26.7
"Male","height",159
"Male","weight",67.2
"Male","bmi",26.6
"Male","height",172
"Male","weight",79.6
"Male","bmi",26.9
"Male","height",185
"Male","weight",101.7
"Male","bmi",29.7
"Male","height",174
"Male","weight",82.6
"Male","bmi",27.3
"Male","height",166
"Male","weight",72.1
"Male","bmi",26.2
"Male","height",162
"Male","weight",67.5
"Male","bmi",25.7
"Male","height",183
"Male","weight",92.6
"Male","bmi",27.7
"Male","height",178
"Male","weight",97
"Male","bmi",30.6
"Male","height",179
"Male","weight",86.6
"Male","bmi",27
"Male","height",186
"Male","weight",96.8
"Male","bmi",28
"Male","height",176
"Male","weight",87.6
"Male","bmi",28.3
"Male","height",178
"Male","weight",90.3
"Male","bmi",28.5
"Male","height",180
"Male","weight",92.5
"Male","bmi",28.5
"Male","height",180
"Male","weight",93.3
"Male","bmi",28.8
"Male","height",179
"Male","weight",83.4
"Male","bmi",26
"Male","height",177
"Male","weight",92.2
"Male","bmi",29.4
"Male","height",175
"Male","weight",92.6
"Male","bmi",30.2
"Male","height",191
"Male","weight",101.7
"Male","bmi",27.9
"Male","height",178
"Male","weight",85.6
"Male","bmi",27
"Male","height",184
"Male","weight",94.2
"Male","bmi",27.8
"Male","height",182
"Male","weight",93.9
"Male","bmi",28.3
"Male","height",185
"Male","weight",87.1
"Male","bmi",25.4
"Male","height",181
"Male","weight",92.8
"Male","bmi",28.3
"Male","height",175
"Male","weight",87.5
"Male","bmi",28.6
"Male","height",171
"Male","weight",89.6
"Male","bmi",30.6
"Male","height",182
"Male","weight",90.7
"Male","bmi",27.4
"Male","height",175
"Male","weight",85
"Male","bmi",27.8
"Male","height",168
"Male","weight",75.6
"Male","bmi",26.8
"Male","height",177
"Male","weight",82.7
"Male","bmi",26.4
"Male","height",167
"Male","weight",72.6
"Male","bmi",26
"Male","height",162
"Male","weight",70.8
"Male","bmi",27
"Male","height",167
"Male","weight",70.9
"Male","bmi",25.4
"Male","height",175
"Male","weight",77.9
"Male","bmi",25.4
"Male","height",169
"Male","weight",75.9
"Male","bmi",26.6
"Male","height",176
"Male","weight",94.8
"Male","bmi",30.6
"Male","height",173
"Male","weight",84
"Male","bmi",28.1
"Male","height",175
"Male","weight",78.4
"Male","bmi",25.6
"Male","height",182
"Male","weight",91.9
"Male","bmi",27.7
"Male","height",165
"Male","weight",77.1
"Male","bmi",28.3
"Male","height",181
"Male","weight",92.2
"Male","bmi",28.1
"Male","height",172
"Male","weight",79.7
"Male","bmi",26.9
"Male","height",166
"Male","weight",73.8
"Male","bmi",26.8
"Male","height",168
"Male","weight",80.9
"Male","bmi",28.7
"Male","height",162
"Male","weight",67.7
"Male","bmi",25.8
"Male","height",176
"Male","weight",78.8
"Male","bmi",25.4
"Male","height",188
"Male","weight",95.1
"Male","bmi",26.9
"Male","height",178
"Male","weight",86.6
"Male","bmi",27.3
"Male","height",163
"Male","weight",66.9
"Male","bmi",25.2
"Male","height",170
"Male","weight",87
"Male","bmi",30.1
"Male","height",177
"Male","weight",88.2
"Male","bmi",28.2
"Male","height",176
"Male","weight",90.2
"Male","bmi",29.1
"Male","height",172
"Male","weight",81.3
"Male","bmi",27.5
"Male","height",164
"Male","weight",76.7
"Male","bmi",28.5
"Male","height",163
"Male","weight",64.6
"Male","bmi",24.3
"Male","height",181
"Male","weight",96.5
"Male","bmi",29.5
"Male","height",182
"Male","weight",89.1
"Male","bmi",26.9
"Male","height",170
"Male","weight",77.9
"Male","bmi",27
"Male","height",159
"Male","weight",63.5
"Male","bmi",25.1
"Male","height",179
"Male","weight",91.3
"Male","bmi",28.5
"Male","height",170
"Male","weight",79
"Male","bmi",27.3
"Male","height",194
"Male","weight",104
"Male","bmi",27.6
"Male","height",182
"Male","weight",96.6
"Male","bmi",29.2
"Male","height",175
"Male","weight",88.4
"Male","bmi",28.9
"Male","height",181
"Male","weight",101.8
"Male","bmi",31.1
"Male","height",182
"Male","weight",95.3
"Male","bmi",28.8
"Male","height",173
"Male","weight",86.9
"Male","bmi",29
"Male","height",177
"Male","weight",79
"Male","bmi",25.2
"Male","height",196
"Male","weight",113
"Male","bmi",29.4
"Male","height",171
"Male","weight",82.7
"Male","bmi",28.3
"Male","height",170
"Male","weight",73.3
"Male","bmi",25.4
"Male","height",168
"Male","weight",77.5
"Male","bmi",27.5
"Male","height",173
"Male","weight",77.8
"Male","bmi",26
"Male","height",182
"Male","weight",87.3
"Male","bmi",26.4
"Male","height",172
"Male","weight",80.8
"Male","bmi",27.3
"Male","height",174
"Male","weight",85.5
"Male","bmi",28.2
"Male","height",167
"Male","weight",86.2
"Male","bmi",30.9
"Male","height",194
"Male","weight",110.3
"Male","bmi",29.3
"Male","height",179
"Male","weight",97.1
"Male","bmi",30.3
"Male","height",156
"Male","weight",61.9
"Male","bmi",25.4
"Male","height",177
"Male","weight",90.1
"Male","bmi",28.8
"Male","height",162
"Male","weight",70.4
"Male","bmi",26.8
"Male","height",171
"Male","weight",79.6
"Male","bmi",27.2
"Male","height",176
"Male","weight",87.3
"Male","bmi",28.2
"Male","height",176
"Male","weight",84.5
"Male","bmi",27.3
"Male","height",171
"Male","weight",83.3
"Male","bmi",28.5
"Male","height",172
"Male","weight",86.1
"Male","bmi",29.1
"Male","height",175
"Male","weight",83.1
"Male","bmi",27.1
"Male","height",168
"Male","weight",66.3
"Male","bmi",23.5
"Male","height",171
"Male","weight",83
"Male","bmi",28.4
"Male","height",174
"Male","weight",92.8
"Male","bmi",30.7
"Male","height",172
"Male","weight",79.8
"Male","bmi",27
"Male","height",182
"Male","weight",89.1
"Male","bmi",26.9
"Male","height",171
"Male","weight",82.8
"Male","bmi",28.3
"Male","height",175
"Male","weight",83.8
"Male","bmi",27.4
"Male","height",177
"Male","weight",83.5
"Male","bmi",26.7
"Male","height",174
"Male","weight",81
"Male","bmi",26.8
"Male","height",179
"Male","weight",82.2
"Male","bmi",25.7
"Male","height",177
"Male","weight",90.6
"Male","bmi",28.9
"Male","height",164
"Male","weight",75.8
"Male","bmi",28.2
"Male","height",177
"Male","weight",93.7
"Male","bmi",29.9
"Male","height",180
"Male","weight",90.2
"Male","bmi",27.8
"Male","height",173
"Male","weight",86.1
"Male","bmi",28.8
"Male","height",170
"Male","weight",83.1
"Male","bmi",28.8
"Male","height",169
"Male","weight",75.1
"Male","bmi",26.3
"Male","height",179
"Male","weight",85
"Male","bmi",26.5
"Male","height",189
"Male","weight",100.8
"Male","bmi",28.2
"Male","height",176
"Male","weight",78.6
"Male","bmi",25.4
"Male","height",176
"Male","weight",85.7
"Male","bmi",27.7
"Male","height",189
"Male","weight",96.9
"Male","bmi",27.1
"Male","height",177
"Male","weight",87.9
"Male","bmi",28.1
"Male","height",175
"Male","weight",79.1
"Male","bmi",25.8
"Male","height",180
"Male","weight",92.2
"Male","bmi",28.5
"Male","height",189
"Male","weight",92.7
"Male","bmi",26
"Male","height",181
"Male","weight",90.2
"Male","bmi",27.5
"Male","height",183
"Male","weight",92.2
"Male","bmi",27.5
"Male","height",161
"Male","weight",66.9
"Male","bmi",25.8
"Male","height",173
"Male","weight",82.4
"Male","bmi",27.5
"Male","height",175
"Male","weight",86.4
"Male","bmi",28.2
"Male","height",175
"Male","weight",85.4
"Male","bmi",27.9
"Male","height",170
"Male","weight",78.3
"Male","bmi",27.1
"Male","height",158
"Male","weight",63.7
"Male","bmi",25.5
"Male","height",186
"Male","weight",100.6
"Male","bmi",29.1
"Male","height",176
"Male","weight",78.4
"Male","bmi",25.3
"Male","height",175
"Male","weight",89
"Male","bmi",29.1
"Male","height",168
"Male","weight",74.1
"Male","bmi",26.3
"Male","height",180
"Male","weight",91.3
"Male","bmi",28.2
"Male","height",187
"Male","weight",90.2
"Male","bmi",25.8
"Male","height",185
"Male","weight",91.2
"Male","bmi",26.6
"Male","height",178
"Male","weight",89.3
"Male","bmi",28.2
"Male","height",172
"Male","weight",84.8
"Male","bmi",28.7
"Male","height",165
"Male","weight",71.2
"Male","bmi",26.2
"Male","height",177
"Male","weight",82.2
"Male","bmi",26.2
"Male","height",184
"Male","weight",85.8
"Male","bmi",25.3
"Male","height",185
"Male","weight",95.3
"Male","bmi",27.8
"Male","height",179
"Male","weight",89.2
"Male","bmi",27.8
"Male","height",188
"Male","weight",98.7
"Male","bmi",27.9
"Male","height",167
"Male","weight",77
"Male","bmi",27.6
"Male","height",171
"Male","weight",83.6
"Male","bmi",28.6
"Male","height",169
"Male","weight",82.5
"Male","bmi",28.9
"Male","height",176
"Male","weight",79.2
"Male","bmi",25.6
"Male","height",189
"Male","weight",104.1
"Male","bmi",29.1
"Male","height",177
"Male","weight",87.5
"Male","bmi",27.9
"Male","height",179
"Male","weight",90.7
"Male","bmi",28.3
"Male","height",173
"Male","weight",77.8
"Male","bmi",26
"Male","height",180
"Male","weight",86.5
"Male","bmi",26.7
"Male","height",182
"Male","weight",89.5
"Male","bmi",27
"Male","height",172
"Male","weight",83.3
"Male","bmi",28.2
"Male","height",179
"Male","weight",87.7
"Male","bmi",27.4
"Male","height",175
"Male","weight",82.3
"Male","bmi",26.9
"Male","height",167
"Male","weight",74.6
"Male","bmi",26.7
"Male","height",177
"Male","weight",87.8
"Male","bmi",28
"Male","height",169
"Male","weight",78.2
"Male","bmi",27.4
"Male","height",173
"Male","weight",88.4
"Male","bmi",29.5
"Male","height",186
"Male","weight",92.1
"Male","bmi",26.6
"Male","height",156
"Male","weight",58.4
"Male","bmi",24
"Male","height",175
"Male","weight",80.3
"Male","bmi",26.2
"Male","height",177
"Male","weight",81.5
"Male","bmi",26
"Male","height",184
"Male","weight",92.5
"Male","bmi",27.3
"Male","height",174
"Male","weight",80.8
"Male","bmi",26.7
"Male","height",185
"Male","weight",91.1
"Male","bmi",26.6
"Male","height",174
"Male","weight",84.2
"Male","bmi",27.8
"Male","height",175
"Male","weight",88.1
"Male","bmi",28.8
"Male","height",180
"Male","weight",90.6
"Male","bmi",28
"Male","height",186
"Male","weight",100.4
"Male","bmi",29
"Male","height",169
"Male","weight",85.4
"Male","bmi",29.9
"Male","height",171
"Male","weight",78.5
"Male","bmi",26.8
"Male","height",188
"Male","weight",91.3
"Male","bmi",25.8
"Male","height",178
"Male","weight",86.9
"Male","bmi",27.4
"Male","height",166
"Male","weight",75.2
"Male","bmi",27.3
"Male","height",176
"Male","weight",92.3
"Male","bmi",29.8
"Male","height",189
"Male","weight",96.2
"Male","bmi",26.9
"Male","height",171
"Male","weight",71.9
"Male","bmi",24.6
"Male","height",178
"Male","weight",92.9
"Male","bmi",29.3
"Male","height",167
"Male","weight",71.8
"Male","bmi",25.7
"Male","height",177
"Male","weight",82.4
"Male","bmi",26.3
"Male","height",165
"Male","weight",78.4
"Male","bmi",28.8
"Male","height",168
"Male","weight",76.2
"Male","bmi",27
"Male","height",169
"Male","weight",72.4
"Male","bmi",25.3
"Male","height",169
"Male","weight",77.9
"Male","bmi",27.3
"Male","height",182
"Male","weight",94.8
"Male","bmi",28.6
"Male","height",168
"Male","weight",73.8
"Male","bmi",26.1
"Male","height",183
"Male","weight",96.7
"Male","bmi",28.9
"Male","height",171
"Male","weight",83.8
"Male","bmi",28.7
"Male","height",176
"Male","weight",79.9
"Male","bmi",25.8
"Male","height",170
"Male","weight",75.5
"Male","bmi",26.1
"Male","height",186
"Male","weight",91.4
"Male","bmi",26.4
"Male","height",174
"Male","weight",86.6
"Male","bmi",28.6
"Male","height",182
"Male","weight",88.5
"Male","bmi",26.7
"Male","height",181
"Male","weight",96.2
"Male","bmi",29.4
"Male","height",170
"Male","weight",76.2
"Male","bmi",26.4
"Male","height",181
"Male","weight",97.6
"Male","bmi",29.8
"Male","height",167
"Male","weight",77.4
"Male","bmi",27.8
"Male","height",171
"Male","weight",88.7
"Male","bmi",30.3
"Male","height",167
"Male","weight",74
"Male","bmi",26.5
"Male","height",186
"Male","weight",101.5
"Male","bmi",29.3
"Male","height",166
"Male","weight",74.9
"Male","bmi",27.2
"Male","height",166
"Male","weight",70.9
"Male","bmi",25.7
"Male","height",184
"Male","weight",90.7
"Male","bmi",26.8
"Male","height",170
"Male","weight",79.9
"Male","bmi",27.6
"Male","height",169
"Male","weight",81.2
"Male","bmi",28.4
"Male","height",175
"Male","weight",80.2
"Male","bmi",26.2
"Male","height",183
"Male","weight",93.7
"Male","bmi",28
"Male","height",190
"Male","weight",97.6
"Male","bmi",27
"Male","height",182
"Male","weight",90.4
"Male","bmi",27.3
"Male","height",168
"Male","weight",78.2
"Male","bmi",27.7
"Male","height",175
"Male","weight",87.1
"Male","bmi",28.4
"Male","height",165
"Male","weight",66.8
"Male","bmi",24.5
"Male","height",181
"Male","weight",83.5
"Male","bmi",25.5
"Male","height",171
"Male","weight",78.5
"Male","bmi",26.8
"Male","height",175
"Male","weight",78.6
"Male","bmi",25.7
"Male","height",181
"Male","weight",82.1
"Male","bmi",25.1
"Male","height",162
"Male","weight",73.6
"Male","bmi",28
"Male","height",178
"Male","weight",83.4
"Male","bmi",26.3
"Male","height",177
"Male","weight",93.7
"Male","bmi",29.9
"Male","height",165
"Male","weight",75.9
"Male","bmi",27.9
"Male","height",182
"Male","weight",95.4
"Male","bmi",28.8
"Male","height",185
"Male","weight",96.5
"Male","bmi",28.2
"Male","height",169
"Male","weight",76.8
"Male","bmi",26.9
"Male","height",177
"Male","weight",77.7
"Male","bmi",24.8
"Male","height",163
"Male","weight",74.6
"Male","bmi",28.1
"Male","height",184
"Male","weight",96.1
"Male","bmi",28.4
"Male","height",181
"Male","weight",94.6
"Male","bmi",28.9
"Male","height",175
"Male","weight",79.9
"Male","bmi",26.1
"Male","height",192
"Male","weight",99.3
"Male","bmi",26.9
"Male","height",170
"Male","weight",80.5
"Male","bmi",27.9
"Male","height",186
"Male","weight",88.4
"Male","bmi",25.6
"Male","height",167
"Male","weight",79.6
"Male","bmi",28.5
"Male","height",175
"Male","weight",79.2
"Male","bmi",25.9
"Male","height",176
"Male","weight",84.5
"Male","bmi",27.3
"Male","height",173
"Male","weight",78.9
"Male","bmi",26.4
"Male","height",176
"Male","weight",85.4
"Male","bmi",27.6
"Male","height",174
"Male","weight",90.7
"Male","bmi",30
"Male","height",180
"Male","weight",86
"Male","bmi",26.5
"Male","height",180
"Male","weight",93.8
"Male","bmi",29
"Male","height",177
"Male","weight",85.6
"Male","bmi",27.3
"Male","height",190
"Male","weight",112.9
"Male","bmi",31.3
"Male","height",174
"Male","weight",83.3
"Male","bmi",27.5
"Male","height",179
"Male","weight",89.1
"Male","bmi",27.8
"Male","height",171
"Male","weight",76.4
"Male","bmi",26.1
"Male","height",165
"Male","weight",80.9
"Male","bmi",29.7
"Male","height",180
"Male","weight",89.1
"Male","bmi",27.5
"Male","height",180
"Male","weight",89
"Male","bmi",27.5
"Male","height",184
"Male","weight",90.2
"Male","bmi",26.6
"Male","height",179
"Male","weight",93.2
"Male","bmi",29.1
"Male","height",192
"Male","weight",108.6
"Male","bmi",29.5
"Male","height",165
"Male","weight",77.1
"Male","bmi",28.3
"Male","height",176
"Male","weight",86.8
"Male","bmi",28
"Male","height",173
"Male","weight",85
"Male","bmi",28.4
"Male","height",183
"Male","weight",97.6
"Male","bmi",29.1
"Male","height",183
"Male","weight",92.7
"Male","bmi",27.7
"Male","height",188
"Male","weight",103.1
"Male","bmi",29.2
"Male","height",167
"Male","weight",82.3
"Male","bmi",29.5
"Male","height",186
"Male","weight",90.7
"Male","bmi",26.2
"Male","height",187
"Male","weight",89.6
"Male","bmi",25.6
"Male","height",164
"Male","weight",78.9
"Male","bmi",29.3
"Male","height",168
"Male","weight",82.5
"Male","bmi",29.2
"Male","height",168
"Male","weight",80.6
"Male","bmi",28.6
"Male","height",174
"Male","weight",81.3
"Male","bmi",26.9
"Male","height",171
"Male","weight",83
"Male","bmi",28.4
"Male","height",174
"Male","weight",83.6
"Male","bmi",27.6
"Male","height",182
"Male","weight",104.2
"Male","bmi",31.5
"Male","height",182
"Male","weight",90.6
"Male","bmi",27.4
"Male","height",174
"Male","weight",83.1
"Male","bmi",27.4
"Male","height",184
"Male","weight",92.9
"Male","bmi",27.4
"Male","height",177
"Male","weight",84.7
"Male","bmi",27
"Male","height",169
"Male","weight",76.2
"Male","bmi",26.7
"Male","height",173
"Male","weight",81.7
"Male","bmi",27.3
"Male","height",179
"Male","weight",85.5
"Male","bmi",26.7
"Male","height",171
"Male","weight",75.9
"Male","bmi",26
"Male","height",182
"Male","weight",87.7
"Male","bmi",26.5
"Male","height",169
"Male","weight",82.9
"Male","bmi",29
"Male","height",173
"Male","weight",86.3
"Male","bmi",28.8
"Male","height",173
"Male","weight",82.4
"Male","bmi",27.5
"Male","height",166
"Male","weight",83.4
"Male","bmi",30.3
"Male","height",177
"Male","weight",84.6
"Male","bmi",27
"Male","height",167
"Male","weight",77.4
"Male","bmi",27.8
"Male","height",180
"Male","weight",97.6
"Male","bmi",30.1
"Male","height",182
"Male","weight",88.7
"Male","bmi",26.8
"Male","height",188
"Male","weight",101.4
"Male","bmi",28.7
"Male","height",183
"Male","weight",97.7
"Male","bmi",29.2
"Male","height",168
"Male","weight",76.4
"Male","bmi",27.1
"Male","height",175
"Male","weight",89.1
"Male","bmi",29.1
"Male","height",174
"Male","weight",83.3
"Male","bmi",27.5
"Male","height",165
"Male","weight",74.5
"Male","bmi",27.4
"Male","height",187
"Male","weight",101.4
"Male","bmi",29
"Male","height",177
"Male","weight",80
"Male","bmi",25.5
"Male","height",175
"Male","weight",82
"Male","bmi",26.8
"Male","height",172
"Male","weight",76.5
"Male","bmi",25.9
"Male","height",170
"Male","weight",79.3
"Male","bmi",27.4
"Male","height",177
"Male","weight",85.3
"Male","bmi",27.2
"Male","height",179
"Male","weight",90.4
"Male","bmi",28.2
"Male","height",167
"Male","weight",78.6
"Male","bmi",28.2
"Male","height",165
"Male","weight",74.1
"Male","bmi",27.2
"Male","height",191
"Male","weight",104
"Male","bmi",28.5
"Male","height",172
"Male","weight",75.4
"Male","bmi",25.5
"Male","height",178
"Male","weight",93.7
"Male","bmi",29.6
"Male","height",187
"Male","weight",98
"Male","bmi",28
"Male","height",178
"Male","weight",87.3
"Male","bmi",27.6
"Male","height",183
"Male","weight",82.2
"Male","bmi",24.5
"Male","height",182
"Male","weight",94.2
"Male","bmi",28.4
"Male","height",173
"Male","weight",86.4
"Male","bmi",28.9
"Male","height",175
"Male","weight",85.6
"Male","bmi",28
"Male","height",175
"Male","weight",90.6
"Male","bmi",29.6
"Male","height",177
"Male","weight",88.7
"Male","bmi",28.3
"Male","height",168
"Male","weight",75.3
"Male","bmi",26.7
"Male","height",164
"Male","weight",74.7
"Male","bmi",27.8
"Male","height",181
"Male","weight",92.5
"Male","bmi",28.2
"Male","height",179
"Male","weight",84.9
"Male","bmi",26.5
"Male","height",173
"Male","weight",76.9
"Male","bmi",25.7
"Male","height",170
"Male","weight",79.7
"Male","bmi",27.6
"Male","height",182
"Male","weight",94.3
"Male","bmi",28.5
"Male","height",182
"Male","weight",89.8
"Male","bmi",27.1
"Male","height",171
"Male","weight",87.4
"Male","bmi",29.9
"Male","height",167
"Male","weight",73.9
"Male","bmi",26.5
"Male","height",176
"Male","weight",93
"Male","bmi",30
"Male","height",169
"Male","weight",76.1
"Male","bmi",26.6
"Male","height",172
"Male","weight",78.6
"Male","bmi",26.6
"Male","height",186
"Male","weight",93.5
"Male","bmi",27
"Male","height",176
"Male","weight",84.1
"Male","bmi",27.2
"Male","height",187
"Male","weight",90.5
"Male","bmi",25.9
"Male","height",177
"Male","weight",89.5
"Male","bmi",28.6
"Male","height",167
"Male","weight",74.5
"Male","bmi",26.7
"Male","height",192
"Male","weight",93.7
"Male","bmi",25.4
"Male","height",167
"Male","weight",81.9
"Male","bmi",29.4
"Male","height",179
"Male","weight",90.3
"Male","bmi",28.2
"Male","height",183
"Male","weight",88.7
"Male","bmi",26.5
"Male","height",180
"Male","weight",87.4
"Male","bmi",27
"Male","height",184
"Male","weight",102.3
"Male","bmi",30.2
"Male","height",153
"Male","weight",69.8
"Male","bmi",29.8
"Male","height",182
"Male","weight",87.5
"Male","bmi",26.4
"Male","height",174
"Male","weight",74.1
"Male","bmi",24.5
"Male","height",179
"Male","weight",85.1
"Male","bmi",26.6
"Male","height",178
"Male","weight",99.7
"Male","bmi",31.5
"Male","height",171
"Male","weight",79.4
"Male","bmi",27.2
"Male","height",170
"Male","weight",79.4
"Male","bmi",27.5
"Male","height",168
"Male","weight",73.7
"Male","bmi",26.1
"Male","height",166
"Male","weight",76.8
"Male","bmi",27.9
"Male","height",174
"Male","weight",88.4
"Male","bmi",29.2
"Male","height",177
"Male","weight",79.8
"Male","bmi",25.5
"Male","height",188
"Male","weight",99.1
"Male","bmi",28
"Male","height",173
"Male","weight",84
"Male","bmi",28.1
"Male","height",177
"Male","weight",90.8
"Male","bmi",29
"Male","height",174
"Male","weight",87.2
"Male","bmi",28.8
"Male","height",175
"Male","weight",84.5
"Male","bmi",27.6
"Male","height",174
"Male","weight",84.5
"Male","bmi",27.9
"Male","height",178
"Male","weight",83.5
"Male","bmi",26.4
"Male","height",167
"Male","weight",71.1
"Male","bmi",25.5
"Male","height",168
"Male","weight",74.3
"Male","bmi",26.3
"Male","height",172
"Male","weight",80.6
"Male","bmi",27.2
"Male","height",174
"Male","weight",82.6
"Male","bmi",27.3
"Male","height",185
"Male","weight",97.7
"Male","bmi",28.5
"Male","height",175
"Male","weight",77.7
"Male","bmi",25.4
"Male","height",189
"Male","weight",95.4
"Male","bmi",26.7
"Male","height",180
"Male","weight",84.5
"Male","bmi",26.1
"Male","height",178
"Male","weight",88.2
"Male","bmi",27.8
"Male","height",176
"Male","weight",79.1
"Male","bmi",25.5
"Male","height",180
"Male","weight",88.9
"Male","bmi",27.4
"Male","height",162
"Male","weight",75.2
"Male","bmi",28.7
"Male","height",181
"Male","weight",87.9
"Male","bmi",26.8
"Male","height",176
"Male","weight",88.3
"Male","bmi",28.5
"Male","height",182
"Male","weight",92.4
"Male","bmi",27.9
"Male","height",182
"Male","weight",87.3
"Male","bmi",26.4
"Male","height",165
"Male","weight",69.3
"Male","bmi",25.5
"Male","height",168
"Male","weight",80.9
"Male","bmi",28.7
"Male","height",173
"Male","weight",80.8
"Male","bmi",27
"Male","height",172
"Male","weight",81.3
"Male","bmi",27.5
"Male","height",164
"Male","weight",75.1
"Male","bmi",27.9
"Male","height",183
"Male","weight",93
"Male","bmi",27.8
"Male","height",182
"Male","weight",92.3
"Male","bmi",27.9
"Male","height",174
"Male","weight",77.1
"Male","bmi",25.5
"Male","height",162
"Male","weight",73.9
"Male","bmi",28.2
"Male","height",173
"Male","weight",80.3
"Male","bmi",26.8
"Male","height",175
"Male","weight",80.3
"Male","bmi",26.2
"Male","height",182
"Male","weight",94.3
"Male","bmi",28.5
"Male","height",177
"Male","weight",89.6
"Male","bmi",28.6
"Male","height",168
"Male","weight",68
"Male","bmi",24.1
"Male","height",171
"Male","weight",81.8
"Male","bmi",28
"Male","height",183
"Male","weight",92.4
"Male","bmi",27.6
"Male","height",170
"Male","weight",80.5
"Male","bmi",27.9
"Male","height",172
"Male","weight",79.8
"Male","bmi",27
"Male","height",175
"Male","weight",88.2
"Male","bmi",28.8
"Male","height",190
"Male","weight",102.9
"Male","bmi",28.5
"Male","height",180
"Male","weight",93.6
"Male","bmi",28.9
"Male","height",180
"Male","weight",88.6
"Male","bmi",27.3
"Male","height",174
"Male","weight",89.4
"Male","bmi",29.5
"Male","height",165
"Male","weight",69.9
"Male","bmi",25.7
"Male","height",178
"Male","weight",84.3
"Male","bmi",26.6
"Male","height",183
"Male","weight",93.6
"Male","bmi",27.9
"Male","height",179
"Male","weight",81.4
"Male","bmi",25.4
"Male","height",174
"Male","weight",88.2
"Male","bmi",29.1
"Male","height",170
"Male","weight",80.5
"Male","bmi",27.9
"Male","height",180
"Male","weight",88.9
"Male","bmi",27.4
"Male","height",172
"Male","weight",81.3
"Male","bmi",27.5
"Male","height",169
"Male","weight",78.2
"Male","bmi",27.4
"Male","height",159
"Male","weight",63.6
"Male","bmi",25.2
"Male","height",170
"Male","weight",85.2
"Male","bmi",29.5
"Male","height",170
"Male","weight",75.3
"Male","bmi",26.1
"Male","height",178
"Male","weight",85.3
"Male","bmi",26.9
"Male","height",176
"Male","weight",83.1
"Male","bmi",26.8
"Male","height",181
"Male","weight",92.7
"Male","bmi",28.3
"Male","height",182
"Male","weight",96
"Male","bmi",29
"Male","height",180
"Male","weight",81.4
"Male","bmi",25.1
"Male","height",183
"Male","weight",97.4
"Male","bmi",29.1
"Male","height",164
"Male","weight",66.5
"Male","bmi",24.7
"Male","height",172
"Male","weight",80.8
"Male","bmi",27.3
"Male","height",179
"Male","weight",89.8
"Male","bmi",28
"Male","height",182
"Male","weight",92.9
"Male","bmi",28
"Male","height",178
"Male","weight",90.5
"Male","bmi",28.6
"Male","height",163
"Male","weight",73
"Male","bmi",27.5
"Male","height",176
"Male","weight",81.5
"Male","bmi",26.3
"Male","height",175
"Male","weight",89.4
"Male","bmi",29.2
"Male","height",169
"Male","weight",75.4
"Male","bmi",26.4
"Male","height",171
"Male","weight",82.9
"Male","bmi",28.4
"Male","height",183
"Male","weight",93.8
"Male","bmi",28
"Male","height",185
"Male","weight",94
"Male","bmi",27.5
"Male","height",166
"Male","weight",78.2
"Male","bmi",28.4
"Male","height",182
"Male","weight",95.8
"Male","bmi",28.9
"Male","height",167
"Male","weight",73.7
"Male","bmi",26.4
"Male","height",173
"Male","weight",77.1
"Male","bmi",25.8
"Male","height",184
"Male","weight",90.2
"Male","bmi",26.6
"Male","height",176
"Male","weight",82
"Male","bmi",26.5
"Male","height",167
"Male","weight",71.5
"Male","bmi",25.6
"Male","height",162
"Male","weight",75.9
"Male","bmi",28.9
"Male","height",171
"Male","weight",80.4
"Male","bmi",27.5
"Male","height",183
"Male","weight",89.2
"Male","bmi",26.6
"Male","height",175
"Male","weight",83.6
"Male","bmi",27.3
"Male","height",173
"Male","weight",82.9
"Male","bmi",27.7
"Male","height",176
"Male","weight",79.4
"Male","bmi",25.6
"Male","height",165
"Male","weight",74
"Male","bmi",27.2
"Male","height",171
"Male","weight",80.7
"Male","bmi",27.6
"Male","height",186
"Male","weight",104.8
"Male","bmi",30.3
"Male","height",167
"Male","weight",75.7
"Male","bmi",27.1
"Male","height",161
"Male","weight",64.4
"Male","bmi",24.8
"Male","height",195
"Male","weight",109.1
"Male","bmi",28.7
"Male","height",173
"Male","weight",78.4
"Male","bmi",26.2
"Male","height",166
"Male","weight",68.2
"Male","bmi",24.7
"Male","height",181
"Male","weight",94.4
"Male","bmi",28.8
"Male","height",172
"Male","weight",84.6
"Male","bmi",28.6
"Male","height",174
"Male","weight",77.3
"Male","bmi",25.5
"Male","height",171
"Male","weight",79.1
"Male","bmi",27.1
"Male","height",165
"Male","weight",72.5
"Male","bmi",26.6
"Male","height",173
"Male","weight",81.7
"Male","bmi",27.3
"Male","height",185
"Male","weight",92.8
"Male","bmi",27.1
"Male","height",172
"Male","weight",82.5
"Male","bmi",27.9
"Male","height",182
"Male","weight",95.9
"Male","bmi",29
"Male","height",168
"Male","weight",82.1
"Male","bmi",29.1
"Male","height",191
"Male","weight",100.9
"Male","bmi",27.7
"Male","height",161
"Male","weight",71.1
"Male","bmi",27.4
"Male","height",171
"Male","weight",74.2
"Male","bmi",25.4
"Male","height",172
"Male","weight",76.7
"Male","bmi",25.9
"Male","height",169
"Male","weight",78.4
"Male","bmi",27.5
"Male","height",171
"Male","weight",88.1
"Male","bmi",30.1
"Male","height",182
"Male","weight",91.9
"Male","bmi",27.7
"Male","height",173
"Male","weight",74.9
"Male","bmi",25
"Male","height",186
"Male","weight",102.2
"Male","bmi",29.5
"Male","height",196
"Male","weight",109.1
"Male","bmi",28.4
"Male","height",159
"Male","weight",69.3
"Male","bmi",27.4
"Male","height",177
"Male","weight",92.2
"Male","bmi",29.4
"Male","height",192
"Male","weight",100.1
"Male","bmi",27.2
"Male","height",160
"Male","weight",63.7
"Male","bmi",24.9
"Male","height",195
"Male","weight",105.8
"Male","bmi",27.8
"Male","height",170
"Male","weight",76.9
"Male","bmi",26.6
"Male","height",163
"Male","weight",66.3
"Male","bmi",25
"Male","height",177
"Male","weight",86.8
"Male","bmi",27.7
"Male","height",181
"Male","weight",83.4
"Male","bmi",25.5
"Male","height",171
"Male","weight",91.1
"Male","bmi",31.2
"Male","height",186
"Male","weight",93.8
"Male","bmi",27.1
"Male","height",182
"Male","weight",81.5
"Male","bmi",24.6
"Male","height",172
"Male","weight",86.3
"Male","bmi",29.2
"Male","height",184
"Male","weight",103.1
"Male","bmi",30.5
"Male","height",166
"Male","weight",72.9
"Male","bmi",26.5
"Male","height",177
"Male","weight",94.3
"Male","bmi",30.1
"Male","height",175
"Male","weight",76.1
"Male","bmi",24.8
"Male","height",191
"Male","weight",99.1
"Male","bmi",27.2
"Male","height",184
"Male","weight",95
"Male","bmi",28.1
"Male","height",176
"Male","weight",96.3
"Male","bmi",31.1
"Male","height",165
"Male","weight",68
"Male","bmi",25
"Male","height",176
"Male","weight",90.5
"Male","bmi",29.2
"Male","height",170
"Male","weight",84.8
"Male","bmi",29.3
"Male","height",180
"Male","weight",82.1
"Male","bmi",25.3
"Male","height",185
"Male","weight",86.6
"Male","bmi",25.3
"Male","height",182
"Male","weight",90.1
"Male","bmi",27.2
"Male","height",155
"Male","weight",68.4
"Male","bmi",28.5
"Male","height",172
"Male","weight",80.3
"Male","bmi",27.1
"Male","height",174
"Male","weight",84.7
"Male","bmi",28
"Male","height",176
"Male","weight",87.6
"Male","bmi",28.3
"Male","height",173
"Male","weight",76.5
"Male","bmi",25.6
"Male","height",176
"Male","weight",93.2
"Male","bmi",30.1
"Male","height",173
"Male","weight",78.3
"Male","bmi",26.2
"Male","height",195
"Male","weight",115.3
"Male","bmi",30.3
"Male","height",179
"Male","weight",81.7
"Male","bmi",25.5
"Male","height",178
"Male","weight",80
"Male","bmi",25.2
"Male","height",167
"Male","weight",68.6
"Male","bmi",24.6
"Male","height",177
"Male","weight",86
"Male","bmi",27.5
"Male","height",174
"Male","weight",75.7
"Male","bmi",25
"Male","height",173
"Male","weight",74.2
"Male","bmi",24.8
"Male","height",180
"Male","weight",88.1
"Male","bmi",27.2
"Male","height",172
"Male","weight",78
"Male","bmi",26.4
"Male","height",183
"Male","weight",85.9
"Male","bmi",25.7
"Male","height",185
"Male","weight",94.1
"Male","bmi",27.5
"Male","height",168
"Male","weight",83.4
"Male","bmi",29.5
"Male","height",174
"Male","weight",85.9
"Male","bmi",28.4
"Male","height",182
"Male","weight",83.7
"Male","bmi",25.3
"Male","height",179
"Male","weight",83.9
"Male","bmi",26.2
"Male","height",167
"Male","weight",72.1
"Male","bmi",25.9
"Male","height",159
"Male","weight",65.7
"Male","bmi",26
"Male","height",174
"Male","weight",85.7
"Male","bmi",28.3
"Male","height",176
"Male","weight",88.1
"Male","bmi",28.4
"Male","height",162
"Male","weight",73.3
"Male","bmi",27.9
"Male","height",186
"Male","weight",93.3
"Male","bmi",27
"Male","height",183
"Male","weight",90.1
"Male","bmi",26.9
"Male","height",177
"Male","weight",84.2
"Male","bmi",26.9
"Male","height",174
"Male","weight",82.1
"Male","bmi",27.1
"Male","height",188
"Male","weight",98.5
"Male","bmi",27.9
"Male","height",172
"Male","weight",77.7
"Male","bmi",26.3
"Male","height",185
"Male","weight",102.3
"Male","bmi",29.9
"Male","height",162
"Male","weight",72
"Male","bmi",27.4
"Male","height",182
"Male","weight",94.1
"Male","bmi",28.4
"Male","height",172
"Male","weight",91.2
"Male","bmi",30.8
"Male","height",182
"Male","weight",100.2
"Male","bmi",30.2
"Male","height",169
"Male","weight",83.7
"Male","bmi",29.3
"Male","height",191
"Male","weight",100.7
"Male","bmi",27.6
"Male","height",180
"Male","weight",84.6
"Male","bmi",26.1
"Male","height",171
"Male","weight",82
"Male","bmi",28
"Male","height",183
"Male","weight",88.5
"Male","bmi",26.4
"Male","height",176
"Male","weight",86.3
"Male","bmi",27.9
"Male","height",176
"Male","weight",86.3
"Male","bmi",27.9
"Male","height",176
"Male","weight",81.8
"Male","bmi",26.4
"Male","height",170
"Male","weight",78.1
"Male","bmi",27
"Male","height",181
"Male","weight",90.3
"Male","bmi",27.6
"Male","height",178
"Male","weight",89.1
"Male","bmi",28.1
"Male","height",177
"Male","weight",81
"Male","bmi",25.9
"Male","height",164
"Male","weight",73.3
"Male","bmi",27.3
"Male","height",185
"Male","weight",92.6
"Male","bmi",27.1
"Male","height",181
"Male","weight",91.1
"Male","bmi",27.8
"Male","height",160
"Male","weight",69.8
"Male","bmi",27.3
"Male","height",169
"Male","weight",78.9
"Male","bmi",27.6
"Male","height",177
"Male","weight",83.8
"Male","bmi",26.7
"Male","height",178
"Male","weight",86.5
"Male","bmi",27.3
"Male","height",177
"Male","weight",82.9
"Male","bmi",26.5
"Male","height",172
"Male","weight",77.5
"Male","bmi",26.2
"Male","height",171
"Male","weight",79.2
"Male","bmi",27.1
"Male","height",180
"Male","weight",82.6
"Male","bmi",25.5
"Male","height",185
"Male","weight",100.6
"Male","bmi",29.4
"Male","height",158
"Male","weight",68.4
"Male","bmi",27.4
"Male","height",161
"Male","weight",64.5
"Male","bmi",24.9
"Male","height",178
"Male","weight",91.5
"Male","bmi",28.9
"Male","height",175
"Male","weight",92.7
"Male","bmi",30.3
"Male","height",178
"Male","weight",86
"Male","bmi",27.1
"Male","height",169
"Male","weight",79
"Male","bmi",27.7
"Male","height",178
"Male","weight",89
"Male","bmi",28.1
"Male","height",163
"Male","weight",74.6
"Male","bmi",28.1
"Male","height",168
"Male","weight",72.2
"Male","bmi",25.6
"Male","height",179
"Male","weight",92.7
"Male","bmi",28.9
"Male","height",186
"Male","weight",93.5
"Male","bmi",27
"Male","height",170
"Male","weight",71
"Male","bmi",24.6
"Male","height",181
"Male","weight",90.6
"Male","bmi",27.7
"Male","height",176
"Male","weight",73.6
"Male","bmi",23.8
"Male","height",195
"Male","weight",108.7
"Male","bmi",28.6
"Male","height",175
"Male","weight",88.6
"Male","bmi",28.9
"Male","height",155
"Male","weight",66.8
"Male","bmi",27.8
"Male","height",182
"Male","weight",91.9
"Male","bmi",27.7
"Male","height",166
"Male","weight",77.3
"Male","bmi",28.1
"Male","height",171
"Male","weight",71.7
"Male","bmi",24.5
"Male","height",190
"Male","weight",104.1
"Male","bmi",28.8
"Male","height",165
"Male","weight",70.3
"Male","bmi",25.8
"Male","height",172
"Male","weight",81.5
"Male","bmi",27.5
"Male","height",174
"Male","weight",85.4
"Male","bmi",28.2
"Male","height",175
"Male","weight",87.9
"Male","bmi",28.7
"Male","height",178
"Male","weight",86.5
"Male","bmi",27.3
"Male","height",172
"Male","weight",89.1
"Male","bmi",30.1
"Male","height",174
"Male","weight",78.4
"Male","bmi",25.9
"Male","height",172
"Male","weight",77.8
"Male","bmi",26.3
"Male","height",176
"Male","weight",87
"Male","bmi",28.1
"Male","height",182
"Male","weight",92.2
"Male","bmi",27.8
"Male","height",188
"Male","weight",101.4
"Male","bmi",28.7
"Male","height",177
"Male","weight",84.5
"Male","bmi",27
"Male","height",169
"Male","weight",87
"Male","bmi",30.5
"Male","height",168
"Male","weight",70.1
"Male","bmi",24.8
"Male","height",171
"Male","weight",82.8
"Male","bmi",28.3
"Male","height",194
"Male","weight",104.7
"Male","bmi",27.8
"Male","height",177
"Male","weight",83.7
"Male","bmi",26.7
"Male","height",178
"Male","weight",90.9
"Male","bmi",28.7
"Male","height",188
"Male","weight",101
"Male","bmi",28.6
"Male","height",175
"Male","weight",78.5
"Male","bmi",25.6
"Male","height",179
"Male","weight",90
"Male","bmi",28.1
"Male","height",165
"Male","weight",69.5
"Male","bmi",25.5
"Male","height",166
"Male","weight",76.5
"Male","bmi",27.8
"Male","height",178
"Male","weight",84.7
"Male","bmi",26.7
"Male","height",172
"Male","weight",81.6
"Male","bmi",27.6
"Male","height",175
"Male","weight",90.5
"Male","bmi",29.6
"Male","height",173
"Male","weight",76
"Male","bmi",25.4
"Male","height",175
"Male","weight",84.8
"Male","bmi",27.7
"Male","height",173
"Male","weight",83.8
"Male","bmi",28
"Male","height",170
"Male","weight",76.9
"Male","bmi",26.6
"Male","height",166
"Male","weight",75.7
"Male","bmi",27.5
"Male","height",168
"Male","weight",80.2
"Male","bmi",28.4
"Male","height",175
"Male","weight",88.9
"Male","bmi",29
"Male","height",177
"Male","weight",85.4
"Male","bmi",27.3
"Male","height",158
"Male","weight",67.7
"Male","bmi",27.1
"Male","height",171
"Male","weight",75.8
"Male","bmi",25.9
"Male","height",166
"Male","weight",73.1
"Male","bmi",26.5
"Male","height",176
"Male","weight",85.6
"Male","bmi",27.6
"Male","height",168
"Male","weight",73.6
"Male","bmi",26.1
"Male","height",175
"Male","weight",90
"Male","bmi",29.4
"Male","height",173
"Male","weight",84.8
"Male","bmi",28.3
"Male","height",185
"Male","weight",95.4
"Male","bmi",27.9
"Male","height",181
"Male","weight",86.1
"Male","bmi",26.3
"Male","height",180
"Male","weight",95
"Male","bmi",29.3
"Male","height",177
"Male","weight",81.7
"Male","bmi",26.1
"Male","height",179
"Male","weight",87.6
"Male","bmi",27.3
"Male","height",172
"Male","weight",73.3
"Male","bmi",24.8
"Male","height",176
"Male","weight",83.5
"Male","bmi",27
"Male","height",176
"Male","weight",81.8
"Male","bmi",26.4
"Male","height",173
"Male","weight",85.8
"Male","bmi",28.7
"Male","height",187
"Male","weight",98.4
"Male","bmi",28.1
"Male","height",183
"Male","weight",94.1
"Male","bmi",28.1
"Male","height",184
"Male","weight",96.3
"Male","bmi",28.4
"Male","height",177
"Male","weight",86
"Male","bmi",27.5
"Male","height",181
"Male","weight",85.8
"Male","bmi",26.2
"Male","height",171
"Male","weight",85.3
"Male","bmi",29.2
"Male","height",162
"Male","weight",77
"Male","bmi",29.3
"Male","height",182
"Male","weight",94.5
"Male","bmi",28.5
"Male","height",189
"Male","weight",98.7
"Male","bmi",27.6
"Male","height",174
"Male","weight",76.1
"Male","bmi",25.1
"Male","height",173
"Male","weight",77.9
"Male","bmi",26
"Male","height",160
"Male","weight",59.8
"Male","bmi",23.4
"Male","height",175
"Male","weight",86.3
"Male","bmi",28.2
"Male","height",183
"Male","weight",95.2
"Male","bmi",28.4
"Male","height",176
"Male","weight",82
"Male","bmi",26.5
"Male","height",180
"Male","weight",88.1
"Male","bmi",27.2
"Male","height",180
"Male","weight",87.5
"Male","bmi",27
"Male","height",186
"Male","weight",93.8
"Male","bmi",27.1
"Male","height",176
"Male","weight",82.7
"Male","bmi",26.7
"Male","height",178
"Male","weight",88.9
"Male","bmi",28.1
"Male","height",181
"Male","weight",89.8
"Male","bmi",27.4
"Male","height",167
"Male","weight",73.7
"Male","bmi",26.4
"Male","height",171
"Male","weight",73.3
"Male","bmi",25.1
"Male","height",184
"Male","weight",98.6
"Male","bmi",29.1
"Male","height",176
"Male","weight",79.3
"Male","bmi",25.6
"Male","height",188
"Male","weight",98.5
"Male","bmi",27.9
"Male","height",177
"Male","weight",82.4
"Male","bmi",26.3
"Male","height",174
"Male","weight",82.3
"Male","bmi",27.2
"Male","height",188
"Male","weight",94.4
"Male","bmi",26.7
"Male","height",183
"Male","weight",90.2
"Male","bmi",26.9
"Male","height",174
"Male","weight",83.8
"Male","bmi",27.7
"Male","height",170
"Male","weight",64.3
"Male","bmi",22.2
"Male","height",176
"Male","weight",81.4
"Male","bmi",26.3
"Male","height",183
"Male","weight",90.3
"Male","bmi",27
"Male","height",181
"Male","weight",90.3
"Male","bmi",27.6
"Male","height",171
"Male","weight",79
"Male","bmi",27
"Male","height",167
"Male","weight",70.1
"Male","bmi",25.1
"Male","height",167
"Male","weight",75.1
"Male","bmi",26.9
"Male","height",167
"Male","weight",73.6
"Male","bmi",26.4
"Male","height",175
"Male","weight",83.3
"Male","bmi",27.2
"Male","height",164
"Male","weight",66.7
"Male","bmi",24.8
"Male","height",171
"Male","weight",81.3
"Male","bmi",27.8
"Male","height",181
"Male","weight",90.7
"Male","bmi",27.7
"Male","height",176
"Male","weight",92
"Male","bmi",29.7
"Male","height",178
"Male","weight",80.1
"Male","bmi",25.3
"Male","height",169
"Male","weight",79.4
"Male","bmi",27.8
"Male","height",184
"Male","weight",95.6
"Male","bmi",28.2
"Male","height",178
"Male","weight",85.2
"Male","bmi",26.9
"Male","height",174
"Male","weight",87.4
"Male","bmi",28.9
"Male","height",162
"Male","weight",72.4
"Male","bmi",27.6
"Male","height",184
"Male","weight",98.4
"Male","bmi",29.1
"Male","height",167
"Male","weight",84.4
"Male","bmi",30.3
"Male","height",188
"Male","weight",98
"Male","bmi",27.7
"Male","height",177
"Male","weight",83
"Male","bmi",26.5
"Male","height",183
"Male","weight",88.3
"Male","bmi",26.4
"Male","height",175
"Male","weight",82.9
"Male","bmi",27.1
"Male","height",174
"Male","weight",79.4
"Male","bmi",26.2
"Male","height",178
"Male","weight",94.1
"Male","bmi",29.7
"Male","height",167
"Male","weight",79.8
"Male","bmi",28.6
"Male","height",168
"Male","weight",79.9
"Male","bmi",28.3
"Male","height",172
"Male","weight",83.8
"Male","bmi",28.3
"Male","height",173
"Male","weight",88.9
"Male","bmi",29.7
"Male","height",185
"Male","weight",95.2
"Male","bmi",27.8
"Male","height",175
"Male","weight",86.2
"Male","bmi",28.1
"Male","height",170
"Male","weight",82.9
"Male","bmi",28.7
"Male","height",180
"Male","weight",89.5
"Male","bmi",27.6
"Male","height",172
"Male","weight",78.4
"Male","bmi",26.5
"Male","height",185
"Male","weight",94.1
"Male","bmi",27.5
"Male","height",169
"Male","weight",77.8
"Male","bmi",27.2
"Male","height",164
"Male","weight",66
"Male","bmi",24.5
"Male","height",178
"Male","weight",90.2
"Male","bmi",28.5
"Male","height",176
"Male","weight",89.5
"Male","bmi",28.9
"Male","height",181
"Male","weight",88.7
"Male","bmi",27.1
"Male","height",183
"Male","weight",98.7
"Male","bmi",29.5
"Male","height",175
"Male","weight",87.3
"Male","bmi",28.5
"Male","height",165
"Male","weight",74.4
"Male","bmi",27.3
"Male","height",178
"Male","weight",88.9
"Male","bmi",28.1
"Male","height",173
"Male","weight",82.2
"Male","bmi",27.5
"Male","height",186
"Male","weight",95.9
"Male","bmi",27.7
"Male","height",180
"Male","weight",89.5
"Male","bmi",27.6
"Male","height",175
"Male","weight",86.1
"Male","bmi",28.1
"Male","height",167
"Male","weight",81.9
"Male","bmi",29.4
"Male","height",182
"Male","weight",93.7
"Male","bmi",28.3
"Male","height",185
"Male","weight",101.6
"Male","bmi",29.7
"Male","height",172
"Male","weight",79.6
"Male","bmi",26.9
"Male","height",178
"Male","weight",92.5
"Male","bmi",29.2
"Male","height",186
"Male","weight",98
"Male","bmi",28.3
"Male","height",177
"Male","weight",91.5
"Male","bmi",29.2
"Male","height",177
"Male","weight",89.7
"Male","bmi",28.6
"Male","height",177
"Male","weight",90.2
"Male","bmi",28.8
"Male","height",177
"Male","weight",89.2
"Male","bmi",28.5
"Male","height",159
"Male","weight",72.4
"Male","bmi",28.6
"Male","height",182
"Male","weight",91
"Male","bmi",27.5
"Male","height",179
"Male","weight",90.3
"Male","bmi",28.2
"Male","height",173
"Male","weight",83.5
"Male","bmi",27.9
"Male","height",178
"Male","weight",84
"Male","bmi",26.5
"Male","height",177
"Male","weight",92.1
"Male","bmi",29.4
"Male","height",174
"Male","weight",80.9
"Male","bmi",26.7
"Male","height",157
"Male","weight",62.4
"Male","bmi",25.3
"Male","height",170
"Male","weight",84.8
"Male","bmi",29.3
"Male","height",165
"Male","weight",72.2
"Male","bmi",26.5
"Male","height",174
"Male","weight",89
"Male","bmi",29.4
"Male","height",169
"Male","weight",75.7
"Male","bmi",26.5
"Male","height",173
"Male","weight",85
"Male","bmi",28.4
"Male","height",171
"Male","weight",76.5
"Male","bmi",26.2
"Male","height",164
"Male","weight",83.7
"Male","bmi",31.1
"Male","height",175
"Male","weight",84.8
"Male","bmi",27.7
"Male","height",173
"Male","weight",80.9
"Male","bmi",27
"Male","height",192
"Male","weight",101.4
"Male","bmi",27.5
"Male","height",167
"Male","weight",77.5
"Male","bmi",27.8
"Male","height",180
"Male","weight",89.9
"Male","bmi",27.7
"Male","height",172
"Male","weight",80.9
"Male","bmi",27.3
"Male","height",197
"Male","weight",109.8
"Male","bmi",28.3
"Male","height",173
"Male","weight",84.4
"Male","bmi",28.2
"Male","height",180
"Male","weight",89.3
"Male","bmi",27.6
"Male","height",172
"Male","weight",69.4
"Male","bmi",23.5
"Male","height",173
"Male","weight",76.8
"Male","bmi",25.7
"Male","height",174
"Male","weight",82.6
"Male","bmi",27.3
"Male","height",173
"Male","weight",84.9
"Male","bmi",28.4
"Male","height",180
"Male","weight",92.8
"Male","bmi",28.6
"Male","height",186
"Male","weight",105.6
"Male","bmi",30.5
"Male","height",164
"Male","weight",80.3
"Male","bmi",29.9
"Male","height",165
"Male","weight",71.7
"Male","bmi",26.3
"Male","height",176
"Male","weight",84.2
"Male","bmi",27.2
"Male","height",174
"Male","weight",83.4
"Male","bmi",27.5
"Male","height",176
"Male","weight",93.6
"Male","bmi",30.2
"Male","height",184
"Male","weight",95.7
"Male","bmi",28.3
"Male","height",170
"Male","weight",70.8
"Male","bmi",24.5
"Male","height",172
"Male","weight",81.2
"Male","bmi",27.4
"Male","height",175
"Male","weight",89.2
"Male","bmi",29.1
"Male","height",171
"Male","weight",87.5
"Male","bmi",29.9
"Male","height",179
"Male","weight",81.4
"Male","bmi",25.4
"Male","height",179
"Male","weight",95.1
"Male","bmi",29.7
"Male","height",174
"Male","weight",91.5
"Male","bmi",30.2
"Male","height",180
"Male","weight",87.5
"Male","bmi",27
"Male","height",180
"Male","weight",86.5
"Male","bmi",26.7
"Male","height",172
"Male","weight",81.1
"Male","bmi",27.4
"Male","height",182
"Male","weight",100
"Male","bmi",30.2
"Male","height",185
"Male","weight",90.3
"Male","bmi",26.4
"Male","height",181
"Male","weight",93.1
"Male","bmi",28.4
"Male","height",185
"Male","weight",90.6
"Male","bmi",26.5
"Male","height",167
"Male","weight",76.1
"Male","bmi",27.3
"Male","height",175
"Male","weight",84.3
"Male","bmi",27.5
"Male","height",174
"Male","weight",93.7
"Male","bmi",30.9
"Male","height",172
"Male","weight",80.3
"Male","bmi",27.1
"Male","height",183
"Male","weight",96.2
"Male","bmi",28.7
"Male","height",167
"Male","weight",79.9
"Male","bmi",28.6
"Male","height",170
"Male","weight",88.6
"Male","bmi",30.7
"Male","height",179
"Male","weight",80.3
"Male","bmi",25.1
"Male","height",171
"Male","weight",77.6
"Male","bmi",26.5
"Male","height",179
"Male","weight",93.3
"Male","bmi",29.1
"Male","height",184
"Male","weight",94.4
"Male","bmi",27.9
"Male","height",179
"Male","weight",89.4
"Male","bmi",27.9
"Male","height",178
"Male","weight",88.3
"Male","bmi",27.9
"Male","height",181
"Male","weight",93.5
"Male","bmi",28.5
"Male","height",161
"Male","weight",71.1
"Male","bmi",27.4
"Male","height",172
"Male","weight",76.9
"Male","bmi",26
"Male","height",170
"Male","weight",76.6
"Male","bmi",26.5
"Male","height",166
"Male","weight",79.6
"Male","bmi",28.9
"Male","height",166
"Male","weight",80.6
"Male","bmi",29.2
"Male","height",175
"Male","weight",84.8
"Male","bmi",27.7
"Male","height",180
"Male","weight",82.7
"Male","bmi",25.5
"Male","height",168
"Male","weight",71
"Male","bmi",25.2
"Male","height",163
"Male","weight",77
"Male","bmi",29
"Male","height",168
"Male","weight",78.9
"Male","bmi",28
"Male","height",168
"Male","weight",78.1
"Male","bmi",27.7
"Male","height",180
"Male","weight",100.3
"Male","bmi",31
"Male","height",175
"Male","weight",86.2
"Male","bmi",28.1
"Male","height",175
"Male","weight",86.7
"Male","bmi",28.3
"Male","height",162
"Male","weight",73.4
"Male","bmi",28
"Male","height",174
"Male","weight",80.2
"Male","bmi",26.5
"Male","height",183
"Male","weight",97.3
"Male","bmi",29.1
"Male","height",185
"Male","weight",97.3
"Male","bmi",28.4
"Male","height",172
"Male","weight",76.6
"Male","bmi",25.9
"Male","height",172
"Male","weight",79.7
"Male","bmi",26.9
"Male","height",174
"Male","weight",92.1
"Male","bmi",30.4
"Male","height",178
"Male","weight",92.3
"Male","bmi",29.1
"Male","height",172
"Male","weight",87.1
"Male","bmi",29.4
"Male","height",181
"Male","weight",82.6
"Male","bmi",25.2
"Male","height",186
"Male","weight",102.2
"Male","bmi",29.5
"Male","height",152
"Male","weight",53.4
"Male","bmi",23.1
"Male","height",180
"Male","weight",98
"Male","bmi",30.2
"Male","height",165
"Male","weight",67.7
"Male","bmi",24.9
"Male","height",175
"Male","weight",85.4
"Male","bmi",27.9
"Male","height",178
"Male","weight",90.6
"Male","bmi",28.6
"Male","height",171
"Male","weight",73.8
"Male","bmi",25.2
"Male","height",185
"Male","weight",102.8
"Male","bmi",30
"Male","height",174
"Male","weight",84.7
"Male","bmi",28
"Male","height",168
"Male","weight",68
"Male","bmi",24.1
"Male","height",176
"Male","weight",85.8
"Male","bmi",27.7
"Male","height",176
"Male","weight",83.6
"Male","bmi",27
"Male","height",177
"Male","weight",94.5
"Male","bmi",30.2
"Male","height",171
"Male","weight",78.1
"Male","bmi",26.7
"Male","height",187
"Male","weight",96.4
"Male","bmi",27.6
"Male","height",174
"Male","weight",88
"Male","bmi",29.1
"Male","height",169
"Male","weight",76.8
"Male","bmi",26.9
"Male","height",176
"Male","weight",91
"Male","bmi",29.4
"Male","height",175
"Male","weight",78
"Male","bmi",25.5
"Male","height",181
"Male","weight",95
"Male","bmi",29
"Male","height",179
"Male","weight",98.2
"Male","bmi",30.6
"Male","height",167
"Male","weight",71.4
"Male","bmi",25.6
"Male","height",169
"Male","weight",76.3
"Male","bmi",26.7
"Male","height",175
"Male","weight",88.3
"Male","bmi",28.8
"Male","height",185
"Male","weight",100.3
"Male","bmi",29.3
"Male","height",176
"Male","weight",91.6
"Male","bmi",29.6
"Male","height",173
"Male","weight",78.6
"Male","bmi",26.3
"Male","height",172
"Male","weight",83.5
"Male","bmi",28.2
"Male","height",164
"Male","weight",72.9
"Male","bmi",27.1
"Male","height",170
"Male","weight",83.4
"Male","bmi",28.9
"Male","height",174
"Male","weight",83.5
"Male","bmi",27.6
"Male","height",171
"Male","weight",81.4
"Male","bmi",27.8
"Male","height",183
"Male","weight",82.9
"Male","bmi",24.8
"Male","height",177
"Male","weight",86.1
"Male","bmi",27.5
"Male","height",177
"Male","weight",90.6
"Male","bmi",28.9
"Male","height",169
"Male","weight",69.6
"Male","bmi",24.4
"Male","height",174
"Male","weight",86.4
"Male","bmi",28.5
"Male","height",182
"Male","weight",96.4
"Male","bmi",29.1
"Male","height",172
"Male","weight",84.5
"Male","bmi",28.6
"Male","height",170
"Male","weight",75
"Male","bmi",26
"Male","height",172
"Male","weight",78.9
"Male","bmi",26.7
"Male","height",179
"Male","weight",81.9
"Male","bmi",25.6
"Male","height",157
"Male","weight",65.1
"Male","bmi",26.4
"Male","height",175
"Male","weight",82.5
"Male","bmi",26.9
"Male","height",172
"Male","weight",81.4
"Male","bmi",27.5
"Male","height",178
"Male","weight",90.6
"Male","bmi",28.6
"Male","height",171
"Male","weight",81.1
"Male","bmi",27.7
"Male","height",171
"Male","weight",82
"Male","bmi",28
"Male","height",175
"Male","weight",88.5
"Male","bmi",28.9
"Male","height",174
"Male","weight",82
"Male","bmi",27.1
"Male","height",181
"Male","weight",95.6
"Male","bmi",29.2
"Male","height",178
"Male","weight",83.5
"Male","bmi",26.4
"Male","height",171
"Male","weight",79.5
"Male","bmi",27.2
"Male","height",179
"Male","weight",89.5
"Male","bmi",27.9
"Male","height",177
"Male","weight",85.5
"Male","bmi",27.3
"Male","height",165
"Male","weight",83.4
"Male","bmi",30.6
"Male","height",187
"Male","weight",105.1
"Male","bmi",30.1
"Male","height",176
"Male","weight",88.5
"Male","bmi",28.6
"Male","height",172
"Male","weight",79
"Male","bmi",26.7
"Male","height",184
"Male","weight",96.8
"Male","bmi",28.6
"Male","height",175
"Male","weight",85.2
"Male","bmi",27.8
"Male","height",180
"Male","weight",94.9
"Male","bmi",29.3
"Male","height",164
"Male","weight",73.7
"Male","bmi",27.4
"Male","height",175
"Male","weight",80
"Male","bmi",26.1
"Male","height",172
"Male","weight",81
"Male","bmi",27.4
"Male","height",195
"Male","weight",109.6
"Male","bmi",28.8
"Male","height",172
"Male","weight",82.1
"Male","bmi",27.8
"Male","height",160
"Male","weight",70.2
"Male","bmi",27.4
"Male","height",174
"Male","weight",79.5
"Male","bmi",26.3
"Male","height",182
"Male","weight",87.1
"Male","bmi",26.3
"Male","height",174
"Male","weight",79.6
"Male","bmi",26.3
"Male","height",169
"Male","weight",75
"Male","bmi",26.3
"Male","height",173
"Male","weight",84.8
"Male","bmi",28.3
"Male","height",179
"Male","weight",92.3
"Male","bmi",28.8
"Male","height",173
"Male","weight",80.3
"Male","bmi",26.8
"Male","height",181
"Male","weight",90.4
"Male","bmi",27.6
"Male","height",173
"Male","weight",78.8
"Male","bmi",26.3
"Male","height",176
"Male","weight",83.7
"Male","bmi",27
"Male","height",177
"Male","weight",89.1
"Male","bmi",28.4
"Male","height",182
"Male","weight",86
"Male","bmi",26
"Male","height",172
"Male","weight",90.5
"Male","bmi",30.6
"Male","height",169
"Male","weight",75.3
"Male","bmi",26.4
"Male","height",176
"Male","weight",84.5
"Male","bmi",27.3
"Male","height",172
"Male","weight",81.5
"Male","bmi",27.5
"Male","height",181
"Male","weight",96
"Male","bmi",29.3
"Male","height",191
"Male","weight",109.1
"Male","bmi",29.9
"Male","height",173
"Male","weight",79.3
"Male","bmi",26.5
"Male","height",170
"Male","weight",79.9
"Male","bmi",27.6
"Male","height",174
"Male","weight",86.2
"Male","bmi",28.5
"Male","height",169
"Male","weight",77
"Male","bmi",27
"Male","height",184
"Male","weight",96.7
"Male","bmi",28.6
"Male","height",166
"Male","weight",69
"Male","bmi",25
"Male","height",171
"Male","weight",70.5
"Male","bmi",24.1
"Male","height",165
"Male","weight",69.5
"Male","bmi",25.5
"Male","height",162
"Male","weight",70.2
"Male","bmi",26.7
"Male","height",166
"Male","weight",79.3
"Male","bmi",28.8
"Male","height",170
"Male","weight",72.7
"Male","bmi",25.2
"Male","height",171
"Male","weight",88.5
"Male","bmi",30.3
"Male","height",165
"Male","weight",71.5
"Male","bmi",26.3
"Male","height",172
"Male","weight",83.9
"Male","bmi",28.4
"Male","height",171
"Male","weight",81
"Male","bmi",27.7
"Male","height",173
"Male","weight",79.3
"Male","bmi",26.5
"Male","height",171
"Male","weight",80.1
"Male","bmi",27.4
"Male","height",178
"Male","weight",94.5
"Male","bmi",29.8
"Male","height",173
"Male","weight",84.2
"Male","bmi",28.1
"Male","height",174
"Male","weight",82.4
"Male","bmi",27.2
"Male","height",183
"Male","weight",97.5
"Male","bmi",29.1
"Male","height",176
"Male","weight",76.1
"Male","bmi",24.6
"Male","height",177
"Male","weight",92
"Male","bmi",29.4
"Male","height",174
"Male","weight",81.8
"Male","bmi",27
"Male","height",175
"Male","weight",80.1
"Male","bmi",26.2
"Male","height",187
"Male","weight",104.1
"Male","bmi",29.8
"Male","height",174
"Male","weight",88.8
"Male","bmi",29.3
"Male","height",173
"Male","weight",83
"Male","bmi",27.7
"Male","height",181
"Male","weight",89.1
"Male","bmi",27.2
"Male","height",181
"Male","weight",87.4
"Male","bmi",26.7
"Male","height",171
"Male","weight",76.3
"Male","bmi",26.1
"Male","height",174
"Male","weight",80.8
"Male","bmi",26.7
"Male","height",176
"Male","weight",91.9
"Male","bmi",29.7
"Male","height",176
"Male","weight",79.8
"Male","bmi",25.8
"Male","height",165
"Male","weight",74.2
"Male","bmi",27.3
"Male","height",179
"Male","weight",86.2
"Male","bmi",26.9
"Male","height",178
"Male","weight",87.3
"Male","bmi",27.6
"Male","height",174
"Male","weight",82.7
"Male","bmi",27.3
"Male","height",174
"Male","weight",75.3
"Male","bmi",24.9
"Male","height",181
"Male","weight",92
"Male","bmi",28.1
"Male","height",173
"Male","weight",81.4
"Male","bmi",27.2
"Male","height",166
"Male","weight",79
"Male","bmi",28.7
"Male","height",175
"Male","weight",86.1
"Male","bmi",28.1
"Male","height",177
"Male","weight",84.8
"Male","bmi",27.1
"Male","height",182
"Male","weight",95.8
"Male","bmi",28.9
"Male","height",168
"Male","weight",79.7
"Male","bmi",28.2
"Male","height",172
"Male","weight",89.2
"Male","bmi",30.2
"Male","height",170
"Male","weight",82.4
"Male","bmi",28.5
"Male","height",171
"Male","weight",77.8
"Male","bmi",26.6
"Male","height",174
"Male","weight",78.3
"Male","bmi",25.9
"Male","height",190
"Male","weight",99.3
"Male","bmi",27.5
"Male","height",163
"Male","weight",71.6
"Male","bmi",26.9
"Male","height",174
"Male","weight",87.1
"Male","bmi",28.8
"Male","height",184
"Male","weight",96.6
"Male","bmi",28.5
"Male","height",184
"Male","weight",100.9
"Male","bmi",29.8
"Male","height",164
"Male","weight",71.7
"Male","bmi",26.7
"Male","height",182
"Male","weight",92
"Male","bmi",27.8
"Male","height",177
"Male","weight",80.7
"Male","bmi",25.8
"Male","height",173
"Male","weight",83.5
"Male","bmi",27.9
"Male","height",178
"Male","weight",81.5
"Male","bmi",25.7
"Male","height",179
"Male","weight",83.6
"Male","bmi",26.1
"Male","height",171
"Male","weight",86.3
"Male","bmi",29.5
"Male","height",165
"Male","weight",69.7
"Male","bmi",25.6
"Male","height",179
"Male","weight",91.8
"Male","bmi",28.7
"Male","height",175
"Male","weight",87
"Male","bmi",28.4
"Male","height",181
"Male","weight",82.9
"Male","bmi",25.3
"Male","height",180
"Male","weight",84.7
"Male","bmi",26.1
"Male","height",173
"Male","weight",77.7
"Male","bmi",26
"Male","height",188
"Male","weight",95.8
"Male","bmi",27.1
"Male","height",168
"Male","weight",81.7
"Male","bmi",28.9
"Male","height",166
"Male","weight",85.9
"Male","bmi",31.2
"Male","height",178
"Male","weight",79.5
"Male","bmi",25.1
"Male","height",148
"Male","weight",55
"Male","bmi",25.1
"Male","height",184
"Male","weight",91.6
"Male","bmi",27.1
"Male","height",171
"Male","weight",75
"Male","bmi",25.6
"Male","height",170
"Male","weight",75.1
"Male","bmi",26
"Male","height",173
"Male","weight",84.8
"Male","bmi",28.3
"Male","height",173
"Male","weight",81.2
"Male","bmi",27.1
"Male","height",174
"Male","weight",76.9
"Male","bmi",25.4
"Male","height",183
"Male","weight",93.2
"Male","bmi",27.8
"Male","height",171
"Male","weight",79.8
"Male","bmi",27.3
"Male","height",185
"Male","weight",92.3
"Male","bmi",27
"Male","height",160
"Male","weight",63.1
"Male","bmi",24.6
"Male","height",169
"Male","weight",86.1
"Male","bmi",30.1
"Male","height",185
"Male","weight",100.9
"Male","bmi",29.5
"Male","height",189
"Male","weight",102.3
"Male","bmi",28.6
"Male","height",176
"Male","weight",76.9
"Male","bmi",24.8
"Male","height",185
"Male","weight",91.5
"Male","bmi",26.7
"Male","height",179
"Male","weight",87.1
"Male","bmi",27.2
"Male","height",183
"Male","weight",85.7
"Male","bmi",25.6
"Male","height",179
"Male","weight",82.1
"Male","bmi",25.6
"Male","height",182
"Male","weight",97.7
"Male","bmi",29.5
"Male","height",172
"Male","weight",76.4
"Male","bmi",25.8
"Male","height",171
"Male","weight",84.5
"Male","bmi",28.9
"Male","height",185
"Male","weight",86.3
"Male","bmi",25.2
"Male","height",172
"Male","weight",74.9
"Male","bmi",25.3
"Male","height",157
"Male","weight",66.4
"Male","bmi",26.9
"Male","height",176
"Male","weight",81.6
"Male","bmi",26.3
"Male","height",167
"Male","weight",68.8
"Male","bmi",24.7
"Male","height",167
"Male","weight",72.6
"Male","bmi",26
"Male","height",177
"Male","weight",84.5
"Male","bmi",27
"Male","height",170
"Male","weight",75.6
"Male","bmi",26.2
"Male","height",172
"Male","weight",87.7
"Male","bmi",29.6
"Male","height",190
"Male","weight",97.3
"Male","bmi",27
"Male","height",187
"Male","weight",85.7
"Male","bmi",24.5
"Male","height",167
"Male","weight",77.1
"Male","bmi",27.6
"Male","height",171
"Male","weight",82.9
"Male","bmi",28.4
"Male","height",179
"Male","weight",88
"Male","bmi",27.5
"Male","height",180
"Male","weight",90
"Male","bmi",27.8
"Male","height",181
"Male","weight",92.7
"Male","bmi",28.3
"Male","height",170
"Male","weight",74.2
"Male","bmi",25.7
"Male","height",176
"Male","weight",84
"Male","bmi",27.1
"Male","height",160
"Male","weight",61.5
"Male","bmi",24
"Male","height",170
"Male","weight",82.8
"Male","bmi",28.7
"Male","height",181
"Male","weight",96.8
"Male","bmi",29.5
"Male","height",169
"Male","weight",78
"Male","bmi",27.3
"Male","height",174
"Male","weight",88.5
"Male","bmi",29.2
"Male","height",178
"Male","weight",82.5
"Male","bmi",26
"Male","height",177
"Male","weight",94.8
"Male","bmi",30.3
"Male","height",180
"Male","weight",87.1
"Male","bmi",26.9
"Male","height",181
"Male","weight",92.6
"Male","bmi",28.3
"Male","height",190
"Male","weight",96.8
"Male","bmi",26.8
"Male","height",183
"Male","weight",90.5
"Male","bmi",27
"Male","height",169
"Male","weight",79.7
"Male","bmi",27.9
"Male","height",167
"Male","weight",87.5
"Male","bmi",31.4
"Male","height",172
"Male","weight",87.2
"Male","bmi",29.5
"Male","height",181
"Male","weight",95.5
"Male","bmi",29.2
"Male","height",186
"Male","weight",97.2
"Male","bmi",28.1
"Male","height",173
"Male","weight",81.2
"Male","bmi",27.1
"Male","height",172
"Male","weight",82.7
"Male","bmi",28
"Male","height",170
"Male","weight",84.5
"Male","bmi",29.2
"Male","height",167
"Male","weight",82.1
"Male","bmi",29.4
"Male","height",166
"Male","weight",75.1
"Male","bmi",27.3
"Male","height",179
"Male","weight",83.4
"Male","bmi",26
"Male","height",170
"Male","weight",76.2
"Male","bmi",26.4
"Male","height",171
"Male","weight",83.4
"Male","bmi",28.5
"Male","height",175
"Male","weight",90.1
"Male","bmi",29.4
"Male","height",169
"Male","weight",79
"Male","bmi",27.7
"Male","height",165
"Male","weight",72.8
"Male","bmi",26.7
"Male","height",185
"Male","weight",102.5
"Male","bmi",29.9
"Male","height",179
"Male","weight",92.4
"Male","bmi",28.8
"Male","height",174
"Male","weight",83.2
"Male","bmi",27.5
"Male","height",173
"Male","weight",81.2
"Male","bmi",27.1
"Male","height",182
"Male","weight",96.4
"Male","bmi",29.1
"Male","height",178
"Male","weight",87.9
"Male","bmi",27.7
"Male","height",172
"Male","weight",85
"Male","bmi",28.7
"Male","height",180
"Male","weight",85.6
"Male","bmi",26.4
"Male","height",184
"Male","weight",102.2
"Male","bmi",30.2
"Male","height",178
"Male","weight",92.2
"Male","bmi",29.1
"Male","height",169
"Male","weight",79.9
"Male","bmi",28
"Male","height",179
"Male","weight",86.3
"Male","bmi",26.9
"Male","height",181
"Male","weight",90.2
"Male","bmi",27.5
"Male","height",159
"Male","weight",69.3
"Male","bmi",27.4
"Male","height",183
"Male","weight",85.6
"Male","bmi",25.6
"Male","height",172
"Male","weight",78.4
"Male","bmi",26.5
"Male","height",179
"Male","weight",89
"Male","bmi",27.8
"Male","height",174
"Male","weight",85.3
"Male","bmi",28.2
"Male","height",182
"Male","weight",95.2
"Male","bmi",28.7
"Male","height",183
"Male","weight",89.1
"Male","bmi",26.6
"Male","height",175
"Male","weight",83.9
"Male","bmi",27.4
"Male","height",168
"Male","weight",75.9
"Male","bmi",26.9
"Male","height",188
"Male","weight",92.9
"Male","bmi",26.3
"Male","height",164
"Male","weight",71.5
"Male","bmi",26.6
"Male","height",183
"Male","weight",99.4
"Male","bmi",29.7
"Male","height",162
"Male","weight",62.9
"Male","bmi",24
"Male","height",166
"Male","weight",75.5
"Male","bmi",27.4
"Male","height",183
"Male","weight",93.4
"Male","bmi",27.9
"Male","height",171
"Male","weight",76.2
"Male","bmi",26.1
"Male","height",169
"Male","weight",76.8
"Male","bmi",26.9
"Male","height",182
"Male","weight",88
"Male","bmi",26.6
"Male","height",185
"Male","weight",99.6
"Male","bmi",29.1
"Male","height",175
"Male","weight",84.8
"Male","bmi",27.7
"Male","height",174
"Male","weight",81.5
"Male","bmi",26.9
"Male","height",179
"Male","weight",87.8
"Male","bmi",27.4
"Male","height",178
"Male","weight",90.3
"Male","bmi",28.5
"Male","height",178
"Male","weight",90
"Male","bmi",28.4
"Male","height",185
"Male","weight",93.7
"Male","bmi",27.4
"Male","height",169
"Male","weight",80.6
"Male","bmi",28.2
"Male","height",187
"Male","weight",99.3
"Male","bmi",28.4
"Male","height",163
"Male","weight",72.5
"Male","bmi",27.3
"Male","height",169
"Male","weight",82.6
"Male","bmi",28.9
"Male","height",179
"Male","weight",87.4
"Male","bmi",27.3
"Male","height",166
"Male","weight",66.3
"Male","bmi",24.1
"Male","height",173
"Male","weight",83.1
"Male","bmi",27.8
"Male","height",174
"Male","weight",76.7
"Male","bmi",25.3
"Male","height",169
"Male","weight",81.9
"Male","bmi",28.7
"Male","height",187
"Male","weight",96.9
"Male","bmi",27.7
"Male","height",179
"Male","weight",87.1
"Male","bmi",27.2
"Male","height",172
"Male","weight",82.4
"Male","bmi",27.9
"Male","height",179
"Male","weight",93.4
"Male","bmi",29.2
"Male","height",170
"Male","weight",84.5
"Male","bmi",29.2
"Male","height",189
"Male","weight",101.1
"Male","bmi",28.3
"Male","height",172
"Male","weight",78.8
"Male","bmi",26.6
"Male","height",171
"Male","weight",78.3
"Male","bmi",26.8
"Male","height",184
"Male","weight",93.2
"Male","bmi",27.5
"Male","height",166
"Male","weight",78.4
"Male","bmi",28.5
"Male","height",183
"Male","weight",93
"Male","bmi",27.8
"Male","height",173
"Male","weight",88.1
"Male","bmi",29.4
"Male","height",168
"Male","weight",77.5
"Male","bmi",27.5
"Male","height",172
"Male","weight",77.5
"Male","bmi",26.2
"Male","height",173
"Male","weight",88.4
"Male","bmi",29.5
"Male","height",162
"Male","weight",66.7
"Male","bmi",25.4
"Male","height",170
"Male","weight",74.8
"Male","bmi",25.9
"Male","height",176
"Male","weight",88.1
"Male","bmi",28.4
"Male","height",177
"Male","weight",83
"Male","bmi",26.5
"Male","height",184
"Male","weight",95.6
"Male","bmi",28.2
"Male","height",173
"Male","weight",77.7
"Male","bmi",26
"Male","height",174
"Male","weight",78.1
"Male","bmi",25.8
"Male","height",172
"Male","weight",88.4
"Male","bmi",29.9
"Male","height",168
"Male","weight",76
"Male","bmi",26.9
"Male","height",174
"Male","weight",81.5
"Male","bmi",26.9
"Male","height",177
"Male","weight",85.7
"Male","bmi",27.4
"Male","height",177
"Male","weight",87.3
"Male","bmi",27.9
"Male","height",180
"Male","weight",96.5
"Male","bmi",29.8
"Male","height",179
"Male","weight",79.3
"Male","bmi",24.7
"Male","height",185
"Male","weight",101.8
"Male","bmi",29.7
"Male","height",170
"Male","weight",80
"Male","bmi",27.7
"Male","height",179
"Male","weight",83.2
"Male","bmi",26
"Male","height",167
"Male","weight",82.4
"Male","bmi",29.5
"Male","height",164
"Male","weight",69.7
"Male","bmi",25.9
"Male","height",162
"Male","weight",70.3
"Male","bmi",26.8
"Male","height",180
"Male","weight",92.5
"Male","bmi",28.5
"Male","height",172
"Male","weight",81.6
"Male","bmi",27.6
"Male","height",172
"Male","weight",84.2
"Male","bmi",28.5
"Male","height",172
"Male","weight",78.7
"Male","bmi",26.6
"Male","height",185
"Male","weight",98.3
"Male","bmi",28.7
"Male","height",166
"Male","weight",65.9
"Male","bmi",23.9
"Male","height",171
"Male","weight",80.5
"Male","bmi",27.5
"Male","height",175
"Male","weight",76.9
"Male","bmi",25.1
"Male","height",179
"Male","weight",91.9
"Male","bmi",28.7
"Male","height",183
"Male","weight",90.3
"Male","bmi",27
"Male","height",170
"Male","weight",75.6
"Male","bmi",26.2
"Male","height",182
"Male","weight",90.7
"Male","bmi",27.4
"Male","height",177
"Male","weight",85.1
"Male","bmi",27.2
"Male","height",168
"Male","weight",77.3
"Male","bmi",27.4
"Male","height",170
"Male","weight",78.7
"Male","bmi",27.2
"Male","height",167
"Male","weight",76.9
"Male","bmi",27.6
"Male","height",188
"Male","weight",99.7
"Male","bmi",28.2
"Male","height",169
"Male","weight",78.4
"Male","bmi",27.5
"Male","height",177
"Male","weight",88.9
"Male","bmi",28.4
"Male","height",178
"Male","weight",88.4
"Male","bmi",27.9
"Male","height",182
"Male","weight",93.3
"Male","bmi",28.2
"Male","height",172
"Male","weight",76
"Male","bmi",25.7
"Male","height",168
"Male","weight",75.8
"Male","bmi",26.9
"Male","height",171
"Male","weight",75
"Male","bmi",25.6
"Male","height",175
"Male","weight",82.7
"Male","bmi",27
"Male","height",169
"Male","weight",85.9
"Male","bmi",30.1
"Male","height",181
"Male","weight",88.6
"Male","bmi",27
"Male","height",175
"Male","weight",82
"Male","bmi",26.8
"Male","height",166
"Male","weight",72.9
"Male","bmi",26.5
"Male","height",179
"Male","weight",90.8
"Male","bmi",28.3
"Male","height",181
"Male","weight",85.9
"Male","bmi",26.2
"Male","height",174
"Male","weight",79
"Male","bmi",26.1
"Male","height",186
"Male","weight",98.5
"Male","bmi",28.5
"Male","height",184
"Male","weight",96.7
"Male","bmi",28.6
"Male","height",188
"Male","weight",99.5
"Male","bmi",28.2
"Male","height",173
"Male","weight",87.9
"Male","bmi",29.4
"Male","height",165
"Male","weight",77.8
"Male","bmi",28.6
"Male","height",154
"Male","weight",71
"Male","bmi",29.9
"Male","height",175
"Male","weight",87.1
"Male","bmi",28.4
"Male","height",176
"Male","weight",85.7
"Male","bmi",27.7
"Male","height",165
"Male","weight",73
"Male","bmi",26.8
"Male","height",178
"Male","weight",89.6
"Male","bmi",28.3
"Male","height",165
"Male","weight",63
"Male","bmi",23.1
"Male","height",182
"Male","weight",86.2
"Male","bmi",26
"Male","height",184
"Male","weight",102
"Male","bmi",30.1
"Male","height",180
"Male","weight",86.8
"Male","bmi",26.8
"Male","height",185
"Male","weight",99.2
"Male","bmi",29
"Male","height",176
"Male","weight",80.1
"Male","bmi",25.9
"Male","height",175
"Male","weight",82.7
"Male","bmi",27
"Male","height",182
"Male","weight",92.5
"Male","bmi",27.9
"Male","height",166
"Male","weight",77.9
"Male","bmi",28.3
"Male","height",186
"Male","weight",88
"Male","bmi",25.4
"Male","height",175
"Male","weight",80.3
"Male","bmi",26.2
"Male","height",175
"Male","weight",72.3
"Male","bmi",23.6
"Male","height",170
"Male","weight",90.4
"Male","bmi",31.3
"Male","height",182
"Male","weight",84.3
"Male","bmi",25.4
"Male","height",179
"Male","weight",90.2
"Male","bmi",28.2
"Female","height",150
"Female","weight",46.3
"Female","bmi",20.6
"Female","height",166
"Female","weight",64.1
"Female","bmi",23.3
"Female","height",161
"Female","weight",59.4
"Female","bmi",22.9
"Female","height",164
"Female","weight",58.1
"Female","bmi",21.6
"Female","height",157
"Female","weight",58.9
"Female","bmi",23.9
"Female","height",168
"Female","weight",71.1
"Female","bmi",25.2
"Female","height",160
"Female","weight",52.1
"Female","bmi",20.4
"Female","height",167
"Female","weight",74.9
"Female","bmi",26.9
"Female","height",157
"Female","weight",50.7
"Female","bmi",20.6
"Female","height",162
"Female","weight",47.2
"Female","bmi",18
"Female","height",173
"Female","weight",75.6
"Female","bmi",25.3
"Female","height",157
"Female","weight",48.2
"Female","bmi",19.6
"Female","height",161
"Female","weight",58.1
"Female","bmi",22.4
"Female","height",150
"Female","weight",46.1
"Female","bmi",20.5
"Female","height",148
"Female","weight",44.5
"Female","bmi",20.3
"Female","height",154
"Female","weight",57.6
"Female","bmi",24.3
"Female","height",178
"Female","weight",68.6
"Female","bmi",21.7
"Female","height",158
"Female","weight",52.5
"Female","bmi",21
"Female","height",157
"Female","weight",48.9
"Female","bmi",19.8
"Female","height",160
"Female","weight",66
"Female","bmi",25.8
"Female","height",158
"Female","weight",63.3
"Female","bmi",25.4
"Female","height",157
"Female","weight",55.7
"Female","bmi",22.6
"Female","height",169
"Female","weight",71.4
"Female","bmi",25
"Female","height",166
"Female","weight",65.8
"Female","bmi",23.9
"Female","height",168
"Female","weight",67.4
"Female","bmi",23.9
"Female","height",164
"Female","weight",60.2
"Female","bmi",22.4
"Female","height",144
"Female","weight",38.5
"Female","bmi",18.6
"Female","height",159
"Female","weight",62.8
"Female","bmi",24.8
"Female","height",156
"Female","weight",62.3
"Female","bmi",25.6
"Female","height",158
"Female","weight",56.5
"Female","bmi",22.6
"Female","height",166
"Female","weight",63.6
"Female","bmi",23.1
"Female","height",155
"Female","weight",49.1
"Female","bmi",20.4
"Female","height",170
"Female","weight",68.1
"Female","bmi",23.6
"Female","height",153
"Female","weight",54
"Female","bmi",23.1
"Female","height",162
"Female","weight",63.3
"Female","bmi",24.1
"Female","height",161
"Female","weight",57
"Female","bmi",22
"Female","height",162
"Female","weight",60
"Female","bmi",22.9
"Female","height",153
"Female","weight",59.2
"Female","bmi",25.3
"Female","height",161
"Female","weight",58.4
"Female","bmi",22.5
"Female","height",154
"Female","weight",49.8
"Female","bmi",21
"Female","height",171
"Female","weight",66.2
"Female","bmi",22.6
"Female","height",170
"Female","weight",72.1
"Female","bmi",24.9
"Female","height",153
"Female","weight",52
"Female","bmi",22.2
"Female","height",163
"Female","weight",60.4
"Female","bmi",22.7
"Female","height",161
"Female","weight",58.5
"Female","bmi",22.6
"Female","height",171
"Female","weight",69.9
"Female","bmi",23.9
"Female","height",168
"Female","weight",63
"Female","bmi",22.3
"Female","height",164
"Female","weight",62.9
"Female","bmi",23.4
"Female","height",168
"Female","weight",82
"Female","bmi",29.1
"Female","height",167
"Female","weight",67.6
"Female","bmi",24.2
"Female","height",165
"Female","weight",65.8
"Female","bmi",24.2
"Female","height",164
"Female","weight",65.6
"Female","bmi",24.4
"Female","height",159
"Female","weight",63.3
"Female","bmi",25
"Female","height",156
"Female","weight",59
"Female","bmi",24.2
"Female","height",155
"Female","weight",53.3
"Female","bmi",22.2
"Female","height",161
"Female","weight",62.4
"Female","bmi",24.1
"Female","height",158
"Female","weight",62.8
"Female","bmi",25.2
"Female","height",168
"Female","weight",64.1
"Female","bmi",22.7
"Female","height",159
"Female","weight",56.1
"Female","bmi",22.2
"Female","height",169
"Female","weight",66
"Female","bmi",23.1
"Female","height",151
"Female","weight",49.8
"Female","bmi",21.8
"Female","height",164
"Female","weight",72.3
"Female","bmi",26.9
"Female","height",165
"Female","weight",69.1
"Female","bmi",25.4
"Female","height",156
"Female","weight",64.2
"Female","bmi",26.4
"Female","height",168
"Female","weight",67
"Female","bmi",23.7
"Female","height",162
"Female","weight",59.7
"Female","bmi",22.7
"Female","height",177
"Female","weight",71.2
"Female","bmi",22.7
"Female","height",171
"Female","weight",71.2
"Female","bmi",24.3
"Female","height",161
"Female","weight",65.2
"Female","bmi",25.2
"Female","height",155
"Female","weight",44.8
"Female","bmi",18.6
"Female","height",152
"Female","weight",57.3
"Female","bmi",24.8
"Female","height",163
"Female","weight",60.9
"Female","bmi",22.9
"Female","height",154
"Female","weight",53.6
"Female","bmi",22.6
"Female","height",158
"Female","weight",65.9
"Female","bmi",26.4
"Female","height",143
"Female","weight",41.2
"Female","bmi",20.1
"Female","height",171
"Female","weight",77.5
"Female","bmi",26.5
"Female","height",165
"Female","weight",70.8
"Female","bmi",26
"Female","height",166
"Female","weight",63
"Female","bmi",22.9
"Female","height",160
"Female","weight",56.3
"Female","bmi",22
"Female","height",150
"Female","weight",46.7
"Female","bmi",20.8
"Female","height",168
"Female","weight",64.3
"Female","bmi",22.8
"Female","height",156
"Female","weight",60.6
"Female","bmi",24.9
"Female","height",162
"Female","weight",60.4
"Female","bmi",23
"Female","height",152
"Female","weight",53
"Female","bmi",22.9
"Female","height",171
"Female","weight",63.3
"Female","bmi",21.6
"Female","height",158
"Female","weight",57.7
"Female","bmi",23.1
"Female","height",165
"Female","weight",61.1
"Female","bmi",22.4
"Female","height",179
"Female","weight",77.2
"Female","bmi",24.1
"Female","height",171
"Female","weight",74.8
"Female","bmi",25.6
"Female","height",173
"Female","weight",80.4
"Female","bmi",26.9
"Female","height",161
"Female","weight",56.3
"Female","bmi",21.7
"Female","height",155
"Female","weight",48.6
"Female","bmi",20.2
"Female","height",180
"Female","weight",73.2
"Female","bmi",22.6
"Female","height",166
"Female","weight",62.5
"Female","bmi",22.7
"Female","height",156
"Female","weight",56
"Female","bmi",23
"Female","height",158
"Female","weight",64.7
"Female","bmi",25.9
"Female","height",166
"Female","weight",65.3
"Female","bmi",23.7
"Female","height",157
"Female","weight",50.8
"Female","bmi",20.6
"Female","height",160
"Female","weight",56.1
"Female","bmi",21.9
"Female","height",163
"Female","weight",60.4
"Female","bmi",22.7
"Female","height",163
"Female","weight",66.8
"Female","bmi",25.1
"Female","height",177
"Female","weight",75.9
"Female","bmi",24.2
"Female","height",160
"Female","weight",57.5
"Female","bmi",22.5
"Female","height",183
"Female","weight",80.5
"Female","bmi",24
"Female","height",157
"Female","weight",61
"Female","bmi",24.7
"Female","height",167
"Female","weight",63.3
"Female","bmi",22.7
"Female","height",152
"Female","weight",47.4
"Female","bmi",20.5
"Female","height",164
"Female","weight",66.3
"Female","bmi",24.7
"Female","height",158
"Female","weight",54.4
"Female","bmi",21.8
"Female","height",164
"Female","weight",62.4
"Female","bmi",23.2
"Female","height",154
"Female","weight",52.8
"Female","bmi",22.3
"Female","height",155
"Female","weight",58.2
"Female","bmi",24.2
"Female","height",167
"Female","weight",66.6
"Female","bmi",23.9
"Female","height",154
"Female","weight",52.5
"Female","bmi",22.1
"Female","height",165
"Female","weight",56.3
"Female","bmi",20.7
"Female","height",160
"Female","weight",59.4
"Female","bmi",23.2
"Female","height",162
"Female","weight",64.6
"Female","bmi",24.6
"Female","height",158
"Female","weight",60.4
"Female","bmi",24.2
"Female","height",157
"Female","weight",49
"Female","bmi",19.9
"Female","height",165
"Female","weight",64.7
"Female","bmi",23.8
"Female","height",166
"Female","weight",66.3
"Female","bmi",24.1
"Female","height",156
"Female","weight",57.8
"Female","bmi",23.8
"Female","height",145
"Female","weight",42.4
"Female","bmi",20.2
"Female","height",143
"Female","weight",43.8
"Female","bmi",21.4
"Female","height",154
"Female","weight",60
"Female","bmi",25.3
"Female","height",156
"Female","weight",62.3
"Female","bmi",25.6
"Female","height",157
"Female","weight",57.3
"Female","bmi",23.2
"Female","height",169
"Female","weight",69.8
"Female","bmi",24.4
"Female","height",165
"Female","weight",64
"Female","bmi",23.5
"Female","height",161
"Female","weight",72.8
"Female","bmi",28.1
"Female","height",164
"Female","weight",63.6
"Female","bmi",23.6
"Female","height",155
"Female","weight",60.9
"Female","bmi",25.3
"Female","height",158
"Female","weight",53.2
"Female","bmi",21.3
"Female","height",165
"Female","weight",63.9
"Female","bmi",23.5
"Female","height",161
"Female","weight",64.9
"Female","bmi",25
"Female","height",161
"Female","weight",59.5
"Female","bmi",23
"Female","height",161
"Female","weight",61.2
"Female","bmi",23.6
"Female","height",168
"Female","weight",63
"Female","bmi",22.3
"Female","height",160
"Female","weight",57.6
"Female","bmi",22.5
"Female","height",159
"Female","weight",55.2
"Female","bmi",21.8
"Female","height",157
"Female","weight",50.6
"Female","bmi",20.5
"Female","height",161
"Female","weight",57.4
"Female","bmi",22.1
"Female","height",158
"Female","weight",55.3
"Female","bmi",22.2
"Female","height",173
"Female","weight",73.1
"Female","bmi",24.4
"Female","height",169
"Female","weight",74.2
"Female","bmi",26
"Female","height",159
"Female","weight",53.9
"Female","bmi",21.3
"Female","height",166
"Female","weight",60.6
"Female","bmi",22
"Female","height",166
"Female","weight",55.9
"Female","bmi",20.3
"Female","height",162
"Female","weight",55.3
"Female","bmi",21.1
"Female","height",162
"Female","weight",67.8
"Female","bmi",25.8
"Female","height",163
"Female","weight",59.4
"Female","bmi",22.4
"Female","height",151
"Female","weight",52.9
"Female","bmi",23.2
"Female","height",163
"Female","weight",63.6
"Female","bmi",23.9
"Female","height",168
"Female","weight",65.2
"Female","bmi",23.1
"Female","height",150
"Female","weight",58.6
"Female","bmi",26
"Female","height",162
"Female","weight",63.8
"Female","bmi",24.3
"Female","height",159
"Female","weight",54.6
"Female","bmi",21.6
"Female","height",166
"Female","weight",64.4
"Female","bmi",23.4
"Female","height",165
"Female","weight",71.6
"Female","bmi",26.3
"Female","height",157
"Female","weight",55.2
"Female","bmi",22.4
"Female","height",162
"Female","weight",69.8
"Female","bmi",26.6
"Female","height",163
"Female","weight",60.8
"Female","bmi",22.9
"Female","height",147
"Female","weight",50.9
"Female","bmi",23.6
"Female","height",149
"Female","weight",47.5
"Female","bmi",21.4
"Female","height",159
"Female","weight",58
"Female","bmi",22.9
"Female","height",155
"Female","weight",54.1
"Female","bmi",22.5
"Female","height",157
"Female","weight",50.3
"Female","bmi",20.4
"Female","height",171
"Female","weight",72.5
"Female","bmi",24.8
"Female","height",160
"Female","weight",55.4
"Female","bmi",21.6
"Female","height",162
"Female","weight",61.6
"Female","bmi",23.5
"Female","height",168
"Female","weight",63
"Female","bmi",22.3
"Female","height",155
"Female","weight",51.6
"Female","bmi",21.5
"Female","height",158
"Female","weight",56.9
"Female","bmi",22.8
"Female","height",167
"Female","weight",72.7
"Female","bmi",26.1
"Female","height",168
"Female","weight",68.1
"Female","bmi",24.1
"Female","height",168
"Female","weight",74.2
"Female","bmi",26.3
"Female","height",158
"Female","weight",46.8
"Female","bmi",18.7
"Female","height",156
"Female","weight",57.8
"Female","bmi",23.8
"Female","height",165
"Female","weight",64.2
"Female","bmi",23.6
"Female","height",166
"Female","weight",61.9
"Female","bmi",22.5
"Female","height",146
"Female","weight",47.4
"Female","bmi",22.2
"Female","height",164
"Female","weight",58.9
"Female","bmi",21.9
"Female","height",146
"Female","weight",43.2
"Female","bmi",20.3
"Female","height",157
"Female","weight",50.1
"Female","bmi",20.3
"Female","height",162
"Female","weight",55.6
"Female","bmi",21.2
"Female","height",164
"Female","weight",68.2
"Female","bmi",25.4
"Female","height",168
"Female","weight",72.1
"Female","bmi",25.5
"Female","height",157
"Female","weight",51.2
"Female","bmi",20.8
"Female","height",161
"Female","weight",65.3
"Female","bmi",25.2
"Female","height",155
"Female","weight",61.7
"Female","bmi",25.7
"Female","height",154
"Female","weight",53.4
"Female","bmi",22.5
"Female","height",150
"Female","weight",41.2
"Female","bmi",18.3
"Female","height",169
"Female","weight",71.1
"Female","bmi",24.9
"Female","height",169
"Female","weight",71.8
"Female","bmi",25.1
"Female","height",159
"Female","weight",61
"Female","bmi",24.1
"Female","height",160
"Female","weight",56.6
"Female","bmi",22.1
"Female","height",157
"Female","weight",50.8
"Female","bmi",20.6
"Female","height",157
"Female","weight",50.4
"Female","bmi",20.4
"Female","height",156
"Female","weight",56.6
"Female","bmi",23.3
"Female","height",163
"Female","weight",59.1
"Female","bmi",22.2
"Female","height",157
"Female","weight",59.4
"Female","bmi",24.1
"Female","height",165
"Female","weight",67.6
"Female","bmi",24.8
"Female","height",170
"Female","weight",68.4
"Female","bmi",23.7
"Female","height",171
"Female","weight",80
"Female","bmi",27.4
"Female","height",160
"Female","weight",68.3
"Female","bmi",26.7
"Female","height",163
"Female","weight",55.9
"Female","bmi",21
"Female","height",154
"Female","weight",50.3
"Female","bmi",21.2
"Female","height",154
"Female","weight",59.4
"Female","bmi",25
"Female","height",150
"Female","weight",50.7
"Female","bmi",22.5
"Female","height",161
"Female","weight",60.9
"Female","bmi",23.5
"Female","height",157
"Female","weight",51.3
"Female","bmi",20.8
"Female","height",155
"Female","weight",52.6
"Female","bmi",21.9
"Female","height",161
"Female","weight",63.7
"Female","bmi",24.6
"Female","height",157
"Female","weight",54.4
"Female","bmi",22.1
"Female","height",144
"Female","weight",38.1
"Female","bmi",18.4
"Female","height",160
"Female","weight",52.9
"Female","bmi",20.7
"Female","height",149
"Female","weight",44.3
"Female","bmi",20
"Female","height",156
"Female","weight",50.6
"Female","bmi",20.8
"Female","height",161
"Female","weight",54.1
"Female","bmi",20.9
"Female","height",170
"Female","weight",68.8
"Female","bmi",23.8
"Female","height",173
"Female","weight",80.3
"Female","bmi",26.8
"Female","height",149
"Female","weight",45.5
"Female","bmi",20.5
"Female","height",163
"Female","weight",64.8
"Female","bmi",24.4
"Female","height",164
"Female","weight",64.3
"Female","bmi",23.9
"Female","height",163
"Female","weight",61.7
"Female","bmi",23.2
"Female","height",169
"Female","weight",73.5
"Female","bmi",25.7
"Female","height",159
"Female","weight",66.9
"Female","bmi",26.5
"Female","height",163
"Female","weight",61.3
"Female","bmi",23.1
"Female","height",147
"Female","weight",51.3
"Female","bmi",23.7
"Female","height",150
"Female","weight",47.8
"Female","bmi",21.2
"Female","height",168
"Female","weight",67.5
"Female","bmi",23.9
"Female","height",167
"Female","weight",59.6
"Female","bmi",21.4
"Female","height",156
"Female","weight",54.7
"Female","bmi",22.5
"Female","height",164
"Female","weight",66.8
"Female","bmi",24.8
"Female","height",166
"Female","weight",68.3
"Female","bmi",24.8
"Female","height",160
"Female","weight",58.6
"Female","bmi",22.9
"Female","height",165
"Female","weight",63.6
"Female","bmi",23.4
"Female","height",160
"Female","weight",65.6
"Female","bmi",25.6
"Female","height",158
"Female","weight",59.6
"Female","bmi",23.9
"Female","height",165
"Female","weight",63.1
"Female","bmi",23.2
"Female","height",156
"Female","weight",54.2
"Female","bmi",22.3
"Female","height",166
"Female","weight",65.9
"Female","bmi",23.9
"Female","height",164
"Female","weight",60.5
"Female","bmi",22.5
"Female","height",159
"Female","weight",54
"Female","bmi",21.4
"Female","height",162
"Female","weight",67.9
"Female","bmi",25.9
"Female","height",166
"Female","weight",68.2
"Female","bmi",24.7
"Female","height",165
"Female","weight",67
"Female","bmi",24.6
"Female","height",164
"Female","weight",71.3
"Female","bmi",26.5
"Female","height",159
"Female","weight",56.4
"Female","bmi",22.3
"Female","height",171
"Female","weight",70
"Female","bmi",23.9
"Female","height",179
"Female","weight",83.8
"Female","bmi",26.2
"Female","height",157
"Female","weight",53.6
"Female","bmi",21.7
"Female","height",166
"Female","weight",67.9
"Female","bmi",24.6
"Female","height",173
"Female","weight",65.7
"Female","bmi",22
"Female","height",164
"Female","weight",65.2
"Female","bmi",24.2
"Female","height",162
"Female","weight",59.4
"Female","bmi",22.6
"Female","height",165
"Female","weight",65.7
"Female","bmi",24.1
"Female","height",155
"Female","weight",53.2
"Female","bmi",22.1
"Female","height",164
"Female","weight",59.5
"Female","bmi",22.1
"Female","height",167
"Female","weight",71.7
"Female","bmi",25.7
"Female","height",167
"Female","weight",59
"Female","bmi",21.2
"Female","height",160
"Female","weight",58.9
"Female","bmi",23
"Female","height",157
"Female","weight",51.2
"Female","bmi",20.8
"Female","height",161
"Female","weight",57.7
"Female","bmi",22.3
"Female","height",155
"Female","weight",58.1
"Female","bmi",24.2
"Female","height",160
"Female","weight",60.2
"Female","bmi",23.5
"Female","height",165
"Female","weight",70.2
"Female","bmi",25.8
"Female","height",174
"Female","weight",70.6
"Female","bmi",23.3
"Female","height",174
"Female","weight",82.1
"Female","bmi",27.1
"Female","height",168
"Female","weight",80
"Female","bmi",28.3
"Female","height",155
"Female","weight",60.4
"Female","bmi",25.1
"Female","height",159
"Female","weight",58.3
"Female","bmi",23.1
"Female","height",163
"Female","weight",66.3
"Female","bmi",25
"Female","height",166
"Female","weight",68.2
"Female","bmi",24.7
"Female","height",156
"Female","weight",58.4
"Female","bmi",24
"Female","height",161
"Female","weight",58.4
"Female","bmi",22.5
"Female","height",160
"Female","weight",58.1
"Female","bmi",22.7
"Female","height",169
"Female","weight",65.9
"Female","bmi",23.1
"Female","height",151
"Female","weight",52.1
"Female","bmi",22.8
"Female","height",150
"Female","weight",45.7
"Female","bmi",20.3
"Female","height",162
"Female","weight",59.2
"Female","bmi",22.6
"Female","height",157
"Female","weight",47.3
"Female","bmi",19.2
"Female","height",167
"Female","weight",66.7
"Female","bmi",23.9
"Female","height",179
"Female","weight",74
"Female","bmi",23.1
"Female","height",159
"Female","weight",53.3
"Female","bmi",21.1
"Female","height",160
"Female","weight",59
"Female","bmi",23
"Female","height",162
"Female","weight",61.5
"Female","bmi",23.4
"Female","height",171
"Female","weight",71.6
"Female","bmi",24.5
"Female","height",163
"Female","weight",69.6
"Female","bmi",26.2
"Female","height",155
"Female","weight",50.8
"Female","bmi",21.1
"Female","height",159
"Female","weight",58.4
"Female","bmi",23.1
"Female","height",162
"Female","weight",59
"Female","bmi",22.5
"Female","height",155
"Female","weight",52.3
"Female","bmi",21.8
"Female","height",160
"Female","weight",60.3
"Female","bmi",23.6
"Female","height",171
"Female","weight",75.5
"Female","bmi",25.8
"Female","height",154
"Female","weight",53.2
"Female","bmi",22.4
"Female","height",167
"Female","weight",70.4
"Female","bmi",25.2
"Female","height",174
"Female","weight",75.2
"Female","bmi",24.8
"Female","height",170
"Female","weight",70.5
"Female","bmi",24.4
"Female","height",151
"Female","weight",56.5
"Female","bmi",24.8
"Female","height",146
"Female","weight",48.3
"Female","bmi",22.7
"Female","height",161
"Female","weight",55.3
"Female","bmi",21.3
"Female","height",162
"Female","weight",61
"Female","bmi",23.2
"Female","height",169
"Female","weight",73.6
"Female","bmi",25.8
"Female","height",166
"Female","weight",64.8
"Female","bmi",23.5
"Female","height",156
"Female","weight",49.5
"Female","bmi",20.3
"Female","height",158
"Female","weight",54.1
"Female","bmi",21.7
"Female","height",155
"Female","weight",59.7
"Female","bmi",24.8
"Female","height",170
"Female","weight",63.5
"Female","bmi",22
"Female","height",148
"Female","weight",41
"Female","bmi",18.7
"Female","height",158
"Female","weight",60.7
"Female","bmi",24.3
"Female","height",154
"Female","weight",54.7
"Female","bmi",23.1
"Female","height",161
"Female","weight",69.9
"Female","bmi",27
"Female","height",158
"Female","weight",51.2
"Female","bmi",20.5
"Female","height",152
"Female","weight",54.8
"Female","bmi",23.7
"Female","height",157
"Female","weight",56.1
"Female","bmi",22.8
"Female","height",159
"Female","weight",57.9
"Female","bmi",22.9
"Female","height",153
"Female","weight",59.7
"Female","bmi",25.5
"Female","height",155
"Female","weight",53.2
"Female","bmi",22.1
"Female","height",162
"Female","weight",66.3
"Female","bmi",25.3
"Female","height",153
"Female","weight",50
"Female","bmi",21.4
"Female","height",158
"Female","weight",53.4
"Female","bmi",21.4
"Female","height",155
"Female","weight",48.7
"Female","bmi",20.3
"Female","height",154
"Female","weight",50
"Female","bmi",21.1
"Female","height",169
"Female","weight",60.3
"Female","bmi",21.1
"Female","height",162
"Female","weight",67.8
"Female","bmi",25.8
"Female","height",158
"Female","weight",62.1
"Female","bmi",24.9
"Female","height",164
"Female","weight",61.1
"Female","bmi",22.7
"Female","height",166
"Female","weight",58.3
"Female","bmi",21.2
"Female","height",160
"Female","weight",62.4
"Female","bmi",24.4
"Female","height",164
"Female","weight",65.2
"Female","bmi",24.2
"Female","height",157
"Female","weight",56.4
"Female","bmi",22.9
"Female","height",160
"Female","weight",56.9
"Female","bmi",22.2
"Female","height",157
"Female","weight",48.6
"Female","bmi",19.7
"Female","height",168
"Female","weight",67.8
"Female","bmi",24
"Female","height",165
"Female","weight",70.4
"Female","bmi",25.9
"Female","height",173
"Female","weight",64.5
"Female","bmi",21.6
"Female","height",161
"Female","weight",60.8
"Female","bmi",23.5
"Female","height",167
"Female","weight",57.3
"Female","bmi",20.5
"Female","height",156
"Female","weight",57.9
"Female","bmi",23.8
"Female","height",155
"Female","weight",49.4
"Female","bmi",20.6
"Female","height",156
"Female","weight",52
"Female","bmi",21.4
"Female","height",161
"Female","weight",60
"Female","bmi",23.1
"Female","height",173
"Female","weight",73.6
"Female","bmi",24.6
"Female","height",163
"Female","weight",70.6
"Female","bmi",26.6
"Female","height",141
"Female","weight",40.1
"Female","bmi",20.2
"Female","height",156
"Female","weight",53.3
"Female","bmi",21.9
"Female","height",170
"Female","weight",72.9
"Female","bmi",25.2
"Female","height",169
"Female","weight",73.2
"Female","bmi",25.6
"Female","height",165
"Female","weight",58.1
"Female","bmi",21.3
"Female","height",155
"Female","weight",55
"Female","bmi",22.9
"Female","height",167
"Female","weight",71.2
"Female","bmi",25.5
"Female","height",158
"Female","weight",56.3
"Female","bmi",22.6
"Female","height",170
"Female","weight",70.3
"Female","bmi",24.3
"Female","height",156
"Female","weight",58
"Female","bmi",23.8
"Female","height",160
"Female","weight",64
"Female","bmi",25
"Female","height",159
"Female","weight",57.3
"Female","bmi",22.7
"Female","height",158
"Female","weight",54.1
"Female","bmi",21.7
"Female","height",160
"Female","weight",54.5
"Female","bmi",21.3
"Female","height",159
"Female","weight",62.8
"Female","bmi",24.8
"Female","height",141
"Female","weight",31.3
"Female","bmi",15.7
"Female","height",155
"Female","weight",56.6
"Female","bmi",23.6
"Female","height",166
"Female","weight",65.5
"Female","bmi",23.8
"Female","height",155
"Female","weight",61.1
"Female","bmi",25.4
"Female","height",152
"Female","weight",46.3
"Female","bmi",20
"Female","height",164
"Female","weight",68.7
"Female","bmi",25.5
"Female","height",175
"Female","weight",72.2
"Female","bmi",23.6
"Female","height",169
"Female","weight",71.1
"Female","bmi",24.9
"Female","height",163
"Female","weight",61.1
"Female","bmi",23
"Female","height",162
"Female","weight",69.2
"Female","bmi",26.4
"Female","height",169
"Female","weight",70
"Female","bmi",24.5
"Female","height",167
"Female","weight",75.7
"Female","bmi",27.1
"Female","height",172
"Female","weight",73.7
"Female","bmi",24.9
"Female","height",174
"Female","weight",68.3
"Female","bmi",22.6
"Female","height",171
"Female","weight",75.2
"Female","bmi",25.7
"Female","height",156
"Female","weight",46.2
"Female","bmi",19
"Female","height",152
"Female","weight",50.5
"Female","bmi",21.9
"Female","height",159
"Female","weight",48.8
"Female","bmi",19.3
"Female","height",158
"Female","weight",55.6
"Female","bmi",22.3
"Female","height",147
"Female","weight",50.2
"Female","bmi",23.2
"Female","height",150
"Female","weight",50.4
"Female","bmi",22.4
"Female","height",155
"Female","weight",52.1
"Female","bmi",21.7
"Female","height",152
"Female","weight",51.1
"Female","bmi",22.1
"Female","height",162
"Female","weight",60.9
"Female","bmi",23.2
"Female","height",159
"Female","weight",54.3
"Female","bmi",21.5
"Female","height",165
"Female","weight",64.2
"Female","bmi",23.6
"Female","height",147
"Female","weight",42.4
"Female","bmi",19.6
"Female","height",178
"Female","weight",73.7
"Female","bmi",23.3
"Female","height",160
"Female","weight",61.5
"Female","bmi",24
"Female","height",151
"Female","weight",49.6
"Female","bmi",21.8
"Female","height",163
"Female","weight",71.1
"Female","bmi",26.8
"Female","height",159
"Female","weight",65.7
"Female","bmi",26
"Female","height",162
"Female","weight",53.6
"Female","bmi",20.4
"Female","height",177
"Female","weight",77.8
"Female","bmi",24.8
"Female","height",153
"Female","weight",42.7
"Female","bmi",18.2
"Female","height",158
"Female","weight",59.9
"Female","bmi",24
"Female","height",163
"Female","weight",61.6
"Female","bmi",23.2
"Female","height",159
"Female","weight",58.6
"Female","bmi",23.2
"Female","height",160
"Female","weight",59.5
"Female","bmi",23.2
"Female","height",158
"Female","weight",57.6
"Female","bmi",23.1
"Female","height",153
"Female","weight",51.4
"Female","bmi",22
"Female","height",158
"Female","weight",56.1
"Female","bmi",22.5
"Female","height",163
"Female","weight",64.6
"Female","bmi",24.3
"Female","height",169
"Female","weight",59.5
"Female","bmi",20.8
"Female","height",164
"Female","weight",57.1
"Female","bmi",21.2
"Female","height",164
"Female","weight",64.5
"Female","bmi",24
"Female","height",176
"Female","weight",71.3
"Female","bmi",23
"Female","height",157
"Female","weight",57.6
"Female","bmi",23.4
"Female","height",164
"Female","weight",60.9
"Female","bmi",22.6
"Female","height",170
"Female","weight",75.3
"Female","bmi",26.1
"Female","height",165
"Female","weight",66.8
"Female","bmi",24.5
"Female","height",162
"Female","weight",61.5
"Female","bmi",23.4
"Female","height",168
"Female","weight",69.5
"Female","bmi",24.6
"Female","height",168
"Female","weight",64.7
"Female","bmi",22.9
"Female","height",157
"Female","weight",57.5
"Female","bmi",23.3
"Female","height",164
"Female","weight",56.6
"Female","bmi",21
"Female","height",177
"Female","weight",82.8
"Female","bmi",26.4
"Female","height",155
"Female","weight",54
"Female","bmi",22.5
"Female","height",161
"Female","weight",63.2
"Female","bmi",24.4
"Female","height",169
"Female","weight",60.9
"Female","bmi",21.3
"Female","height",164
"Female","weight",58.3
"Female","bmi",21.7
"Female","height",161
"Female","weight",57.3
"Female","bmi",22.1
"Female","height",157
"Female","weight",60.6
"Female","bmi",24.6
"Female","height",170
"Female","weight",81.5
"Female","bmi",28.2
"Female","height",151
"Female","weight",54.8
"Female","bmi",24
"Female","height",156
"Female","weight",51.8
"Female","bmi",21.3
"Female","height",147
"Female","weight",45.6
"Female","bmi",21.1
"Female","height",161
"Female","weight",58.7
"Female","bmi",22.6
"Female","height",164
"Female","weight",64.5
"Female","bmi",24
"Female","height",166
"Female","weight",65.3
"Female","bmi",23.7
"Female","height",169
"Female","weight",66.9
"Female","bmi",23.4
"Female","height",167
"Female","weight",66
"Female","bmi",23.7
"Female","height",162
"Female","weight",51.8
"Female","bmi",19.7
"Female","height",156
"Female","weight",53.5
"Female","bmi",22
"Female","height",151
"Female","weight",63.1
"Female","bmi",27.7
"Female","height",156
"Female","weight",53.1
"Female","bmi",21.8
"Female","height",159
"Female","weight",61.1
"Female","bmi",24.2
"Female","height",175
"Female","weight",69.7
"Female","bmi",22.8
"Female","height",164
"Female","weight",65.5
"Female","bmi",24.4
"Female","height",154
"Female","weight",45.4
"Female","bmi",19.1
"Female","height",164
"Female","weight",61
"Female","bmi",22.7
"Female","height",159
"Female","weight",60.2
"Female","bmi",23.8
"Female","height",159
"Female","weight",52.9
"Female","bmi",20.9
"Female","height",165
"Female","weight",67.3
"Female","bmi",24.7
"Female","height",165
"Female","weight",67.3
"Female","bmi",24.7
"Female","height",158
"Female","weight",58.3
"Female","bmi",23.4
"Female","height",169
"Female","weight",72.6
"Female","bmi",25.4
"Female","height",159
"Female","weight",57
"Female","bmi",22.5
"Female","height",168
"Female","weight",64
"Female","bmi",22.7
"Female","height",155
"Female","weight",52.9
"Female","bmi",22
"Female","height",159
"Female","weight",54.7
"Female","bmi",21.6
"Female","height",162
"Female","weight",64.6
"Female","bmi",24.6
"Female","height",161
"Female","weight",56.9
"Female","bmi",22
"Female","height",158
"Female","weight",59.5
"Female","bmi",23.8
"Female","height",162
"Female","weight",68.2
"Female","bmi",26
"Female","height",156
"Female","weight",53.9
"Female","bmi",22.1
"Female","height",165
"Female","weight",64.3
"Female","bmi",23.6
"Female","height",158
"Female","weight",54
"Female","bmi",21.6
"Female","height",162
"Female","weight",63.8
"Female","bmi",24.3
"Female","height",166
"Female","weight",68.1
"Female","bmi",24.7
"Female","height",163
"Female","weight",51.7
"Female","bmi",19.5
"Female","height",165
"Female","weight",63.6
"Female","bmi",23.4
"Female","height",146
"Female","weight",42.6
"Female","bmi",20
"Female","height",161
"Female","weight",57.6
"Female","bmi",22.2
"Female","height",170
"Female","weight",73.1
"Female","bmi",25.3
"Female","height",162
"Female","weight",60.5
"Female","bmi",23.1
"Female","height",154
"Female","weight",53.7
"Female","bmi",22.6
"Female","height",166
"Female","weight",62.6
"Female","bmi",22.7
"Female","height",161
"Female","weight",60.6
"Female","bmi",23.4
"Female","height",165
"Female","weight",68.1
"Female","bmi",25
"Female","height",161
"Female","weight",63.6
"Female","bmi",24.5
"Female","height",167
"Female","weight",68.6
"Female","bmi",24.6
"Female","height",154
"Female","weight",51.4
"Female","bmi",21.7
"Female","height",154
"Female","weight",51.1
"Female","bmi",21.5
"Female","height",169
"Female","weight",59.9
"Female","bmi",21
"Female","height",161
"Female","weight",58.9
"Female","bmi",22.7
"Female","height",173
"Female","weight",75.7
"Female","bmi",25.3
"Female","height",161
"Female","weight",61.6
"Female","bmi",23.8
"Female","height",155
"Female","weight",54.3
"Female","bmi",22.6
"Female","height",156
"Female","weight",53.7
"Female","bmi",22.1
"Female","height",165
"Female","weight",70.2
"Female","bmi",25.8
"Female","height",161
"Female","weight",63.1
"Female","bmi",24.3
"Female","height",163
"Female","weight",63.9
"Female","bmi",24.1
"Female","height",159
"Female","weight",69.7
"Female","bmi",27.6
"Female","height",171
"Female","weight",72.8
"Female","bmi",24.9
"Female","height",163
"Female","weight",62.3
"Female","bmi",23.4
"Female","height",163
"Female","weight",64.7
"Female","bmi",24.4
"Female","height",154
"Female","weight",56.1
"Female","bmi",23.7
"Female","height",164
"Female","weight",60.5
"Female","bmi",22.5
"Female","height",168
"Female","weight",68.5
"Female","bmi",24.3
"Female","height",157
"Female","weight",53.1
"Female","bmi",21.5
"Female","height",162
"Female","weight",67.7
"Female","bmi",25.8
"Female","height",160
"Female","weight",56.6
"Female","bmi",22.1
"Female","height",173
"Female","weight",70.6
"Female","bmi",23.6
"Female","height",161
"Female","weight",65.3
"Female","bmi",25.2
"Female","height",159
"Female","weight",62.8
"Female","bmi",24.8
"Female","height",166
"Female","weight",62.1
"Female","bmi",22.5
"Female","height",166
"Female","weight",66.7
"Female","bmi",24.2
"Female","height",167
"Female","weight",70.7
"Female","bmi",25.4
"Female","height",168
"Female","weight",67
"Female","bmi",23.7
"Female","height",167
"Female","weight",65.1
"Female","bmi",23.3
"Female","height",163
"Female","weight",62.5
"Female","bmi",23.5
"Female","height",164
"Female","weight",67.6
"Female","bmi",25.1
"Female","height",166
"Female","weight",63.5
"Female","bmi",23
"Female","height",157
"Female","weight",64
"Female","bmi",26
"Female","height",164
"Female","weight",63.5
"Female","bmi",23.6
"Female","height",165
"Female","weight",67.9
"Female","bmi",24.9
"Female","height",169
"Female","weight",78.7
"Female","bmi",27.6
"Female","height",162
"Female","weight",64.8
"Female","bmi",24.7
"Female","height",164
"Female","weight",61.3
"Female","bmi",22.8
"Female","height",168
"Female","weight",76.7
"Female","bmi",27.2
"Female","height",155
"Female","weight",53.8
"Female","bmi",22.4
"Female","height",159
"Female","weight",59.3
"Female","bmi",23.5
"Female","height",160
"Female","weight",55.5
"Female","bmi",21.7
"Female","height",154
"Female","weight",55.1
"Female","bmi",23.2
"Female","height",159
"Female","weight",65.7
"Female","bmi",26
"Female","height",171
"Female","weight",74.9
"Female","bmi",25.6
"Female","height",151
"Female","weight",56.2
"Female","bmi",24.6
"Female","height",162
"Female","weight",61.1
"Female","bmi",23.3
"Female","height",167
"Female","weight",77.4
"Female","bmi",27.8
"Female","height",159
"Female","weight",48.4
"Female","bmi",19.1
"Female","height",163
"Female","weight",59.2
"Female","bmi",22.3
"Female","height",178
"Female","weight",74.4
"Female","bmi",23.5
"Female","height",173
"Female","weight",78
"Female","bmi",26.1
"Female","height",152
"Female","weight",52.4
"Female","bmi",22.7
"Female","height",148
"Female","weight",43.7
"Female","bmi",20
"Female","height",156
"Female","weight",62.2
"Female","bmi",25.6
"Female","height",161
"Female","weight",60.5
"Female","bmi",23.3
"Female","height",166
"Female","weight",58.1
"Female","bmi",21.1
"Female","height",156
"Female","weight",58.7
"Female","bmi",24.1
"Female","height",158
"Female","weight",60.2
"Female","bmi",24.1
"Female","height",161
"Female","weight",54.5
"Female","bmi",21
"Female","height",170
"Female","weight",75.5
"Female","bmi",26.1
"Female","height",164
"Female","weight",65
"Female","bmi",24.2
"Female","height",163
"Female","weight",58.8
"Female","bmi",22.1
"Female","height",170
"Female","weight",75.5
"Female","bmi",26.1
"Female","height",159
"Female","weight",65.4
"Female","bmi",25.9
"Female","height",166
"Female","weight",72.8
"Female","bmi",26.4
"Female","height",168
"Female","weight",68.7
"Female","bmi",24.3
"Female","height",163
"Female","weight",55
"Female","bmi",20.7
"Female","height",159
"Female","weight",62.6
"Female","bmi",24.8
"Female","height",160
"Female","weight",67.6
"Female","bmi",26.4
"Female","height",161
"Female","weight",59.8
"Female","bmi",23.1
"Female","height",165
"Female","weight",68.7
"Female","bmi",25.2
"Female","height",155
"Female","weight",53.5
"Female","bmi",22.3
"Female","height",164
"Female","weight",64.2
"Female","bmi",23.9
"Female","height",160
"Female","weight",54.7
"Female","bmi",21.4
"Female","height",160
"Female","weight",62.9
"Female","bmi",24.6
"Female","height",163
"Female","weight",67.9
"Female","bmi",25.6
"Female","height",161
"Female","weight",61.5
"Female","bmi",23.7
"Female","height",154
"Female","weight",51
"Female","bmi",21.5
"Female","height",154
"Female","weight",53.6
"Female","bmi",22.6
"Female","height",169
"Female","weight",68.6
"Female","bmi",24
"Female","height",172
"Female","weight",74
"Female","bmi",25
"Female","height",160
"Female","weight",54.9
"Female","bmi",21.4
"Female","height",172
"Female","weight",79.4
"Female","bmi",26.8
"Female","height",166
"Female","weight",71.8
"Female","bmi",26.1
"Female","height",150
"Female","weight",51.6
"Female","bmi",22.9
"Female","height",169
"Female","weight",67.6
"Female","bmi",23.7
"Female","height",171
"Female","weight",66.5
"Female","bmi",22.7
"Female","height",157
"Female","weight",58.7
"Female","bmi",23.8
"Female","height",165
"Female","weight",58.5
"Female","bmi",21.5
"Female","height",166
"Female","weight",68.8
"Female","bmi",25
"Female","height",156
"Female","weight",62
"Female","bmi",25.5
"Female","height",168
"Female","weight",70.2
"Female","bmi",24.9
"Female","height",159
"Female","weight",52.2
"Female","bmi",20.6
"Female","height",176
"Female","weight",76
"Female","bmi",24.5
"Female","height",161
"Female","weight",52.6
"Female","bmi",20.3
"Female","height",165
"Female","weight",63.8
"Female","bmi",23.4
"Female","height",154
"Female","weight",58.3
"Female","bmi",24.6
"Female","height",166
"Female","weight",70
"Female","bmi",25.4
"Female","height",160
"Female","weight",69.6
"Female","bmi",27.2
"Female","height",160
"Female","weight",59.7
"Female","bmi",23.3
"Female","height",164
"Female","weight",64.6
"Female","bmi",24
"Female","height",162
"Female","weight",64.4
"Female","bmi",24.5
"Female","height",158
"Female","weight",56.5
"Female","bmi",22.6
"Female","height",170
"Female","weight",69.2
"Female","bmi",23.9
"Female","height",164
"Female","weight",66.4
"Female","bmi",24.7
"Female","height",168
"Female","weight",66.5
"Female","bmi",23.6
"Female","height",162
"Female","weight",57
"Female","bmi",21.7
"Female","height",172
"Female","weight",77.6
"Female","bmi",26.2
"Female","height",169
"Female","weight",74.5
"Female","bmi",26.1
"Female","height",159
"Female","weight",56.7
"Female","bmi",22.4
"Female","height",175
"Female","weight",79.3
"Female","bmi",25.9
"Female","height",163
"Female","weight",59.1
"Female","bmi",22.2
"Female","height",165
"Female","weight",70.1
"Female","bmi",25.7
"Female","height",160
"Female","weight",60.5
"Female","bmi",23.6
"Female","height",160
"Female","weight",64.8
"Female","bmi",25.3
"Female","height",156
"Female","weight",57.2
"Female","bmi",23.5
"Female","height",159
"Female","weight",59.9
"Female","bmi",23.7
"Female","height",167
"Female","weight",62.9
"Female","bmi",22.6
"Female","height",159
"Female","weight",57.4
"Female","bmi",22.7
"Female","height",157
"Female","weight",62.1
"Female","bmi",25.2
"Female","height",163
"Female","weight",59.3
"Female","bmi",22.3
"Female","height",155
"Female","weight",54.9
"Female","bmi",22.9
"Female","height",159
"Female","weight",61.4
"Female","bmi",24.3
"Female","height",159
"Female","weight",61.1
"Female","bmi",24.2
"Female","height",166
"Female","weight",68.1
"Female","bmi",24.7
"Female","height",160
"Female","weight",57.8
"Female","bmi",22.6
"Female","height",162
"Female","weight",61.8
"Female","bmi",23.5
"Female","height",171
"Female","weight",77.4
"Female","bmi",26.5
"Female","height",152
"Female","weight",43.3
"Female","bmi",18.7
"Female","height",163
"Female","weight",63
"Female","bmi",23.7
"Female","height",162
"Female","weight",59.4
"Female","bmi",22.6
"Female","height",173
"Female","weight",78.7
"Female","bmi",26.3
"Female","height",153
"Female","weight",41.7
"Female","bmi",17.8
"Female","height",161
"Female","weight",49.5
"Female","bmi",19.1
"Female","height",166
"Female","weight",73.2
"Female","bmi",26.6
"Female","height",158
"Female","weight",60.2
"Female","bmi",24.1
"Female","height",168
"Female","weight",75.7
"Female","bmi",26.8
"Female","height",162
"Female","weight",64.7
"Female","bmi",24.7
"Female","height",149
"Female","weight",47.9
"Female","bmi",21.6
"Female","height",158
"Female","weight",67
"Female","bmi",26.8
"Female","height",158
"Female","weight",61.5
"Female","bmi",24.6
"Female","height",165
"Female","weight",74.1
"Female","bmi",27.2
"Female","height",162
"Female","weight",57.1
"Female","bmi",21.8
"Female","height",156
"Female","weight",57
"Female","bmi",23.4
"Female","height",160
"Female","weight",61.1
"Female","bmi",23.9
"Female","height",156
"Female","weight",63.2
"Female","bmi",26
"Female","height",159
"Female","weight",60.3
"Female","bmi",23.9
"Female","height",160
"Female","weight",58
"Female","bmi",22.7
"Female","height",166
"Female","weight",66
"Female","bmi",24
"Female","height",172
"Female","weight",81.8
"Female","bmi",27.7
"Female","height",155
"Female","weight",53.1
"Female","bmi",22.1
"Female","height",158
"Female","weight",55.7
"Female","bmi",22.3
"Female","height",173
"Female","weight",72.8
"Female","bmi",24.3
"Female","height",164
"Female","weight",72.6
"Female","bmi",27
"Female","height",164
"Female","weight",66.2
"Female","bmi",24.6
"Female","height",155
"Female","weight",54
"Female","bmi",22.5
"Female","height",176
"Female","weight",78.8
"Female","bmi",25.4
"Female","height",152
"Female","weight",48.2
"Female","bmi",20.9
"Female","height",162
"Female","weight",60.5
"Female","bmi",23.1
"Female","height",162
"Female","weight",56.6
"Female","bmi",21.6
"Female","height",169
"Female","weight",74.5
"Female","bmi",26.1
"Female","height",164
"Female","weight",67.3
"Female","bmi",25
"Female","height",172
"Female","weight",70.1
"Female","bmi",23.7
"Female","height",161
"Female","weight",69.4
"Female","bmi",26.8
"Female","height",158
"Female","weight",61
"Female","bmi",24.4
"Female","height",166
"Female","weight",63.1
"Female","bmi",22.9
"Female","height",170
"Female","weight",69.4
"Female","bmi",24
"Female","height",163
"Female","weight",65.5
"Female","bmi",24.7
"Female","height",169
"Female","weight",70.7
"Female","bmi",24.8
"Female","height",162
"Female","weight",62.3
"Female","bmi",23.7
"Female","height",168
"Female","weight",66.3
"Female","bmi",23.5
"Female","height",165
"Female","weight",66.1
"Female","bmi",24.3
"Female","height",148
"Female","weight",52.1
"Female","bmi",23.8
"Female","height",159
"Female","weight",65.2
"Female","bmi",25.8
"Female","height",155
"Female","weight",55.6
"Female","bmi",23.1
"Female","height",153
"Female","weight",48.4
"Female","bmi",20.7
"Female","height",166
"Female","weight",61.5
"Female","bmi",22.3
"Female","height",168
"Female","weight",64.8
"Female","bmi",23
"Female","height",161
"Female","weight",59.1
"Female","bmi",22.8
"Female","height",167
"Female","weight",62.1
"Female","bmi",22.3
"Female","height",158
"Female","weight",51.1
"Female","bmi",20.5
"Female","height",162
"Female","weight",66.6
"Female","bmi",25.4
"Female","height",149
"Female","weight",41.2
"Female","bmi",18.6
"Female","height",167
"Female","weight",69.3
"Female","bmi",24.8
"Female","height",168
"Female","weight",63.5
"Female","bmi",22.5
"Female","height",166
"Female","weight",64.7
"Female","bmi",23.5
"Female","height",173
"Female","weight",70.5
"Female","bmi",23.6
"Female","height",171
"Female","weight",73.2
"Female","bmi",25
"Female","height",173
"Female","weight",76.6
"Female","bmi",25.6
"Female","height",175
"Female","weight",85.6
"Female","bmi",28
"Female","height",163
"Female","weight",63.3
"Female","bmi",23.8
"Female","height",169
"Female","weight",65.3
"Female","bmi",22.9
"Female","height",173
"Female","weight",78.2
"Female","bmi",26.1
"Female","height",172
"Female","weight",74.6
"Female","bmi",25.2
"Female","height",176
"Female","weight",80.6
"Female","bmi",26
"Female","height",164
"Female","weight",66.4
"Female","bmi",24.7
"Female","height",165
"Female","weight",56.2
"Female","bmi",20.6
"Female","height",154
"Female","weight",58.9
"Female","bmi",24.8
"Female","height",169
"Female","weight",73
"Female","bmi",25.6
"Female","height",166
"Female","weight",64.6
"Female","bmi",23.4
"Female","height",165
"Female","weight",67.5
"Female","bmi",24.8
"Female","height",168
"Female","weight",75.1
"Female","bmi",26.6
"Female","height",166
"Female","weight",60.6
"Female","bmi",22
"Female","height",162
"Female","weight",53.3
"Female","bmi",20.3
"Female","height",169
"Female","weight",67.5
"Female","bmi",23.6
"Female","height",164
"Female","weight",66.6
"Female","bmi",24.8
"Female","height",154
"Female","weight",51.5
"Female","bmi",21.7
"Female","height",162
"Female","weight",63.7
"Female","bmi",24.3
"Female","height",155
"Female","weight",53.4
"Female","bmi",22.2
"Female","height",165
"Female","weight",63.9
"Female","bmi",23.5
"Female","height",167
"Female","weight",68.7
"Female","bmi",24.6
"Female","height",159
"Female","weight",57.8
"Female","bmi",22.9
"Female","height",161
"Female","weight",51.9
"Female","bmi",20
"Female","height",159
"Female","weight",54.7
"Female","bmi",21.6
"Female","height",179
"Female","weight",73.6
"Female","bmi",23
"Female","height",159
"Female","weight",54.2
"Female","bmi",21.4
"Female","height",171
"Female","weight",76
"Female","bmi",26
"Female","height",151
"Female","weight",50.3
"Female","bmi",22.1
"Female","height",162
"Female","weight",59.1
"Female","bmi",22.5
"Female","height",162
"Female","weight",63.7
"Female","bmi",24.3
"Female","height",168
"Female","weight",64.9
"Female","bmi",23
"Female","height",156
"Female","weight",61.3
"Female","bmi",25.2
"Female","height",159
"Female","weight",61.5
"Female","bmi",24.3
"Female","height",157
"Female","weight",50.2
"Female","bmi",20.4
"Female","height",168
"Female","weight",62.2
"Female","bmi",22
"Female","height",162
"Female","weight",60.9
"Female","bmi",23.2
"Female","height",160
"Female","weight",62
"Female","bmi",24.2
"Female","height",162
"Female","weight",65.5
"Female","bmi",25
"Female","height",170
"Female","weight",69.4
"Female","bmi",24
"Female","height",168
"Female","weight",68.5
"Female","bmi",24.3
"Female","height",163
"Female","weight",73.8
"Female","bmi",27.8
"Female","height",156
"Female","weight",54.1
"Female","bmi",22.2
"Female","height",170
"Female","weight",75
"Female","bmi",26
"Female","height",153
"Female","weight",55.5
"Female","bmi",23.7
"Female","height",166
"Female","weight",61.1
"Female","bmi",22.2
"Female","height",159
"Female","weight",61.7
"Female","bmi",24.4
"Female","height",156
"Female","weight",52.2
"Female","bmi",21.4
"Female","height",162
"Female","weight",62.6
"Female","bmi",23.9
"Female","height",154
"Female","weight",46.8
"Female","bmi",19.7
"Female","height",164
"Female","weight",73.7
"Female","bmi",27.4
"Female","height",167
"Female","weight",65.8
"Female","bmi",23.6
"Female","height",171
"Female","weight",76.8
"Female","bmi",26.3
"Female","height",157
"Female","weight",65.7
"Female","bmi",26.7
"Female","height",146
"Female","weight",44.8
"Female","bmi",21
"Female","height",168
"Female","weight",71.7
"Female","bmi",25.4
"Female","height",167
"Female","weight",79.3
"Female","bmi",28.4
"Female","height",149
"Female","weight",41.3
"Female","bmi",18.6
"Female","height",168
"Female","weight",79.4
"Female","bmi",28.1
"Female","height",150
"Female","weight",46.5
"Female","bmi",20.7
"Female","height",173
"Female","weight",66.8
"Female","bmi",22.3
"Female","height",173
"Female","weight",75.2
"Female","bmi",25.1
"Female","height",163
"Female","weight",68.3
"Female","bmi",25.7
"Female","height",165
"Female","weight",64
"Female","bmi",23.5
"Female","height",153
"Female","weight",49.7
"Female","bmi",21.2
"Female","height",155
"Female","weight",56.1
"Female","bmi",23.4
"Female","height",176
"Female","weight",76.6
"Female","bmi",24.7
"Female","height",170
"Female","weight",69.4
"Female","bmi",24
"Female","height",157
"Female","weight",58.9
"Female","bmi",23.9
"Female","height",168
"Female","weight",78
"Female","bmi",27.6
"Female","height",142
"Female","weight",42.9
"Female","bmi",21.3
"Female","height",173
"Female","weight",79.5
"Female","bmi",26.6
"Female","height",161
"Female","weight",63.2
"Female","bmi",24.4
"Female","height",156
"Female","weight",45.7
"Female","bmi",18.8
"Female","height",174
"Female","weight",80.2
"Female","bmi",26.5
"Female","height",156
"Female","weight",55.7
"Female","bmi",22.9
"Female","height",174
"Female","weight",78.3
"Female","bmi",25.9
"Female","height",166
"Female","weight",66.7
"Female","bmi",24.2
"Female","height",143
"Female","weight",36.5
"Female","bmi",17.8
"Female","height",171
"Female","weight",79.8
"Female","bmi",27.3
"Female","height",162
"Female","weight",66.1
"Female","bmi",25.2
"Female","height",165
"Female","weight",62.8
"Female","bmi",23.1
"Female","height",156
"Female","weight",59.2
"Female","bmi",24.3
"Female","height",161
"Female","weight",63.1
"Female","bmi",24.3
"Female","height",149
"Female","weight",46.3
"Female","bmi",20.9
"Female","height",173
"Female","weight",71.7
"Female","bmi",24
"Female","height",162
"Female","weight",67.5
"Female","bmi",25.7
"Female","height",169
"Female","weight",67.4
"Female","bmi",23.6
"Female","height",151
"Female","weight",59
"Female","bmi",25.9
"Female","height",163
"Female","weight",62.5
"Female","bmi",23.5
"Female","height",157
"Female","weight",68.8
"Female","bmi",27.9
"Female","height",172
"Female","weight",69.9
"Female","bmi",23.6
"Female","height",151
"Female","weight",60.3
"Female","bmi",26.4
"Female","height",159
"Female","weight",56.3
"Female","bmi",22.3
"Female","height",167
"Female","weight",64.8
"Female","bmi",23.2
"Female","height",154
"Female","weight",60.4
"Female","bmi",25.5
"Female","height",171
"Female","weight",72
"Female","bmi",24.6
"Female","height",160
"Female","weight",51.9
"Female","bmi",20.3
"Female","height",161
"Female","weight",58.1
"Female","bmi",22.4
"Female","height",171
"Female","weight",74.2
"Female","bmi",25.4
"Female","height",159
"Female","weight",58.5
"Female","bmi",23.1
"Female","height",160
"Female","weight",64.1
"Female","bmi",25
"Female","height",158
"Female","weight",53.9
"Female","bmi",21.6
"Female","height",154
"Female","weight",54.9
"Female","bmi",23.1
"Female","height",158
"Female","weight",53.2
"Female","bmi",21.3
"Female","height",154
"Female","weight",53.4
"Female","bmi",22.5
"Female","height",158
"Female","weight",59.7
"Female","bmi",23.9
"Female","height",164
"Female","weight",64.4
"Female","bmi",23.9
"Female","height",166
"Female","weight",67.2
"Female","bmi",24.4
"Female","height",170
"Female","weight",69.1
"Female","bmi",23.9
"Female","height",152
"Female","weight",49.3
"Female","bmi",21.3
"Female","height",168
"Female","weight",76.7
"Female","bmi",27.2
"Female","height",172
"Female","weight",68.4
"Female","bmi",23.1
"Female","height",150
"Female","weight",45.8
"Female","bmi",20.4
"Female","height",176
"Female","weight",74.8
"Female","bmi",24.1
"Female","height",170
"Female","weight",63.4
"Female","bmi",21.9
"Female","height",163
"Female","weight",65.8
"Female","bmi",24.8
"Female","height",161
"Female","weight",62.3
"Female","bmi",24
"Female","height",159
"Female","weight",62.6
"Female","bmi",24.8
"Female","height",164
"Female","weight",71.7
"Female","bmi",26.7
"Female","height",161
"Female","weight",63.6
"Female","bmi",24.5
"Female","height",161
"Female","weight",53.6
"Female","bmi",20.7
"Female","height",163
"Female","weight",54.5
"Female","bmi",20.5
"Female","height",153
"Female","weight",48.1
"Female","bmi",20.5
"Female","height",165
"Female","weight",55.6
"Female","bmi",20.4
"Female","height",169
"Female","weight",64.9
"Female","bmi",22.7
"Female","height",163
"Female","weight",63.6
"Female","bmi",23.9
"Female","height",166
"Female","weight",67.5
"Female","bmi",24.5
"Female","height",158
"Female","weight",60.5
"Female","bmi",24.2
"Female","height",154
"Female","weight",58.3
"Female","bmi",24.6
"Female","height",164
"Female","weight",61.3
"Female","bmi",22.8
"Female","height",169
"Female","weight",68.5
"Female","bmi",24
"Female","height",175
"Female","weight",75.8
"Female","bmi",24.8
"Female","height",157
"Female","weight",53.4
"Female","bmi",21.7
"Female","height",158
"Female","weight",53.8
"Female","bmi",21.6
"Female","height",156
"Female","weight",63.5
"Female","bmi",26.1
"Female","height",164
"Female","weight",56.5
"Female","bmi",21
"Female","height",162
"Female","weight",63.5
"Female","bmi",24.2
"Female","height",168
"Female","weight",72.8
"Female","bmi",25.8
"Female","height",164
"Female","weight",68.5
"Female","bmi",25.5
"Female","height",164
"Female","weight",61.8
"Female","bmi",23
"Female","height",172
"Female","weight",69.5
"Female","bmi",23.5
"Female","height",162
"Female","weight",65.7
"Female","bmi",25
"Female","height",176
"Female","weight",76.3
"Female","bmi",24.6
"Female","height",172
"Female","weight",66.2
"Female","bmi",22.4
"Female","height",154
"Female","weight",50.1
"Female","bmi",21.1
"Female","height",152
"Female","weight",53.3
"Female","bmi",23.1
"Female","height",151
"Female","weight",48.7
"Female","bmi",21.4
"Female","height",174
"Female","weight",79.4
"Female","bmi",26.2
"Female","height",167
"Female","weight",72
"Female","bmi",25.8
"Female","height",173
"Female","weight",74.8
"Female","bmi",25
"Female","height",171
"Female","weight",68.8
"Female","bmi",23.5
"Female","height",161
"Female","weight",57.5
"Female","bmi",22.2
"Female","height",162
"Female","weight",57.3
"Female","bmi",21.8
"Female","height",170
"Female","weight",72.8
"Female","bmi",25.2
"Female","height",159
"Female","weight",57.5
"Female","bmi",22.7
"Female","height",171
"Female","weight",69.6
"Female","bmi",23.8
"Female","height",160
"Female","weight",57.2
"Female","bmi",22.3
"Female","height",158
"Female","weight",62.3
"Female","bmi",25
"Female","height",147
"Female","weight",48.9
"Female","bmi",22.6
"Female","height",161
"Female","weight",55
"Female","bmi",21.2
"Female","height",158
"Female","weight",62.4
"Female","bmi",25
"Female","height",158
"Female","weight",57.6
"Female","bmi",23.1
"Female","height",162
"Female","weight",68
"Female","bmi",25.9
"Female","height",175
"Female","weight",75.7
"Female","bmi",24.7
"Female","height",165
"Female","weight",67.5
"Female","bmi",24.8
"Female","height",156
"Female","weight",52.9
"Female","bmi",21.7
"Female","height",157
"Female","weight",55.2
"Female","bmi",22.4
"Female","height",164
"Female","weight",66.7
"Female","bmi",24.8
"Female","height",154
"Female","weight",49.8
"Female","bmi",21
"Female","height",166
"Female","weight",63.7
"Female","bmi",23.1
"Female","height",161
"Female","weight",61.6
"Female","bmi",23.8
"Female","height",165
"Female","weight",64.8
"Female","bmi",23.8
"Female","height",162
"Female","weight",63.2
"Female","bmi",24.1
"Female","height",160
"Female","weight",59.7
"Female","bmi",23.3
"Female","height",161
"Female","weight",67.6
"Female","bmi",26.1
"Female","height",164
"Female","weight",62.1
"Female","bmi",23.1
"Female","height",165
"Female","weight",62.5
"Female","bmi",23
"Female","height",163
"Female","weight",62.8
"Female","bmi",23.6
"Female","height",157
"Female","weight",53.4
"Female","bmi",21.7
"Female","height",159
"Female","weight",55.6
"Female","bmi",22
"Female","height",172
"Female","weight",66
"Female","bmi",22.3
"Female","height",168
"Female","weight",76.3
"Female","bmi",27
"Female","height",149
"Female","weight",49.5
"Female","bmi",22.3
"Female","height",157
"Female","weight",58.5
"Female","bmi",23.7
"Female","height",149
"Female","weight",46.7
"Female","bmi",21
"Female","height",165
"Female","weight",65.7
"Female","bmi",24.1
"Female","height",147
"Female","weight",41.5
"Female","bmi",19.2
"Female","height",173
"Female","weight",70.2
"Female","bmi",23.5
"Female","height",153
"Female","weight",48.6
"Female","bmi",20.8
"Female","height",167
"Female","weight",70.7
"Female","bmi",25.4
"Female","height",162
"Female","weight",63
"Female","bmi",24
"Female","height",172
"Female","weight",68.4
"Female","bmi",23.1
"Female","height",171
"Female","weight",76.4
"Female","bmi",26.1
"Female","height",165
"Female","weight",57.1
"Female","bmi",21
"Female","height",158
"Female","weight",59.5
"Female","bmi",23.8
"Female","height",164
"Female","weight",76.6
"Female","bmi",28.5
"Female","height",165
"Female","weight",64.9
"Female","bmi",23.8
"Female","height",163
"Female","weight",72
"Female","bmi",27.1
"Female","height",159
"Female","weight",56.4
"Female","bmi",22.3
"Female","height",162
"Female","weight",50.2
"Female","bmi",19.1
"Female","height",165
"Female","weight",58.6
"Female","bmi",21.5
"Female","height",169
"Female","weight",71.6
"Female","bmi",25.1
"Female","height",173
"Female","weight",73.8
"Female","bmi",24.7
"Female","height",160
"Female","weight",62.2
"Female","bmi",24.3
"Female","height",162
"Female","weight",55.4
"Female","bmi",21.1
"Female","height",148
"Female","weight",43.8
"Female","bmi",20
"Female","height",158
"Female","weight",51.4
"Female","bmi",20.6
"Female","height",171
"Female","weight",70.6
"Female","bmi",24.1
"Female","height",157
"Female","weight",61.1
"Female","bmi",24.8
"Female","height",157
"Female","weight",61
"Female","bmi",24.7
"Female","height",160
"Female","weight",59.2
"Female","bmi",23.1
"Female","height",167
"Female","weight",66.5
"Female","bmi",23.8
"Female","height",157
"Female","weight",58.8
"Female","bmi",23.9
"Female","height",157
"Female","weight",54.7
"Female","bmi",22.2
"Female","height",167
"Female","weight",66.1
"Female","bmi",23.7
"Female","height",151
"Female","weight",53.3
"Female","bmi",23.4
"Female","height",164
"Female","weight",60.5
"Female","bmi",22.5
"Female","height",162
"Female","weight",76.7
"Female","bmi",29.2
"Female","height",154
"Female","weight",59.1
"Female","bmi",24.9
"Female","height",167
"Female","weight",71.3
"Female","bmi",25.6
"Female","height",151
"Female","weight",39.4
"Female","bmi",17.3
"Female","height",170
"Female","weight",69
"Female","bmi",23.9
"Female","height",162
"Female","weight",55.4
"Female","bmi",21.1
"Female","height",167
"Female","weight",62.2
"Female","bmi",22.3
"Female","height",171
"Female","weight",66.3
"Female","bmi",22.7
"Female","height",165
"Female","weight",68.3
"Female","bmi",25.1
"Female","height",168
"Female","weight",67.6
"Female","bmi",24
"Female","height",162
"Female","weight",54.9
"Female","bmi",20.9
"Female","height",157
"Female","weight",64.1
"Female","bmi",26
"Female","height",158
"Female","weight",58.4
"Female","bmi",23.4
"Female","height",169
"Female","weight",56.4
"Female","bmi",19.7
"Female","height",156
"Female","weight",63.7
"Female","bmi",26.2
"Female","height",173
"Female","weight",64.8
"Female","bmi",21.7
"Female","height",164
"Female","weight",66.3
"Female","bmi",24.7
"Female","height",164
"Female","weight",64.9
"Female","bmi",24.1
"Female","height",159
"Female","weight",59
"Female","bmi",23.3
"Female","height",176
"Female","weight",76.3
"Female","bmi",24.6
"Female","height",155
"Female","weight",52.1
"Female","bmi",21.7
"Female","height",167
"Female","weight",76.1
"Female","bmi",27.3
"Female","height",178
"Female","weight",75.2
"Female","bmi",23.7
"Female","height",164
"Female","weight",64.3
"Female","bmi",23.9
"Female","height",158
"Female","weight",58.7
"Female","bmi",23.5
"Female","height",166
"Female","weight",74.4
"Female","bmi",27
"Female","height",167
"Female","weight",59.8
"Female","bmi",21.4
"Female","height",154
"Female","weight",54.1
"Female","bmi",22.8
"Female","height",164
"Female","weight",60.4
"Female","bmi",22.5
"Female","height",173
"Female","weight",68.5
"Female","bmi",22.9
"Female","height",163
"Female","weight",64.2
"Female","bmi",24.2
"Female","height",163
"Female","weight",64.3
"Female","bmi",24.2
"Female","height",164
"Female","weight",67.7
"Female","bmi",25.2
"Female","height",160
"Female","weight",54.1
"Female","bmi",21.1
"Female","height",155
"Female","weight",61.5
"Female","bmi",25.6
"Female","height",157
"Female","weight",55.7
"Female","bmi",22.6
"Female","height",167
"Female","weight",63.4
"Female","bmi",22.7
"Female","height",174
"Female","weight",76.4
"Female","bmi",25.2
"Female","height",157
"Female","weight",57.2
"Female","bmi",23.2
"Female","height",164
"Female","weight",61.5
"Female","bmi",22.9
"Female","height",154
"Female","weight",49.8
"Female","bmi",21
"Female","height",167
"Female","weight",70.8
"Female","bmi",25.4
"Female","height",159
"Female","weight",49.5
"Female","bmi",19.6
"Female","height",155
"Female","weight",52.1
"Female","bmi",21.7
"Female","height",165
"Female","weight",71.1
"Female","bmi",26.1
"Female","height",146
"Female","weight",39.7
"Female","bmi",18.6
"Female","height",151
"Female","weight",55.8
"Female","bmi",24.5
"Female","height",158
"Female","weight",54.4
"Female","bmi",21.8
"Female","height",152
"Female","weight",51.7
"Female","bmi",22.4
"Female","height",158
"Female","weight",55
"Female","bmi",22
"Female","height",159
"Female","weight",54.2
"Female","bmi",21.4
"Female","height",174
"Female","weight",73.2
"Female","bmi",24.2
"Female","height",155
"Female","weight",63.9
"Female","bmi",26.6
"Female","height",158
"Female","weight",58.5
"Female","bmi",23.4
"Female","height",150
"Female","weight",48.4
"Female","bmi",21.5
"Female","height",156
"Female","weight",55.3
"Female","bmi",22.7
"Female","height",174
"Female","weight",81.3
"Female","bmi",26.9
"Female","height",165
"Female","weight",58.2
"Female","bmi",21.4
"Female","height",160
"Female","weight",55.2
"Female","bmi",21.6
"Female","height",152
"Female","weight",58
"Female","bmi",25.1
"Female","height",157
"Female","weight",60.5
"Female","bmi",24.5
"Female","height",156
"Female","weight",46.7
"Female","bmi",19.2
"Female","height",157
"Female","weight",57.7
"Female","bmi",23.4
"Female","height",159
"Female","weight",53.8
"Female","bmi",21.3
"Female","height",166
"Female","weight",65.6
"Female","bmi",23.8
"Female","height",158
"Female","weight",52.1
"Female","bmi",20.9
"Female","height",152
"Female","weight",43.9
"Female","bmi",19
"Female","height",166
"Female","weight",71.9
"Female","bmi",26.1
"Female","height",163
"Female","weight",65.8
"Female","bmi",24.8
"Female","height",163
"Female","weight",63.7
"Female","bmi",24
"Female","height",159
"Female","weight",64.7
"Female","bmi",25.6
"Female","height",159
"Female","weight",64.8
"Female","bmi",25.6
"Female","height",169
"Female","weight",66
"Female","bmi",23.1
"Female","height",173
"Female","weight",74.1
"Female","bmi",24.8
"Female","height",158
"Female","weight",62.1
"Female","bmi",24.9
"Female","height",167
"Female","weight",68.5
"Female","bmi",24.6
"Female","height",161
"Female","weight",63.8
"Female","bmi",24.6
"Female","height",167
"Female","weight",64.1
"Female","bmi",23
"Female","height",144
"Female","weight",40.3
"Female","bmi",19.4
"Female","height",147
"Female","weight",41.9
"Female","bmi",19.4
"Female","height",174
"Female","weight",77.6
"Female","bmi",25.6
"Female","height",162
"Female","weight",69.4
"Female","bmi",26.4
"Female","height",160
"Female","weight",63.1
"Female","bmi",24.6
"Female","height",172
"Female","weight",74.8
"Female","bmi",25.3
"Female","height",169
"Female","weight",72.6
"Female","bmi",25.4
"Female","height",158
"Female","weight",62
"Female","bmi",24.8
"Female","height",154
"Female","weight",44.4
"Female","bmi",18.7
"Female","height",161
"Female","weight",61.8
"Female","bmi",23.8
"Female","height",170
"Female","weight",72.9
"Female","bmi",25.2
"Female","height",171
"Female","weight",77.3
"Female","bmi",26.4
"Female","height",167
"Female","weight",72.3
"Female","bmi",25.9
"Female","height",159
"Female","weight",64.8
"Female","bmi",25.6
"Female","height",161
"Female","weight",62.2
"Female","bmi",24
"Female","height",167
"Female","weight",71
"Female","bmi",25.5
"Female","height",165
"Female","weight",65.7
"Female","bmi",24.1
"Female","height",153
"Female","weight",49.9
"Female","bmi",21.3
"Female","height",180
"Female","weight",79.8
"Female","bmi",24.6
"Female","height",152
"Female","weight",48.7
"Female","bmi",21.1
"Female","height",158
"Female","weight",62.3
"Female","bmi",25
"Female","height",168
"Female","weight",66.9
"Female","bmi",23.7
"Female","height",167
"Female","weight",67.3
"Female","bmi",24.1
"Female","height",150
"Female","weight",44.7
"Female","bmi",19.9
"Female","height",162
"Female","weight",60.3
"Female","bmi",23
"Female","height",160
"Female","weight",59.3
"Female","bmi",23.2
"Female","height",154
"Female","weight",48.5
"Female","bmi",20.5
"Female","height",160
"Female","weight",50.6
"Female","bmi",19.8
"Female","height",159
"Female","weight",54.3
"Female","bmi",21.5
"Female","height",158
"Female","weight",55.8
"Female","bmi",22.4
"Female","height",162
"Female","weight",56.9
"Female","bmi",21.7
"Female","height",155
"Female","weight",56.7
"Female","bmi",23.6
"Female","height",169
"Female","weight",61.6
"Female","bmi",21.6
"Female","height",153
"Female","weight",61.1
"Female","bmi",26.1
"Female","height",159
"Female","weight",58.7
"Female","bmi",23.2
"Female","height",160
"Female","weight",63.2
"Female","bmi",24.7
"Female","height",156
"Female","weight",53.6
"Female","bmi",22
"Female","height",163
"Female","weight",55.3
"Female","bmi",20.8
"Female","height",158
"Female","weight",49.6
"Female","bmi",19.9
"Female","height",166
"Female","weight",67.8
"Female","bmi",24.6
"Female","height",173
"Female","weight",73.4
"Female","bmi",24.5
"Female","height",167
"Female","weight",61.8
"Female","bmi",22.2
"Female","height",166
"Female","weight",63.5
"Female","bmi",23
"Female","height",162
"Female","weight",65.4
"Female","bmi",24.9
"Female","height",165
"Female","weight",61.1
"Female","bmi",22.4
"Female","height",159
"Female","weight",60.2
"Female","bmi",23.8
"Female","height",168
"Female","weight",73.9
"Female","bmi",26.2
"Female","height",154
"Female","weight",55.2
"Female","bmi",23.3
"Female","height",165
"Female","weight",67.9
"Female","bmi",24.9
"Female","height",158
"Female","weight",59.9
"Female","bmi",24
"Female","height",161
"Female","weight",66.7
"Female","bmi",25.7
"Female","height",155
"Female","weight",57.7
"Female","bmi",24
"Female","height",163
"Female","weight",57.7
"Female","bmi",21.7
"Female","height",168
"Female","weight",69.7
"Female","bmi",24.7
"Female","height",145
"Female","weight",45.1
"Female","bmi",21.5
"Female","height",161
"Female","weight",59.4
"Female","bmi",22.9
"Female","height",150
"Female","weight",48.1
"Female","bmi",21.4
"Female","height",164
"Female","weight",69
"Female","bmi",25.7
"Female","height",169
"Female","weight",69.3
"Female","bmi",24.3
"Female","height",164
"Female","weight",59.3
"Female","bmi",22
"Female","height",169
"Female","weight",70
"Female","bmi",24.5
"Female","height",164
"Female","weight",68.9
"Female","bmi",25.6
"Female","height",152
"Female","weight",60.5
"Female","bmi",26.2
"Female","height",161
"Female","weight",70.8
"Female","bmi",27.3
"Female","height",162
"Female","weight",66.6
"Female","bmi",25.4
"Female","height",166
"Female","weight",73.2
"Female","bmi",26.6
"Female","height",169
"Female","weight",67.2
"Female","bmi",23.5
"Female","height",165
"Female","weight",61.2
"Female","bmi",22.5
"Female","height",170
"Female","weight",68.7
"Female","bmi",23.8
"Female","height",167
"Female","weight",68.3
"Female","bmi",24.5
"Female","height",162
"Female","weight",60.6
"Female","bmi",23.1
"Female","height",159
"Female","weight",62.4
"Female","bmi",24.7
"Female","height",168
"Female","weight",64.1
"Female","bmi",22.7
"Female","height",158
"Female","weight",61.6
"Female","bmi",24.7
"Female","height",161
"Female","weight",61.1
"Female","bmi",23.6
"Female","height",164
"Female","weight",59.5
"Female","bmi",22.1
"Female","height",163
"Female","weight",63.2
"Female","bmi",23.8
"Female","height",161
"Female","weight",56.3
"Female","bmi",21.7
"Female","height",164
"Female","weight",66.8
"Female","bmi",24.8
"Female","height",162
"Female","weight",68.1
"Female","bmi",25.9
"Female","height",155
"Female","weight",50.7
"Female","bmi",21.1
"Female","height",160
"Female","weight",53.1
"Female","bmi",20.7
"Female","height",163
"Female","weight",62.4
"Female","bmi",23.5
"Female","height",156
"Female","weight",46.6
"Female","bmi",19.1
"Female","height",163
"Female","weight",64.6
"Female","bmi",24.3
"Female","height",156
"Female","weight",59.6
"Female","bmi",24.5
"Female","height",167
"Female","weight",62.1
"Female","bmi",22.3
"Female","height",163
"Female","weight",61.2
"Female","bmi",23
"Female","height",172
"Female","weight",66.9
"Female","bmi",22.6
"Female","height",144
"Female","weight",40.6
"Female","bmi",19.6
"Female","height",148
"Female","weight",44.8
"Female","bmi",20.5
"Female","height",153
"Female","weight",57
"Female","bmi",24.3
"Female","height",151
"Female","weight",57
"Female","bmi",25
"Female","height",167
"Female","weight",60.5
"Female","bmi",21.7
"Female","height",160
"Female","weight",59.5
"Female","bmi",23.2
"Female","height",160
"Female","weight",54.5
"Female","bmi",21.3
"Female","height",166
"Female","weight",62.7
"Female","bmi",22.8
"Female","height",171
"Female","weight",67.6
"Female","bmi",23.1
"Female","height",153
"Female","weight",55.4
"Female","bmi",23.7
"Female","height",159
"Female","weight",66.2
"Female","bmi",26.2
"Female","height",164
"Female","weight",63.5
"Female","bmi",23.6
"Female","height",162
"Female","weight",56.5
"Female","bmi",21.5
"Female","height",161
"Female","weight",62.6
"Female","bmi",24.2
"Female","height",159
"Female","weight",56
"Female","bmi",22.2
"Female","height",160
"Female","weight",58.9
"Female","bmi",23
"Female","height",160
"Female","weight",54.6
"Female","bmi",21.3
"Female","height",156
"Female","weight",59.3
"Female","bmi",24.4
"Female","height",165
"Female","weight",64.6
"Female","bmi",23.7
"Female","height",154
"Female","weight",55.3
"Female","bmi",23.3
"Female","height",162
"Female","weight",57.6
"Female","bmi",21.9
"Female","height",166
"Female","weight",68.3
"Female","bmi",24.8
"Female","height",173
"Female","weight",73.7
"Female","bmi",24.6
"Female","height",158
"Female","weight",58.2
"Female","bmi",23.3
"Female","height",170
"Female","weight",57.3
"Female","bmi",19.8
"Female","height",166
"Female","weight",58.6
"Female","bmi",21.3
"Female","height",165
"Female","weight",66.2
"Female","bmi",24.3
"Female","height",156
"Female","weight",55.6
"Female","bmi",22.8
"Female","height",164
"Female","weight",67.2
"Female","bmi",25
"Female","height",158
"Female","weight",53.1
"Female","bmi",21.3
"Female","height",157
"Female","weight",54.4
"Female","bmi",22.1
"Female","height",163
"Female","weight",64.1
"Female","bmi",24.1
"Female","height",158
"Female","weight",62.4
"Female","bmi",25
"Female","height",150
"Female","weight",48.9
"Female","bmi",21.7
"Female","height",166
"Female","weight",67.9
"Female","bmi",24.6
"Female","height",162
"Female","weight",57.9
"Female","bmi",22.1
"Female","height",170
"Female","weight",63.7
"Female","bmi",22
"Female","height",150
"Female","weight",50.8
"Female","bmi",22.6
"Female","height",150
"Female","weight",51.5
"Female","bmi",22.9
"Female","height",155
"Female","weight",49.9
"Female","bmi",20.8
"Female","height",167
"Female","weight",60.9
"Female","bmi",21.8
"Female","height",169
"Female","weight",71.1
"Female","bmi",24.9
"Female","height",146
"Female","weight",43.6
"Female","bmi",20.5
"Female","height",157
"Female","weight",52
"Female","bmi",21.1
"Female","height",166
"Female","weight",65.1
"Female","bmi",23.6
"Female","height",176
"Female","weight",74.4
"Female","bmi",24
"Female","height",163
"Female","weight",69.9
"Female","bmi",26.3
"Female","height",162
"Female","weight",57.8
"Female","bmi",22
"Female","height",168
"Female","weight",64.4
"Female","bmi",22.8
"Female","height",166
"Female","weight",65.3
"Female","bmi",23.7
"Female","height",157
"Female","weight",56.6
"Female","bmi",23
"Female","height",170
"Female","weight",76.5
"Female","bmi",26.5
"Female","height",160
"Female","weight",62.3
"Female","bmi",24.3
"Female","height",158
"Female","weight",61.2
"Female","bmi",24.5
"Female","height",170
"Female","weight",68.7
"Female","bmi",23.8
"Female","height",162
"Female","weight",56.6
"Female","bmi",21.6
"Female","height",170
"Female","weight",75
"Female","bmi",26
"Female","height",169
"Female","weight",65.4
"Female","bmi",22.9
"Female","height",149
"Female","weight",46.3
"Female","bmi",20.9
"Female","height",160
"Female","weight",62.6
"Female","bmi",24.5
"Female","height",165
"Female","weight",55.7
"Female","bmi",20.5
"Female","height",160
"Female","weight",56.5
"Female","bmi",22.1
"Female","height",158
"Female","weight",60.7
"Female","bmi",24.3
"Female","height",164
"Female","weight",58.7
"Female","bmi",21.8
"Female","height",161
"Female","weight",72.5
"Female","bmi",28
"Female","height",163
"Female","weight",64.5
"Female","bmi",24.3
"Female","height",158
"Female","weight",59.2
"Female","bmi",23.7
"Female","height",155
"Female","weight",47
"Female","bmi",19.6
"Female","height",171
"Female","weight",64.8
"Female","bmi",22.2
"Female","height",181
"Female","weight",79.4
"Female","bmi",24.2
"Female","height",154
"Female","weight",49.1
"Female","bmi",20.7
"Female","height",159
"Female","weight",56.7
"Female","bmi",22.4
"Female","height",157
"Female","weight",49
"Female","bmi",19.9
"Female","height",158
"Female","weight",56.1
"Female","bmi",22.5
"Female","height",163
"Female","weight",52.8
"Female","bmi",19.9
"Female","height",153
"Female","weight",58
"Female","bmi",24.8
"Female","height",173
"Female","weight",73.2
"Female","bmi",24.5
"Female","height",166
"Female","weight",61.1
"Female","bmi",22.2
"Female","height",167
"Female","weight",67.4
"Female","bmi",24.2
"Female","height",151
"Female","weight",48.4
"Female","bmi",21.2
"Female","height",165
"Female","weight",58.9
"Female","bmi",21.6
"Female","height",167
"Female","weight",72.5
"Female","bmi",26
"Female","height",151
"Female","weight",49.2
"Female","bmi",21.6
"Female","height",168
"Female","weight",64.7
"Female","bmi",22.9
"Female","height",166
"Female","weight",69.2
"Female","bmi",25.1
"Female","height",167
"Female","weight",63.8
"Female","bmi",22.9
"Female","height",159
"Female","weight",60.7
"Female","bmi",24
"Female","height",169
"Female","weight",73.5
"Female","bmi",25.7
"Female","height",165
"Female","weight",59.9
"Female","bmi",22
"Female","height",166
"Female","weight",58.7
"Female","bmi",21.3
"Female","height",171
"Female","weight",72.3
"Female","bmi",24.7
"Female","height",163
"Female","weight",67.3
"Female","bmi",25.3
"Female","height",163
"Female","weight",64.6
"Female","bmi",24.3
"Female","height",155
"Female","weight",54.6
"Female","bmi",22.7
"Female","height",173
"Female","weight",71.8
"Female","bmi",24
"Female","height",161
"Female","weight",57.1
"Female","bmi",22
"Female","height",167
"Female","weight",72.5
"Female","bmi",26
"Female","height",165
"Female","weight",70.8
"Female","bmi",26
"Female","height",157
"Female","weight",54.7
"Female","bmi",22.2
"Female","height",176
"Female","weight",77.2
"Female","bmi",24.9
"Female","height",166
"Female","weight",69.8
"Female","bmi",25.3
"Female","height",165
"Female","weight",64.8
"Female","bmi",23.8
"Female","height",165
"Female","weight",69.7
"Female","bmi",25.6
"Female","height",157
"Female","weight",65.6
"Female","bmi",26.6
"Female","height",162
"Female","weight",56.8
"Female","bmi",21.6
"Female","height",162
"Female","weight",63.9
"Female","bmi",24.3
"Female","height",154
"Female","weight",52.9
"Female","bmi",22.3
"Female","height",163
"Female","weight",71
"Female","bmi",26.7
"Female","height",174
"Female","weight",70.9
"Female","bmi",23.4
"Female","height",156
"Female","weight",62.6
"Female","bmi",25.7
"Female","height",155
"Female","weight",51.3
"Female","bmi",21.4
"Female","height",163
"Female","weight",64
"Female","bmi",24.1
"Female","height",173
"Female","weight",66
"Female","bmi",22.1
"Female","height",170
"Female","weight",73.5
"Female","bmi",25.4
"Female","height",178
"Female","weight",71.8
"Female","bmi",22.7
"Female","height",155
"Female","weight",59.6
"Female","bmi",24.8
"Female","height",160
"Female","weight",65
"Female","bmi",25.4
"Female","height",172
"Female","weight",80.5
"Female","bmi",27.2
"Female","height",156
"Female","weight",55.7
"Female","bmi",22.9
"Female","height",168
"Female","weight",70.9
"Female","bmi",25.1
"Female","height",176
"Female","weight",76
"Female","bmi",24.5
"Female","height",154
"Female","weight",57.8
"Female","bmi",24.4
"Female","height",157
"Female","weight",64.2
"Female","bmi",26
"Female","height",162
"Female","weight",63.4
"Female","bmi",24.2
"Female","height",158
"Female","weight",49.1
"Female","bmi",19.7
"Female","height",166
"Female","weight",65.2
"Female","bmi",23.7
"Female","height",166
"Female","weight",68.7
"Female","bmi",24.9
"Female","height",166
"Female","weight",65.7
"Female","bmi",23.8
"Female","height",167
"Female","weight",74.9
"Female","bmi",26.9
"Female","height",142
"Female","weight",47.1
"Female","bmi",23.4
"Female","height",149
"Female","weight",42.2
"Female","bmi",19
"Female","height",162
"Female","weight",64.6
"Female","bmi",24.6
"Female","height",160
"Female","weight",65.9
"Female","bmi",25.7
"Female","height",165
"Female","weight",65
"Female","bmi",23.9
"Female","height",161
"Female","weight",50.1
"Female","bmi",19.3
"Female","height",163
"Female","weight",65
"Female","bmi",24.5
"Female","height",161
"Female","weight",62.4
"Female","bmi",24.1
"Female","height",168
"Female","weight",69.6
"Female","bmi",24.7
"Female","height",153
"Female","weight",59.3
"Female","bmi",25.3
"Female","height",177
"Female","weight",72.5
"Female","bmi",23.1
"Female","height",171
"Female","weight",73.3
"Female","bmi",25.1
"Female","height",159
"Female","weight",60
"Female","bmi",23.7
"Female","height",165
"Female","weight",61.9
"Female","bmi",22.7
"Female","height",157
"Female","weight",51.6
"Female","bmi",20.9
"Female","height",163
"Female","weight",66.6
"Female","bmi",25.1
"Female","height",155
"Female","weight",53.9
"Female","bmi",22.4
"Female","height",164
"Female","weight",63.9
"Female","bmi",23.8
"Female","height",163
"Female","weight",64
"Female","bmi",24.1
"Female","height",168
"Female","weight",71.9
"Female","bmi",25.5
"Female","height",152
"Female","weight",45.2
"Female","bmi",19.6
"Female","height",163
"Female","weight",61.5
"Female","bmi",23.1
"Female","height",163
"Female","weight",60.9
"Female","bmi",22.9
"Female","height",157
"Female","weight",55.5
"Female","bmi",22.5
"Female","height",163
"Female","weight",63.2
"Female","bmi",23.8
"Female","height",167
"Female","weight",69
"Female","bmi",24.7
"Female","height",160
"Female","weight",55.4
"Female","bmi",21.6
"Female","height",175
"Female","weight",76.2
"Female","bmi",24.9
"Female","height",178
"Female","weight",84.8
"Female","bmi",26.8
"Female","height",158
"Female","weight",65.7
"Female","bmi",26.3
"Female","height",152
"Female","weight",50.8
"Female","bmi",22
"Female","height",160
"Female","weight",55.6
"Female","bmi",21.7
"Female","height",157
"Female","weight",50.1
"Female","bmi",20.3
"Female","height",163
"Female","weight",62.1
"Female","bmi",23.4
"Female","height",154
"Female","weight",56.6
"Female","bmi",23.9
"Female","height",163
"Female","weight",60.3
"Female","bmi",22.7
"Female","height",162
"Female","weight",63.5
"Female","bmi",24.2
"Female","height",168
"Female","weight",69.7
"Female","bmi",24.7
"Female","height",172
"Female","weight",69.3
"Female","bmi",23.4
"Female","height",172
"Female","weight",72.7
"Female","bmi",24.6
"Female","height",148
"Female","weight",43.7
"Female","bmi",20
"Female","height",156
"Female","weight",52.3
"Female","bmi",21.5
"Female","height",160
"Female","weight",68.6
"Female","bmi",26.8
"Female","height",160
"Female","weight",62.7
"Female","bmi",24.5
"Female","height",163
"Female","weight",57.7
"Female","bmi",21.7
"Female","height",159
"Female","weight",65
"Female","bmi",25.7
"Female","height",163
"Female","weight",65.3
"Female","bmi",24.6
"Female","height",167
"Female","weight",75.5
"Female","bmi",27.1
"Female","height",169
"Female","weight",64
"Female","bmi",22.4
"Female","height",158
"Female","weight",55.9
"Female","bmi",22.4
"Female","height",156
"Female","weight",62.2
"Female","bmi",25.6
"Female","height",154
"Female","weight",51.5
"Female","bmi",21.7
"Female","height",154
"Female","weight",49.6
"Female","bmi",20.9
"Female","height",153
"Female","weight",54
"Female","bmi",23.1
"Female","height",144
"Female","weight",44.2
"Female","bmi",21.3
"Female","height",156
"Female","weight",58.2
"Female","bmi",23.9
"Female","height",152
"Female","weight",49.9
"Female","bmi",21.6
"Female","height",177
"Female","weight",78.7
"Female","bmi",25.1
"Female","height",170
"Female","weight",61.7
"Female","bmi",21.3
"Female","height",149
"Female","weight",43.8
"Female","bmi",19.7
"Female","height",154
"Female","weight",53.2
"Female","bmi",22.4
"Female","height",157
"Female","weight",57.8
"Female","bmi",23.4
"Female","height",170
"Female","weight",73.9
"Female","bmi",25.6
"Female","height",155
"Female","weight",59.7
"Female","bmi",24.8
"Female","height",160
"Female","weight",61.1
"Female","bmi",23.9
"Female","height",169
"Female","weight",71.5
"Female","bmi",25
"Female","height",167
"Female","weight",72.5
"Female","bmi",26
"Female","height",154
"Female","weight",45.6
"Female","bmi",19.2
"Female","height",160
"Female","weight",54.9
"Female","bmi",21.4
"Female","height",167
"Female","weight",74.6
"Female","bmi",26.7
"Female","height",150
"Female","weight",41.6
"Female","bmi",18.5
"Female","height",161
"Female","weight",59.6
"Female","bmi",23
"Female","height",169
"Female","weight",68.7
"Female","bmi",24.1
"Female","height",165
"Female","weight",63.5
"Female","bmi",23.3
"Female","height",152
"Female","weight",53.7
"Female","bmi",23.2
"Female","height",158
"Female","weight",58.4
"Female","bmi",23.4
"Female","height",174
"Female","weight",78.5
"Female","bmi",25.9
"Female","height",171
"Female","weight",78.3
"Female","bmi",26.8
"Female","height",159
"Female","weight",57.7
"Female","bmi",22.8
"Female","height",154
"Female","weight",57.1
"Female","bmi",24.1
"Female","height",149
"Female","weight",54.2
"Female","bmi",24.4
"Female","height",165
"Female","weight",62.5
"Female","bmi",23
"Female","height",179
"Female","weight",89
"Female","bmi",27.8
"Female","height",168
"Female","weight",63.7
"Female","bmi",22.6
"Female","height",159
"Female","weight",61.1
"Female","bmi",24.2
"Female","height",154
"Female","weight",53.7
"Female","bmi",22.6
"Female","height",165
"Female","weight",64.9
"Female","bmi",23.8
"Female","height",157
"Female","weight",64.4
"Female","bmi",26.1
"Female","height",165
"Female","weight",67.8
"Female","bmi",24.9
"Female","height",161
"Female","weight",67.6
"Female","bmi",26.1
"Female","height",164
"Female","weight",55.6
"Female","bmi",20.7
"Female","height",157
"Female","weight",67.1
"Female","bmi",27.2
"Female","height",153
"Female","weight",49
"Female","bmi",20.9
"Female","height",151
"Female","weight",41.8
"Female","bmi",18.3
"Female","height",170
"Female","weight",61.2
"Female","bmi",21.2
"Female","height",160
"Female","weight",64
"Female","bmi",25
"Female","height",166
"Female","weight",67.7
"Female","bmi",24.6
"Female","height",160
"Female","weight",65
"Female","bmi",25.4
"Female","height",161
"Female","weight",61.6
"Female","bmi",23.8
"Female","height",166
"Female","weight",69.6
"Female","bmi",25.3
"Female","height",153
"Female","weight",58
"Female","bmi",24.8
"Female","height",173
"Female","weight",72.7
"Female","bmi",24.3
"Female","height",164
"Female","weight",64.4
"Female","bmi",23.9
"Female","height",166
"Female","weight",64.2
"Female","bmi",23.3
"Female","height",160
"Female","weight",59.5
"Female","bmi",23.2
"Female","height",170
"Female","weight",73.3
"Female","bmi",25.4
"Female","height",156
"Female","weight",45.9
"Female","bmi",18.9
"Female","height",165
"Female","weight",60.5
"Female","bmi",22.2
"Female","height",166
"Female","weight",58.6
"Female","bmi",21.3
"Female","height",165
"Female","weight",62.5
"Female","bmi",23
"Female","height",165
"Female","weight",70
"Female","bmi",25.7
"Female","height",153
"Female","weight",53.5
"Female","bmi",22.9
"Female","height",177
"Female","weight",71.2
"Female","bmi",22.7
"Female","height",146
"Female","weight",57.1
"Female","bmi",26.8
"Female","height",156
"Female","weight",58.3
"Female","bmi",24
"Female","height",146
"Female","weight",47.7
"Female","bmi",22.4
"Female","height",167
"Female","weight",65.2
"Female","bmi",23.4
"Female","height",160
"Female","weight",54.7
"Female","bmi",21.4
"Female","height",175
"Female","weight",75.5
"Female","bmi",24.7
"Female","height",163
"Female","weight",66.6
"Female","bmi",25.1
"Female","height",151
"Female","weight",58.5
"Female","bmi",25.7
"Female","height",163
"Female","weight",68.7
"Female","bmi",25.9
"Female","height",167
"Female","weight",72.3
"Female","bmi",25.9
"Female","height",158
"Female","weight",55.6
"Female","bmi",22.3
"Female","height",160
"Female","weight",55.8
"Female","bmi",21.8
"Female","height",154
"Female","weight",51.1
"Female","bmi",21.5
"Female","height",154
"Female","weight",52.1
"Female","bmi",22
"Female","height",153
"Female","weight",52.7
"Female","bmi",22.5
"Female","height",149
"Female","weight",43.4
"Female","bmi",19.5
"Female","height",163
"Female","weight",67.2
"Female","bmi",25.3
"Female","height",154
"Female","weight",51.4
"Female","bmi",21.7
"Female","height",168
"Female","weight",68.6
"Female","bmi",24.3
"Female","height",167
"Female","weight",65.4
"Female","bmi",23.5
"Female","height",156
"Female","weight",58.9
"Female","bmi",24.2
"Female","height",161
"Female","weight",68.3
"Female","bmi",26.3
"Female","height",157
"Female","weight",56.8
"Female","bmi",23
"Female","height",163
"Female","weight",61.6
"Female","bmi",23.2
"Female","height",164
"Female","weight",67.3
"Female","bmi",25
"Female","height",161
"Female","weight",61.2
"Female","bmi",23.6
"Female","height",159
"Female","weight",50.4
"Female","bmi",19.9
"Female","height",160
"Female","weight",56.4
"Female","bmi",22
"Female","height",159
"Female","weight",56.2
"Female","bmi",22.2
"Female","height",151
"Female","weight",50.7
"Female","bmi",22.2
"Female","height",164
"Female","weight",57.9
"Female","bmi",21.5
"Female","height",154
"Female","weight",59
"Female","bmi",24.9
"Female","height",162
"Female","weight",61.6
"Female","bmi",23.5
"Female","height",152
"Female","weight",46.6
"Female","bmi",20.2
"Female","height",161
"Female","weight",58.9
"Female","bmi",22.7
"Female","height",174
"Female","weight",77.2
"Female","bmi",25.5
"Female","height",169
"Female","weight",72.4
"Female","bmi",25.3
"Female","height",169
"Female","weight",66.6
"Female","bmi",23.3
"Female","height",165
"Female","weight",62
"Female","bmi",22.8
"Female","height",177
"Female","weight",80.7
"Female","bmi",25.8
"Female","height",160
"Female","weight",59.4
"Female","bmi",23.2
"Female","height",154
"Female","weight",52.1
"Female","bmi",22
"Female","height",150
"Female","weight",46.9
"Female","bmi",20.8
"Female","height",152
"Female","weight",51.9
"Female","bmi",22.5
"Female","height",159
"Female","weight",54.1
"Female","bmi",21.4
"Female","height",156
"Female","weight",55.7
"Female","bmi",22.9
"Female","height",171
"Female","weight",74.6
"Female","bmi",25.5
"Female","height",165
"Female","weight",63.7
"Female","bmi",23.4
"Female","height",159
"Female","weight",55.1
"Female","bmi",21.8
"Female","height",169
"Female","weight",68
"Female","bmi",23.8
"Female","height",158
"Female","weight",50.4
"Female","bmi",20.2
"Female","height",166
"Female","weight",61.9
"Female","bmi",22.5
"Female","height",172
"Female","weight",70.9
"Female","bmi",24
"Female","height",162
"Female","weight",75.3
"Female","bmi",28.7
"Female","height",156
"Female","weight",48.7
"Female","bmi",20
"Female","height",168
"Female","weight",62.8
"Female","bmi",22.3
"Female","height",163
"Female","weight",60.9
"Female","bmi",22.9
"Female","height",160
"Female","weight",53
"Female","bmi",20.7
"Female","height",148
"Female","weight",46.2
"Female","bmi",21.1
"Female","height",160
"Female","weight",54.5
"Female","bmi",21.3
"Female","height",151
"Female","weight",50
"Female","bmi",21.9
"Female","height",160
"Female","weight",57.5
"Female","bmi",22.5
"Female","height",161
"Female","weight",59.2
"Female","bmi",22.8
"Female","height",158
"Female","weight",61.9
"Female","bmi",24.8
"Female","height",160
"Female","weight",60
"Female","bmi",23.4
"Female","height",165
"Female","weight",69.7
"Female","bmi",25.6
"Female","height",174
"Female","weight",75.3
"Female","bmi",24.9
"Female","height",160
"Female","weight",59
"Female","bmi",23
"Female","height",161
"Female","weight",56.3
"Female","bmi",21.7
"Female","height",162
"Female","weight",59.4
"Female","bmi",22.6
"Female","height",148
"Female","weight",48.6
"Female","bmi",22.2
"Female","height",147
"Female","weight",39.1
"Female","bmi",18.1
"Female","height",166
"Female","weight",63.1
"Female","bmi",22.9
"Female","height",158
"Female","weight",55.4
"Female","bmi",22.2
"Female","height",159
"Female","weight",52.1
"Female","bmi",20.6
"Female","height",162
"Female","weight",63.8
"Female","bmi",24.3
"Female","height",153
"Female","weight",57.9
"Female","bmi",24.7
"Female","height",172
"Female","weight",71.6
"Female","bmi",24.2
"Female","height",148
"Female","weight",38.9
"Female","bmi",17.8
"Female","height",155
"Female","weight",54.6
"Female","bmi",22.7
"Female","height",170
"Female","weight",64.8
"Female","bmi",22.4
"Female","height",154
"Female","weight",48.4
"Female","bmi",20.4
"Female","height",157
"Female","weight",55.9
"Female","bmi",22.7
"Female","height",159
"Female","weight",57.5
"Female","bmi",22.7
"Female","height",157
"Female","weight",53
"Female","bmi",21.5
"Female","height",155
"Female","weight",52.2
"Female","bmi",21.7
"Female","height",168
"Female","weight",73.6
"Female","bmi",26.1
"Female","height",155
"Female","weight",50.3
"Female","bmi",20.9
"Female","height",154
"Female","weight",50.7
"Female","bmi",21.4
"Female","height",168
"Female","weight",69.7
"Female","bmi",24.7
"Female","height",164
"Female","weight",63.1
"Female","bmi",23.5
"Female","height",161
"Female","weight",64.2
"Female","bmi",24.8
"Female","height",158
"Female","weight",59.6
"Female","bmi",23.9
"Female","height",160
"Female","weight",56.7
"Female","bmi",22.1
"Female","height",164
"Female","weight",60.2
"Female","bmi",22.4
"Female","height",164
"Female","weight",60.6
"Female","bmi",22.5
"Female","height",161
"Female","weight",65.6
"Female","bmi",25.3
"Female","height",160
"Female","weight",55.8
"Female","bmi",21.8
"Female","height",161
"Female","weight",66.3
"Female","bmi",25.6
"Female","height",163
"Female","weight",67.9
"Female","bmi",25.6
"Female","height",163
"Female","weight",63
"Female","bmi",23.7
"Female","height",160
"Female","weight",61.7
"Female","bmi",24.1
"Female","height",164
"Female","weight",63.1
"Female","bmi",23.5
"Female","height",164
"Female","weight",63
"Female","bmi",23.4
"Female","height",171
"Female","weight",71.8
"Female","bmi",24.6
"Female","height",162
"Female","weight",57.5
"Female","bmi",21.9
"Female","height",161
"Female","weight",62.3
"Female","bmi",24
"Female","height",151
"Female","weight",46.5
"Female","bmi",20.4
"Female","height",159
"Female","weight",61
"Female","bmi",24.1
"Female","height",153
"Female","weight",52.7
"Female","bmi",22.5
"Female","height",157
"Female","weight",52
"Female","bmi",21.1
"Female","height",155
"Female","weight",48.7
"Female","bmi",20.3
"Female","height",164
"Female","weight",55.1
"Female","bmi",20.5
"Female","height",154
"Female","weight",54.6
"Female","bmi",23
"Female","height",163
"Female","weight",66.5
"Female","bmi",25
"Female","height",164
"Female","weight",73.3
"Female","bmi",27.3
"Female","height",152
"Female","weight",47
"Female","bmi",20.3
"Female","height",166
"Female","weight",63
"Female","bmi",22.9
"Female","height",162
"Female","weight",58.8
"Female","bmi",22.4
"Female","height",160
"Female","weight",64.4
"Female","bmi",25.2
"Female","height",168
"Female","weight",68
"Female","bmi",24.1
"Female","height",168
"Female","weight",73.6
"Female","bmi",26.1
"Female","height",159
"Female","weight",54.6
"Female","bmi",21.6
"Female","height",167
"Female","weight",64.4
"Female","bmi",23.1
"Female","height",155
"Female","weight",62.8
"Female","bmi",26.1
"Female","height",163
"Female","weight",67.7
"Female","bmi",25.5
"Female","height",170
"Female","weight",71.1
"Female","bmi",24.6
"Female","height",169
"Female","weight",60.2
"Female","bmi",21.1
"Female","height",167
"Female","weight",71.7
"Female","bmi",25.7
"Female","height",152
"Female","weight",47.1
"Female","bmi",20.4
"Female","height",163
"Female","weight",65.7
"Female","bmi",24.7
"Female","height",152
"Female","weight",50.1
"Female","bmi",21.7
"Female","height",159
"Female","weight",64.3
"Female","bmi",25.4
"Female","height",167
"Female","weight",56.9
"Female","bmi",20.4
"Female","height",161
"Female","weight",63.3
"Female","bmi",24.4
"Female","height",169
"Female","weight",72.6
"Female","bmi",25.4
"Female","height",164
"Female","weight",65.4
"Female","bmi",24.3
"Female","height",157
"Female","weight",49.9
"Female","bmi",20.2
"Female","height",171
"Female","weight",73.7
"Female","bmi",25.2
"Female","height",161
"Female","weight",53
"Female","bmi",20.4
"Female","height",155
"Female","weight",56.1
"Female","bmi",23.4
"Female","height",163
"Female","weight",60
"Female","bmi",22.6
"Female","height",178
"Female","weight",80.1
"Female","bmi",25.3
"Female","height",174
"Female","weight",69.7
"Female","bmi",23
"Female","height",171
"Female","weight",77.8
"Female","bmi",26.6
"Female","height",163
"Female","weight",75
"Female","bmi",28.2
"Female","height",159
"Female","weight",55.1
"Female","bmi",21.8
"Female","height",161
"Female","weight",65
"Female","bmi",25.1
"Female","height",160
"Female","weight",58.8
"Female","bmi",23
"Female","height",167
"Female","weight",63.3
"Female","bmi",22.7
"Female","height",168
"Female","weight",68.2
"Female","bmi",24.2
"Female","height",168
"Female","weight",76.1
"Female","bmi",27
"Female","height",167
"Female","weight",62.7
"Female","bmi",22.5
"Female","height",159
"Female","weight",61.2
"Female","bmi",24.2
"Female","height",162
"Female","weight",62.6
"Female","bmi",23.9
"Female","height",154
"Female","weight",49.5
"Female","bmi",20.9
"Female","height",161
"Female","weight",51.7
"Female","bmi",19.9
"Female","height",161
"Female","weight",66.2
"Female","bmi",25.5
"Female","height",158
"Female","weight",52.3
"Female","bmi",21
"Female","height",164
"Female","weight",57.9
"Female","bmi",21.5
"Female","height",162
"Female","weight",69.7
"Female","bmi",26.6
"Female","height",158
"Female","weight",52.9
"Female","bmi",21.2
"Female","height",161
"Female","weight",60.6
"Female","bmi",23.4
"Female","height",163
"Female","weight",60.5
"Female","bmi",22.8
"Female","height",162
"Female","weight",51
"Female","bmi",19.4
"Female","height",159
"Female","weight",60.4
"Female","bmi",23.9
"Female","height",169
"Female","weight",66.1
"Female","bmi",23.1
"Female","height",162
"Female","weight",62.2
"Female","bmi",23.7
"Female","height",162
"Female","weight",70.3
"Female","bmi",26.8
"Female","height",164
"Female","weight",62.8
"Female","bmi",23.3
"Female","height",168
"Female","weight",69.8
"Female","bmi",24.7
"Female","height",159
"Female","weight",53.2
"Female","bmi",21
"Female","height",166
"Female","weight",67
"Female","bmi",24.3
"Female","height",155
"Female","weight",50.6
"Female","bmi",21.1
"Female","height",164
"Female","weight",59.4
"Female","bmi",22.1
"Female","height",159
"Female","weight",62.7
"Female","bmi",24.8
"Female","height",155
"Female","weight",52.4
"Female","bmi",21.8
"Female","height",159
"Female","weight",53.4
"Female","bmi",21.1
"Female","height",158
"Female","weight",57.2
"Female","bmi",22.9
"Female","height",168
"Female","weight",76.1
"Female","bmi",27
"Female","height",162
"Female","weight",61.8
"Female","bmi",23.5
"Female","height",167
"Female","weight",70.9
"Female","bmi",25.4
"Female","height",162
"Female","weight",58.3
"Female","bmi",22.2
"Female","height",151
"Female","weight",49.4
"Female","bmi",21.7
"Female","height",162
"Female","weight",58.6
"Female","bmi",22.3
"Female","height",154
"Female","weight",50.1
"Female","bmi",21.1
"Female","height",172
"Female","weight",74.2
"Female","bmi",25.1
"Female","height",152
"Female","weight",53.4
"Female","bmi",23.1
"Female","height",163
"Female","weight",63.2
"Female","bmi",23.8
"Female","height",163
"Female","weight",59.5
"Female","bmi",22.4
"Female","height",154
"Female","weight",53.5
"Female","bmi",22.6
"Female","height",158
"Female","weight",54.4
"Female","bmi",21.8
"Female","height",153
"Female","weight",49.6
"Female","bmi",21.2
"Female","height",151
"Female","weight",45.6
"Female","bmi",20
"Female","height",162
"Female","weight",64.9
"Female","bmi",24.7
"Female","height",164
"Female","weight",63.7
"Female","bmi",23.7
"Female","height",163
"Female","weight",61.6
"Female","bmi",23.2
"Female","height",159
"Female","weight",69.5
"Female","bmi",27.5
"Female","height",158
"Female","weight",62.8
"Female","bmi",25.2
"Female","height",152
"Female","weight",52.1
"Female","bmi",22.6
"Female","height",166
"Female","weight",61.1
"Female","bmi",22.2
"Female","height",169
"Female","weight",71.1
"Female","bmi",24.9
"Female","height",161
"Female","weight",57
"Female","bmi",22
"Female","height",160
"Female","weight",46.4
"Female","bmi",18.1
"Female","height",174
"Female","weight",69.6
"Female","bmi",23
"Female","height",159
"Female","weight",49.3
"Female","bmi",19.5
"Female","height",163
"Female","weight",73.6
"Female","bmi",27.7
"Female","height",157
"Female","weight",57.1
"Female","bmi",23.2
"Female","height",159
"Female","weight",64.1
"Female","bmi",25.4
"Female","height",160
"Female","weight",62.2
"Female","bmi",24.3
"Female","height",148
"Female","weight",51.9
"Female","bmi",23.7
"Female","height",176
"Female","weight",82.4
"Female","bmi",26.6
"Female","height",171
"Female","weight",71.3
"Female","bmi",24.4
"Female","height",160
"Female","weight",58.4
"Female","bmi",22.8
"Female","height",153
"Female","weight",52.8
"Female","bmi",22.6
"Female","height",171
"Female","weight",68.5
"Female","bmi",23.4
"Female","height",176
"Female","weight",82.7
"Female","bmi",26.7
"Female","height",153
"Female","weight",56.2
"Female","bmi",24
"Female","height",159
"Female","weight",52.7
"Female","bmi",20.8
"Female","height",158
"Female","weight",64.5
"Female","bmi",25.8
"Female","height",153
"Female","weight",63.1
"Female","bmi",27
"Female","height",166
"Female","weight",66.6
"Female","bmi",24.2
"Female","height",156
"Female","weight",59.2
"Female","bmi",24.3
"Female","height",153
"Female","weight",57.3
"Female","bmi",24.5
"Female","height",156
"Female","weight",52.7
"Female","bmi",21.7
"Female","height",174
"Female","weight",68.8
"Female","bmi",22.7
"Female","height",173
"Female","weight",71.6
"Female","bmi",23.9
"Female","height",154
"Female","weight",54.9
"Female","bmi",23.1
"Female","height",158
"Female","weight",64.1
"Female","bmi",25.7
"Female","height",153
"Female","weight",45.1
"Female","bmi",19.3
"Female","height",168
"Female","weight",70
"Female","bmi",24.8
"Female","height",167
"Female","weight",62.2
"Female","bmi",22.3
"Female","height",162
"Female","weight",55.1
"Female","bmi",21
"Female","height",158
"Female","weight",60.8
"Female","bmi",24.4
"Female","height",170
"Female","weight",66
"Female","bmi",22.8
"Female","height",159
"Female","weight",51.5
"Female","bmi",20.4
"Female","height",149
"Female","weight",48.6
"Female","bmi",21.9
"Female","height",170
"Female","weight",66.3
"Female","bmi",22.9
"Female","height",166
"Female","weight",68
"Female","bmi",24.7
"Female","height",162
"Female","weight",55.5
"Female","bmi",21.1
"Female","height",161
"Female","weight",61.2
"Female","bmi",23.6
"Female","height",161
"Female","weight",60
"Female","bmi",23.1
"Female","height",168
"Female","weight",68.4
"Female","bmi",24.2
"Female","height",164
"Female","weight",64.8
"Female","bmi",24.1
"Female","height",170
"Female","weight",67.4
"Female","bmi",23.3
"Female","height",165
"Female","weight",58.7
"Female","bmi",21.6
"Female","height",158
"Female","weight",63.2
"Female","bmi",25.3
"Female","height",174
"Female","weight",74.3
"Female","bmi",24.5
"Female","height",156
"Female","weight",61.9
"Female","bmi",25.4
"Female","height",160
"Female","weight",60
"Female","bmi",23.4
"Female","height",158
"Female","weight",60.6
"Female","bmi",24.3
"Female","height",167
"Female","weight",61.1
"Female","bmi",21.9
"Female","height",164
"Female","weight",62.3
"Female","bmi",23.2
"Female","height",165
"Female","weight",70.8
"Female","bmi",26
"Female","height",157
"Female","weight",53.7
"Female","bmi",21.8
"Female","height",164
"Female","weight",61.7
"Female","bmi",22.9
"Female","height",168
"Female","weight",69.1
"Female","bmi",24.5
"Female","height",162
"Female","weight",58
"Female","bmi",22.1
"Female","height",157
"Female","weight",55.1
"Female","bmi",22.4
"Female","height",161
"Female","weight",64.4
"Female","bmi",24.8
"Female","height",162
"Female","weight",62.2
"Female","bmi",23.7
"Female","height",161
"Female","weight",61.1
"Female","bmi",23.6
"Female","height",168
"Female","weight",68.7
"Female","bmi",24.3
"Female","height",158
"Female","weight",50.3
"Female","bmi",20.1
"Female","height",175
"Female","weight",75.1
"Female","bmi",24.5
"Female","height",166
"Female","weight",62.2
"Female","bmi",22.6
"Female","height",152
"Female","weight",49.8
"Female","bmi",21.6
"Female","height",155
"Female","weight",54.8
"Female","bmi",22.8
"Female","height",150
"Female","weight",47.6
"Female","bmi",21.2
"Female","height",157
"Female","weight",52.5
"Female","bmi",21.3
"Female","height",158
"Female","weight",58.3
"Female","bmi",23.4
"Female","height",168
"Female","weight",60
"Female","bmi",21.3
"Female","height",163
"Female","weight",59.6
"Female","bmi",22.4
"Female","height",156
"Female","weight",56.5
"Female","bmi",23.2
"Female","height",157
"Female","weight",60.9
"Female","bmi",24.7
"Female","height",166
"Female","weight",62.3
"Female","bmi",22.6
"Female","height",164
"Female","weight",54.5
"Female","bmi",20.3
"Female","height",163
"Female","weight",65.1
"Female","bmi",24.5
"Female","height",156
"Female","weight",56.9
"Female","bmi",23.4
"Female","height",159
"Female","weight",62.4
"Female","bmi",24.7
"Female","height",153
"Female","weight",50.6
"Female","bmi",21.6
"Female","height",170
"Female","weight",64.8
"Female","bmi",22.4
"Female","height",163
"Female","weight",59.8
"Female","bmi",22.5
"Female","height",153
"Female","weight",58.8
"Female","bmi",25.1
"Female","height",164
"Female","weight",65
"Female","bmi",24.2
"Female","height",164
"Female","weight",66.3
"Female","bmi",24.7
"Female","height",161
"Female","weight",65.3
"Female","bmi",25.2
"Female","height",157
"Female","weight",57.7
"Female","bmi",23.4
"Female","height",158
"Female","weight",60.8
"Female","bmi",24.4
"Female","height",165
"Female","weight",69.2
"Female","bmi",25.4
"Female","height",160
"Female","weight",62
"Female","bmi",24.2
"Female","height",149
"Female","weight",51.6
"Female","bmi",23.2
"Female","height",167
"Female","weight",65.5
"Female","bmi",23.5
"Female","height",158
"Female","weight",60.8
"Female","bmi",24.4
"Female","height",152
"Female","weight",54.2
"Female","bmi",23.5
"Female","height",164
"Female","weight",65.5
"Female","bmi",24.4
"Female","height",165
"Female","weight",71.9
"Female","bmi",26.4
"Female","height",154
"Female","weight",56.1
"Female","bmi",23.7
"Female","height",162
"Female","weight",58.2
"Female","bmi",22.2
"Female","height",173
"Female","weight",82.9
"Female","bmi",27.7
"Female","height",159
"Female","weight",52.6
"Female","bmi",20.8
"Female","height",155
"Female","weight",52.1
"Female","bmi",21.7
"Female","height",161
"Female","weight",55.4
"Female","bmi",21.4
"Female","height",171
"Female","weight",70.8
"Female","bmi",24.2
"Female","height",148
"Female","weight",53.1
"Female","bmi",24.2
"Female","height",173
"Female","weight",77.9
"Female","bmi",26
"Female","height",152
"Female","weight",60.5
"Female","bmi",26.2
"Female","height",163
"Female","weight",66.6
"Female","bmi",25.1
"Female","height",176
"Female","weight",74.6
"Female","bmi",24.1
"Female","height",167
"Female","weight",63.5
"Female","bmi",22.8
"Female","height",169
"Female","weight",69.6
"Female","bmi",24.4
"Female","height",164
"Female","weight",61.6
"Female","bmi",22.9
"Female","height",160
"Female","weight",64.7
"Female","bmi",25.3
"Female","height",145
"Female","weight",48.6
"Female","bmi",23.1
"Female","height",157
"Female","weight",51.3
"Female","bmi",20.8
"Female","height",172
"Female","weight",69.2
"Female","bmi",23.4
"Female","height",166
"Female","weight",70.4
"Female","bmi",25.5
"Female","height",160
"Female","weight",54.4
"Female","bmi",21.2
"Female","height",161
"Female","weight",60
"Female","bmi",23.1
"Female","height",152
"Female","weight",56
"Female","bmi",24.2
"Female","height",171
"Female","weight",71.1
"Female","bmi",24.3
"Female","height",161
"Female","weight",58.6
"Female","bmi",22.6
"Female","height",162
"Female","weight",66
"Female","bmi",25.1
"Female","height",162
"Female","weight",59.9
"Female","bmi",22.8
"Female","height",159
"Female","weight",66.6
"Female","bmi",26.3
"Female","height",149
"Female","weight",51.7
"Female","bmi",23.3
"Female","height",158
"Female","weight",52.8
"Female","bmi",21.2
"Female","height",165
"Female","weight",67.7
"Female","bmi",24.9
"Female","height",164
"Female","weight",61
"Female","bmi",22.7
"Female","height",158
"Female","weight",60.7
"Female","bmi",24.3
"Female","height",153
"Female","weight",53.8
"Female","bmi",23
"Female","height",144
"Female","weight",44.1
"Female","bmi",21.3
"Female","height",159
"Female","weight",60
"Female","bmi",23.7
"Female","height",166
"Female","weight",68.9
"Female","bmi",25
"Female","height",157
"Female","weight",52.6
"Female","bmi",21.3
"Female","height",139
"Female","weight",32.4
"Female","bmi",16.8
"Female","height",142
"Female","weight",49
"Female","bmi",24.3
"Female","height",158
"Female","weight",59
"Female","bmi",23.6
"Female","height",159
"Female","weight",57.2
"Female","bmi",22.6
"Female","height",159
"Female","weight",64.8
"Female","bmi",25.6
"Female","height",153
"Female","weight",44.8
"Female","bmi",19.1
"Female","height",157
"Female","weight",61.1
"Female","bmi",24.8
"Female","height",171
"Female","weight",74.8
"Female","bmi",25.6
"Female","height",175
"Female","weight",80
"Female","bmi",26.1
"Female","height",154
"Female","weight",46.5
"Female","bmi",19.6
"Female","height",162
"Female","weight",66
"Female","bmi",25.1
"Female","height",167
"Female","weight",65.4
"Female","bmi",23.5
"Female","height",153
"Female","weight",49.5
"Female","bmi",21.1
"Female","height",160
"Female","weight",53.6
"Female","bmi",20.9
"Female","height",169
"Female","weight",66.7
"Female","bmi",23.4
"Female","height",159
"Female","weight",50
"Female","bmi",19.8
"Female","height",166
"Female","weight",63.8
"Female","bmi",23.2
"Female","height",157
"Female","weight",56.6
"Female","bmi",23
"Female","height",172
"Female","weight",71.5
"Female","bmi",24.2
"Female","height",156
"Female","weight",53.1
"Female","bmi",21.8
"Female","height",162
"Female","weight",68
"Female","bmi",25.9
"Female","height",168
"Female","weight",69.5
"Female","bmi",24.6
"Female","height",173
"Female","weight",73.9
"Female","bmi",24.7
"Female","height",169
"Female","weight",73.6
"Female","bmi",25.8
"Female","height",163
"Female","weight",67.4
"Female","bmi",25.4
"Female","height",171
"Female","weight",73.7
"Female","bmi",25.2
"Female","height",157
"Female","weight",48.4
"Female","bmi",19.6
"Female","height",157
"Female","weight",53.5
"Female","bmi",21.7
"Female","height",158
"Female","weight",46.8
"Female","bmi",18.7
"Female","height",163
"Female","weight",57.4
"Female","bmi",21.6
"Female","height",176
"Female","weight",75.2
"Female","bmi",24.3
"Female","height",161
"Female","weight",62.8
"Female","bmi",24.2
"Female","height",167
"Female","weight",68.5
"Female","bmi",24.6
"Female","height",161
"Female","weight",63
"Female","bmi",24.3
"Female","height",168
"Female","weight",67.1
"Female","bmi",23.8
"Female","height",175
"Female","weight",76.6
"Female","bmi",25
"Female","height",164
"Female","weight",69.2
"Female","bmi",25.7
"Female","height",164
"Female","weight",69.4
"Female","bmi",25.8
"Female","height",167
"Female","weight",70
"Female","bmi",25.1
"Female","height",168
"Female","weight",65.9
"Female","bmi",23.3
"Female","height",165
"Female","weight",71.5
"Female","bmi",26.3
"Female","height",167
"Female","weight",69.3
"Female","bmi",24.8
"Female","height",169
"Female","weight",67.3
"Female","bmi",23.6
"Female","height",157
"Female","weight",59.3
"Female","bmi",24.1
"Female","height",168
"Female","weight",72.7
"Female","bmi",25.8
"Female","height",171
"Female","weight",72.7
"Female","bmi",24.9
"Female","height",145
"Female","weight",40.4
"Female","bmi",19.2
"Female","height",163
"Female","weight",71.5
"Female","bmi",26.9
"Female","height",161
"Female","weight",63.7
"Female","bmi",24.6
"Female","height",147
"Female","weight",41.8
"Female","bmi",19.3
"Female","height",159
"Female","weight",58.8
"Female","bmi",23.3
"Female","height",171
"Female","weight",66.4
"Female","bmi",22.7
"Female","height",175
"Female","weight",74.2
"Female","bmi",24.2
"Female","height",158
"Female","weight",59.3
"Female","bmi",23.8
"Female","height",165
"Female","weight",72.4
"Female","bmi",26.6
"Female","height",158
"Female","weight",55.7
"Female","bmi",22.3
"Female","height",179
"Female","weight",83.1
"Female","bmi",25.9
"Female","height",166
"Female","weight",63.8
"Female","bmi",23.2
"Female","height",161
"Female","weight",61
"Female","bmi",23.5
"Female","height",168
"Female","weight",72
"Female","bmi",25.5
"Female","height",168
"Female","weight",60.2
"Female","bmi",21.3
"Female","height",161
"Female","weight",54.1
"Female","bmi",20.9
"Female","height",164
"Female","weight",53.2
"Female","bmi",19.8
"Female","height",178
"Female","weight",85.6
"Female","bmi",27
"Female","height",177
"Female","weight",72.4
"Female","bmi",23.1
"Female","height",157
"Female","weight",50.3
"Female","bmi",20.4
"Female","height",163
"Female","weight",71.8
"Female","bmi",27
"Female","height",159
"Female","weight",57.2
"Female","bmi",22.6
"Female","height",163
"Female","weight",56.7
"Female","bmi",21.3
"Female","height",160
"Female","weight",56.6
"Female","bmi",22.1
"Female","height",158
"Female","weight",55.6
"Female","bmi",22.3
"Female","height",160
"Female","weight",60.8
"Female","bmi",23.7
"Female","height",157
"Female","weight",59.4
"Female","bmi",24.1
"Female","height",150
"Female","weight",52.4
"Female","bmi",23.3
"Female","height",169
"Female","weight",68.1
"Female","bmi",23.8
"Female","height",165
"Female","weight",67.7
"Female","bmi",24.9
"Female","height",154
"Female","weight",59.3
"Female","bmi",25
"Female","height",159
"Female","weight",56.2
"Female","bmi",22.2
"Female","height",155
"Female","weight",48
"Female","bmi",20
"Female","height",175
"Female","weight",80.9
"Female","bmi",26.4
"Female","height",162
"Female","weight",65.5
"Female","bmi",25
"Female","height",163
"Female","weight",66
"Female","bmi",24.8
"Female","height",164
"Female","weight",69.4
"Female","bmi",25.8
"Female","height",144
"Female","weight",43.2
"Female","bmi",20.8
"Female","height",170
"Female","weight",68.8
"Female","bmi",23.8
"Female","height",175
"Female","weight",83.3
"Female","bmi",27.2
"Female","height",152
"Female","weight",45.5
"Female","bmi",19.7
"Female","height",164
"Female","weight",59.7
"Female","bmi",22.2
"Female","height",156
"Female","weight",62.2
"Female","bmi",25.6
"Female","height",160
"Female","weight",63.8
"Female","bmi",24.9
"Female","height",147
"Female","weight",45.6
"Female","bmi",21.1
"Female","height",169
"Female","weight",65
"Female","bmi",22.8
"Female","height",170
"Female","weight",63.5
"Female","bmi",22
"Female","height",168
"Female","weight",62.5
"Female","bmi",22.1
"Female","height",164
"Female","weight",67.4
"Female","bmi",25.1
"Female","height",167
"Female","weight",61.7
"Female","bmi",22.1
"Female","height",167
"Female","weight",65.1
"Female","bmi",23.3
"Female","height",153
"Female","weight",51.3
"Female","bmi",21.9
"Female","height",160
"Female","weight",59.3
"Female","bmi",23.2
"Female","height",168
"Female","weight",76
"Female","bmi",26.9
"Female","height",163
"Female","weight",60.3
"Female","bmi",22.7
"Female","height",163
"Female","weight",67.7
"Female","bmi",25.5
"Female","height",163
"Female","weight",62.9
"Female","bmi",23.7
"Female","height",159
"Female","weight",55.5
"Female","bmi",22
"Female","height",161
"Female","weight",61.1
"Female","bmi",23.6
"Female","height",156
"Female","weight",54.3
"Female","bmi",22.3
"Female","height",164
"Female","weight",54.1
"Female","bmi",20.1
"Female","height",162
"Female","weight",57.4
"Female","bmi",21.9
"Female","height",151
"Female","weight",47.8
"Female","bmi",21
"Female","height",168
"Female","weight",65
"Female","bmi",23
"Female","height",164
"Female","weight",66.2
"Female","bmi",24.6
"Female","height",153
"Female","weight",50.8
"Female","bmi",21.7
"Female","height",170
"Female","weight",74.5
"Female","bmi",25.8
"Female","height",160
"Female","weight",60.8
"Female","bmi",23.7
"Female","height",153
"Female","weight",50.2
"Female","bmi",21.4
"Female","height",161
"Female","weight",58.3
"Female","bmi",22.5
"Female","height",160
"Female","weight",53.2
"Female","bmi",20.8
"Female","height",171
"Female","weight",74.9
"Female","bmi",25.6
"Female","height",153
"Female","weight",59.3
"Female","bmi",25.3
"Female","height",175
"Female","weight",69.1
"Female","bmi",22.6
"Female","height",157
"Female","weight",69.6
"Female","bmi",28.2
"Female","height",172
"Female","weight",78.2
"Female","bmi",26.4
"Female","height",158
"Female","weight",56.8
"Female","bmi",22.8
"Female","height",158
"Female","weight",55.2
"Female","bmi",22.1
"Female","height",164
"Female","weight",60.1
"Female","bmi",22.3
"Female","height",162
"Female","weight",72.4
"Female","bmi",27.6
"Female","height",162
"Female","weight",63.3
"Female","bmi",24.1
"Female","height",160
"Female","weight",65.5
"Female","bmi",25.6
"Female","height",161
"Female","weight",65.4
"Female","bmi",25.2
"Female","height",157
"Female","weight",48.3
"Female","bmi",19.6
"Female","height",166
"Female","weight",70.1
"Female","bmi",25.4
"Female","height",157
"Female","weight",53.7
"Female","bmi",21.8
"Female","height",168
"Female","weight",65.9
"Female","bmi",23.3
"Female","height",169
"Female","weight",64.5
"Female","bmi",22.6
"Female","height",161
"Female","weight",59.8
"Female","bmi",23.1
"Female","height",166
"Female","weight",67.2
"Female","bmi",24.4
"Female","height",166
"Female","weight",59.1
"Female","bmi",21.4
"Female","height",171
"Female","weight",70.9
"Female","bmi",24.2
"Female","height",160
"Female","weight",58.9
"Female","bmi",23
"Female","height",158
"Female","weight",55.2
"Female","bmi",22.1
"Female","height",166
"Female","weight",64.8
"Female","bmi",23.5
"Female","height",175
"Female","weight",79.4
"Female","bmi",25.9
"Female","height",173
"Female","weight",72.1
"Female","bmi",24.1
"Female","height",153
"Female","weight",44
"Female","bmi",18.8
"Female","height",156
"Female","weight",54.2
"Female","bmi",22.3
"Female","height",171
"Female","weight",75.7
"Female","bmi",25.9
"Female","height",161
"Female","weight",53.4
"Female","bmi",20.6
"Female","height",167
"Female","weight",54.3
"Female","bmi",19.5
"Female","height",159
"Female","weight",62
"Female","bmi",24.5
"Female","height",162
"Female","weight",62.1
"Female","bmi",23.7
"Female","height",165
"Female","weight",61.2
"Female","bmi",22.5
"Female","height",159
"Female","weight",53.5
"Female","bmi",21.2
"Female","height",152
"Female","weight",46.4
"Female","bmi",20.1
"Female","height",162
"Female","weight",67.6
"Female","bmi",25.8
"Female","height",166
"Female","weight",65.9
"Female","bmi",23.9
"Female","height",167
"Female","weight",62
"Female","bmi",22.2
"Female","height",156
"Female","weight",50
"Female","bmi",20.5
"Female","height",145
"Female","weight",47.2
"Female","bmi",22.4
"Female","height",165
"Female","weight",65
"Female","bmi",23.9
"Female","height",159
"Female","weight",62.2
"Female","bmi",24.6
"Female","height",152
"Female","weight",58.5
"Female","bmi",25.3
"Female","height",169
"Female","weight",67.4
"Female","bmi",23.6
"Female","height",155
"Female","weight",55.9
"Female","bmi",23.3
"Female","height",159
"Female","weight",53.8
"Female","bmi",21.3
"Female","height",166
"Female","weight",70.5
"Female","bmi",25.6
"Female","height",162
"Female","weight",58.2
"Female","bmi",22.2
"Female","height",150
"Female","weight",41.9
"Female","bmi",18.6
"Female","height",152
"Female","weight",63.3
"Female","bmi",27.4
"Female","height",164
"Female","weight",66.6
"Female","bmi",24.8
"Female","height",159
"Female","weight",58
"Female","bmi",22.9
"Female","height",163
"Female","weight",55.5
"Female","bmi",20.9
"Female","height",166
"Female","weight",58.5
"Female","bmi",21.2
"Female","height",158
"Female","weight",67.5
"Female","bmi",27
"Female","height",165
"Female","weight",62.1
"Female","bmi",22.8
"Female","height",161
"Female","weight",65.4
"Female","bmi",25.2
"Female","height",175
"Female","weight",71.5
"Female","bmi",23.3
"Female","height",161
"Female","weight",60.8
"Female","bmi",23.5
"Female","height",165
"Female","weight",62.2
"Female","bmi",22.8
"Female","height",154
"Female","weight",52.8
"Female","bmi",22.3
"Female","height",161
"Female","weight",60.6
"Female","bmi",23.4
"Female","height",157
"Female","weight",53.9
"Female","bmi",21.9
"Female","height",148
"Female","weight",46.3
"Female","bmi",21.1
"Female","height",169
"Female","weight",71.8
"Female","bmi",25.1
"Female","height",149
"Female","weight",58.4
"Female","bmi",26.3
"Female","height",161
"Female","weight",65.2
"Female","bmi",25.2
"Female","height",176
"Female","weight",77
"Female","bmi",24.9
"Female","height",159
"Female","weight",55.6
"Female","bmi",22
"Female","height",160
"Female","weight",42.4
"Female","bmi",16.6
"Female","height",161
"Female","weight",55
"Female","bmi",21.2
"Female","height",168
"Female","weight",70.1
"Female","bmi",24.8
"Female","height",164
"Female","weight",56.7
"Female","bmi",21.1
"Female","height",163
"Female","weight",59.6
"Female","bmi",22.4
"Female","height",162
"Female","weight",59.1
"Female","bmi",22.5
"Female","height",177
"Female","weight",77.1
"Female","bmi",24.6
"Female","height",171
"Female","weight",76.9
"Female","bmi",26.3
"Female","height",160
"Female","weight",57.8
"Female","bmi",22.6
"Female","height",160
"Female","weight",56.4
"Female","bmi",22
"Female","height",168
"Female","weight",70.7
"Female","bmi",25
"Female","height",161
"Female","weight",65.9
"Female","bmi",25.4
"Female","height",166
"Female","weight",70.6
"Female","bmi",25.6
"Female","height",152
"Female","weight",52.5
"Female","bmi",22.7
"Female","height",159
"Female","weight",50.5
"Female","bmi",20
"Female","height",154
"Female","weight",60.7
"Female","bmi",25.6
"Female","height",163
"Female","weight",57.6
"Female","bmi",21.7
"Female","height",158
"Female","weight",55.4
"Female","bmi",22.2
"Female","height",164
"Female","weight",67.2
"Female","bmi",25
"Female","height",153
"Female","weight",57.6
"Female","bmi",24.6
"Female","height",156
"Female","weight",49
"Female","bmi",20.1
"Female","height",164
"Female","weight",63.4
"Female","bmi",23.6
"Female","height",152
"Female","weight",56.9
"Female","bmi",24.6
"Female","height",142
"Female","weight",40.6
"Female","bmi",20.1
"Female","height",171
"Female","weight",71.4
"Female","bmi",24.4
"Female","height",159
"Female","weight",52.1
"Female","bmi",20.6
"Female","height",152
"Female","weight",47.7
"Female","bmi",20.6
"Female","height",168
"Female","weight",64.4
"Female","bmi",22.8
"Female","height",152
"Female","weight",49.7
"Female","bmi",21.5
"Female","height",172
"Female","weight",74.3
"Female","bmi",25.1
"Female","height",155
"Female","weight",49.4
"Female","bmi",20.6
"Female","height",157
"Female","weight",56.1
"Female","bmi",22.8
"Female","height",161
"Female","weight",60.2
"Female","bmi",23.2
"Female","height",156
"Female","weight",63.4
"Female","bmi",26.1
"Female","height",163
"Female","weight",66.1
"Female","bmi",24.9
"Female","height",176
"Female","weight",70.1
"Female","bmi",22.6
"Female","height",156
"Female","weight",55.4
"Female","bmi",22.8
"Female","height",165
"Female","weight",59.2
"Female","bmi",21.7
"Female","height",168
"Female","weight",64.1
"Female","bmi",22.7
"Female","height",163
"Female","weight",60
"Female","bmi",22.6
"Female","height",157
"Female","weight",59.8
"Female","bmi",24.3
"Female","height",162
"Female","weight",58.9
"Female","bmi",22.4
"Female","height",163
"Female","weight",59.2
"Female","bmi",22.3
"Female","height",153
"Female","weight",54.7
"Female","bmi",23.4
"Female","height",168
"Female","weight",71.5
"Female","bmi",25.3
"Female","height",174
"Female","weight",69.7
"Female","bmi",23
"Female","height",164
"Female","weight",54
"Female","bmi",20.1
"Female","height",162
"Female","weight",56.1
"Female","bmi",21.4
"Female","height",147
"Female","weight",53.9
"Female","bmi",24.9
"Female","height",160
"Female","weight",62
"Female","bmi",24.2
"Female","height",159
"Female","weight",59.8
"Female","bmi",23.7
"Female","height",167
"Female","weight",73
"Female","bmi",26.2
"Female","height",153
"Female","weight",61.5
"Female","bmi",26.3
"Female","height",164
"Female","weight",56.5
"Female","bmi",21
"Female","height",164
"Female","weight",68.9
"Female","bmi",25.6
"Female","height",157
"Female","weight",55
"Female","bmi",22.3
"Female","height",160
"Female","weight",57.9
"Female","bmi",22.6
"Female","height",155
"Female","weight",50.5
"Female","bmi",21
"Female","height",161
"Female","weight",58.6
"Female","bmi",22.6
"Female","height",146
"Female","weight",43.7
"Female","bmi",20.5
"Female","height",160
"Female","weight",62
"Female","bmi",24.2
"Female","height",168
"Female","weight",68.7
"Female","bmi",24.3
"Female","height",151
"Female","weight",52.3
"Female","bmi",22.9
"Female","height",162
"Female","weight",53
"Female","bmi",20.2
"Female","height",160
"Female","weight",70
"Female","bmi",27.3
"Female","height",160
"Female","weight",59.9
"Female","bmi",23.4
"Female","height",169
"Female","weight",64.8
"Female","bmi",22.7
"Female","height",165
"Female","weight",67.2
"Female","bmi",24.7
"Female","height",151
"Female","weight",45.7
"Female","bmi",20
"Female","height",175
"Female","weight",74.9
"Female","bmi",24.5
"Female","height",164
"Female","weight",62.6
"Female","bmi",23.3
"Female","height",160
"Female","weight",57.9
"Female","bmi",22.6
"Female","height",170
"Female","weight",72.8
"Female","bmi",25.2
"Female","height",159
"Female","weight",63.5
"Female","bmi",25.1
"Female","height",169
"Female","weight",71
"Female","bmi",24.9
"Female","height",153
"Female","weight",55.8
"Female","bmi",23.8
"Female","height",159
"Female","weight",60.2
"Female","bmi",23.8
"Female","height",171
"Female","weight",73.7
"Female","bmi",25.2
"Female","height",164
"Female","weight",64.5
"Female","bmi",24
"Female","height",158
"Female","weight",54.3
"Female","bmi",21.8
"Female","height",161
"Female","weight",57.3
"Female","bmi",22.1
"Female","height",168
"Female","weight",65.7
"Female","bmi",23.3
"Female","height",152
"Female","weight",58.6
"Female","bmi",25.4
"Female","height",161
"Female","weight",64.6
"Female","bmi",24.9
"Female","height",176
"Female","weight",80.3
"Female","bmi",25.9
"Female","height",168
"Female","weight",62.6
"Female","bmi",22.2
"Female","height",156
"Female","weight",54.2
"Female","bmi",22.3
"Female","height",153
"Female","weight",48.5
"Female","bmi",20.7
"Female","height",161
"Female","weight",63.4
"Female","bmi",24.5
"Female","height",161
"Female","weight",54.8
"Female","bmi",21.1
"Female","height",157
"Female","weight",52.7
"Female","bmi",21.4
"Female","height",169
"Female","weight",72
"Female","bmi",25.2
"Female","height",164
"Female","weight",60.5
"Female","bmi",22.5
"Female","height",155
"Female","weight",54.6
"Female","bmi",22.7
"Female","height",162
"Female","weight",62
"Female","bmi",23.6
"Female","height",156
"Female","weight",55.3
"Female","bmi",22.7
"Female","height",160
"Female","weight",52.8
"Female","bmi",20.6
"Female","height",142
"Female","weight",47.6
"Female","bmi",23.6
"Female","height",161
"Female","weight",57.3
"Female","bmi",22.1
"Female","height",160
"Female","weight",63.2
"Female","bmi",24.7
"Female","height",170
"Female","weight",66.2
"Female","bmi",22.9
"Female","height",165
"Female","weight",72.5
"Female","bmi",26.6
"Female","height",164
"Female","weight",61.1
"Female","bmi",22.7
"Female","height",176
"Female","weight",81.1
"Female","bmi",26.2
"Female","height",156
"Female","weight",50.5
"Female","bmi",20.8
"Female","height",167
"Female","weight",73
"Female","bmi",26.2
"Female","height",174
"Female","weight",79.9
"Female","bmi",26.4
"Female","height",153
"Female","weight",55.7
"Female","bmi",23.8
"Female","height",159
"Female","weight",56.2
"Female","bmi",22.2
"Female","height",167
"Female","weight",68.7
"Female","bmi",24.6
"Female","height",172
"Female","weight",79.3
"Female","bmi",26.8
"Female","height",164
"Female","weight",58.7
"Female","bmi",21.8
"Female","height",155
"Female","weight",56.2
"Female","bmi",23.4
"Female","height",157
"Female","weight",50.3
"Female","bmi",20.4
"Female","height",150
"Female","weight",58.8
"Female","bmi",26.1
"Female","height",160
"Female","weight",50.6
"Female","bmi",19.8
"Female","height",165
"Female","weight",64.5
"Female","bmi",23.7
"Female","height",157
"Female","weight",51.1
"Female","bmi",20.7
"Female","height",149
"Female","weight",46.5
"Female","bmi",20.9
"Female","height",177
"Female","weight",80.6
"Female","bmi",25.7
"Female","height",172
"Female","weight",72.9
"Female","bmi",24.6
"Female","height",158
"Female","weight",61.5
"Female","bmi",24.6
"Female","height",158
"Female","weight",61.8
"Female","bmi",24.8
"Female","height",155
"Female","weight",51.8
"Female","bmi",21.6
"Female","height",168
"Female","weight",66.5
"Female","bmi",23.6
"Female","height",148
"Female","weight",44.6
"Female","bmi",20.4
"Female","height",167
"Female","weight",65.3
"Female","bmi",23.4
"Female","height",169
"Female","weight",67.7
"Female","bmi",23.7
"Female","height",162
"Female","weight",65.3
"Female","bmi",24.9
"Female","height",159
"Female","weight",62.2
"Female","bmi",24.6
"Female","height",166
"Female","weight",72.1
"Female","bmi",26.2
"Female","height",161
"Female","weight",56.6
"Female","bmi",21.8
"Female","height",156
"Female","weight",56.7
"Female","bmi",23.3
"Female","height",163
"Female","weight",66.6
"Female","bmi",25.1
"Female","height",151
"Female","weight",45.4
"Female","bmi",19.9
"Female","height",166
"Female","weight",68
"Female","bmi",24.7
"Female","height",147
"Female","weight",46.9
"Female","bmi",21.7
"Female","height",150
"Female","weight",53
"Female","bmi",23.6
"Female","height",168
"Female","weight",64.7
"Female","bmi",22.9
"Female","height",163
"Female","weight",62
"Female","bmi",23.3
"Female","height",164
"Female","weight",70.3
"Female","bmi",26.1
"Female","height",165
"Female","weight",64.6
"Female","bmi",23.7
"Female","height",154
"Female","weight",51.4
"Female","bmi",21.7
"Female","height",159
"Female","weight",58.9
"Female","bmi",23.3
"Female","height",151
"Female","weight",50.9
"Female","bmi",22.3
"Female","height",149
"Female","weight",42.3
"Female","bmi",19.1
"Female","height",160
"Female","weight",65.9
"Female","bmi",25.7
"Female","height",158
"Female","weight",55.1
"Female","bmi",22.1
"Female","height",163
"Female","weight",76.5
"Female","bmi",28.8
"Female","height",160
"Female","weight",63
"Female","bmi",24.6
"Female","height",159
"Female","weight",56.2
"Female","bmi",22.2
"Female","height",152
"Female","weight",56.6
"Female","bmi",24.5
"Female","height",159
"Female","weight",61.5
"Female","bmi",24.3
"Female","height",148
"Female","weight",40.5
"Female","bmi",18.5
"Female","height",167
"Female","weight",61.5
"Female","bmi",22.1
"Female","height",155
"Female","weight",44.3
"Female","bmi",18.4
"Female","height",160
"Female","weight",62.6
"Female","bmi",24.5
"Female","height",161
"Female","weight",56
"Female","bmi",21.6
"Female","height",160
"Female","weight",61.6
"Female","bmi",24.1
"Female","height",176
"Female","weight",79.8
"Female","bmi",25.8
"Female","height",165
"Female","weight",69.8
"Female","bmi",25.6
"Female","height",159
"Female","weight",49.5
"Female","bmi",19.6
"Female","height",163
"Female","weight",62.2
"Female","bmi",23.4
"Female","height",162
"Female","weight",57
"Female","bmi",21.7
"Female","height",166
"Female","weight",63.8
"Female","bmi",23.2
"Female","height",163
"Female","weight",58.3
"Female","bmi",21.9
"Female","height",174
"Female","weight",71.5
"Female","bmi",23.6
"Female","height",155
"Female","weight",45.9
"Female","bmi",19.1
"Female","height",164
"Female","weight",62.3
"Female","bmi",23.2
"Female","height",176
"Female","weight",82.9
"Female","bmi",26.8
"Female","height",161
"Female","weight",60.9
"Female","bmi",23.5
"Female","height",144
"Female","weight",35.9
"Female","bmi",17.3
"Female","height",162
"Female","weight",60.1
"Female","bmi",22.9
"Female","height",149
"Female","weight",54.2
"Female","bmi",24.4
"Female","height",168
"Female","weight",74.2
"Female","bmi",26.3
"Female","height",160
"Female","weight",61
"Female","bmi",23.8
"Female","height",162
"Female","weight",60.2
"Female","bmi",22.9
"Female","height",159
"Female","weight",58.6
"Female","bmi",23.2
"Female","height",157
"Female","weight",56.2
"Female","bmi",22.8
"Female","height",161
"Female","weight",55.9
"Female","bmi",21.6
"Female","height",155
"Female","weight",54.6
"Female","bmi",22.7
"Female","height",161
"Female","weight",60.4
"Female","bmi",23.3
"Female","height",156
"Female","weight",53.4
"Female","bmi",21.9
"Female","height",159
"Female","weight",55.7
"Female","bmi",22
"Female","height",163
"Female","weight",62.5
"Female","bmi",23.5
"Female","height",167
"Female","weight",71.3
"Female","bmi",25.6
"Female","height",162
"Female","weight",54.8
"Female","bmi",20.9
"Female","height",155
"Female","weight",49.7
"Female","bmi",20.7
"Female","height",151
"Female","weight",48.1
"Female","bmi",21.1
"Female","height",159
"Female","weight",64.8
"Female","bmi",25.6
"Female","height",157
"Female","weight",51.5
"Female","bmi",20.9
"Female","height",157
"Female","weight",59.6
"Female","bmi",24.2
"Female","height",148
"Female","weight",47.7
"Female","bmi",21.8
"Female","height",171
"Female","weight",66.8
"Female","bmi",22.8
"Female","height",158
"Female","weight",54.3
"Female","bmi",21.8
"Female","height",166
"Female","weight",72.2
"Female","bmi",26.2
"Female","height",159
"Female","weight",58.1
"Female","bmi",23
"Female","height",164
"Female","weight",73.7
"Female","bmi",27.4
"Female","height",161
"Female","weight",59.9
"Female","bmi",23.1
"Female","height",163
"Female","weight",65.5
"Female","bmi",24.7
"Female","height",160
"Female","weight",55.7
"Female","bmi",21.8
"Female","height",157
"Female","weight",50.3
"Female","bmi",20.4
"Female","height",160
"Female","weight",58.4
"Female","bmi",22.8
"Female","height",153
"Female","weight",51.2
"Female","bmi",21.9
"Female","height",157
"Female","weight",64.2
"Female","bmi",26
"Female","height",169
"Female","weight",73.7
"Female","bmi",25.8
"Female","height",156
"Female","weight",56.5
"Female","bmi",23.2
"Female","height",159
"Female","weight",64.1
"Female","bmi",25.4
"Female","height",158
"Female","weight",54.2
"Female","bmi",21.7
"Female","height",157
"Female","weight",55.6
"Female","bmi",22.6
"Female","height",165
"Female","weight",62.8
"Female","bmi",23.1
"Female","height",150
"Female","weight",50.5
"Female","bmi",22.4
"Female","height",161
"Female","weight",61.9
"Female","bmi",23.9
"Female","height",158
"Female","weight",56.3
"Female","bmi",22.6
"Female","height",167
"Female","weight",70.7
"Female","bmi",25.4
"Female","height",165
"Female","weight",64.2
"Female","bmi",23.6
"Female","height",169
"Female","weight",55.7
"Female","bmi",19.5
"Female","height",156
"Female","weight",51.5
"Female","bmi",21.2
"Female","height",161
"Female","weight",55.8
"Female","bmi",21.5
"Female","height",164
"Female","weight",65.2
"Female","bmi",24.2
"Female","height",176
"Female","weight",82.5
"Female","bmi",26.6
"Female","height",158
"Female","weight",48.5
"Female","bmi",19.4
"Female","height",162
"Female","weight",57.6
"Female","bmi",21.9
"Female","height",172
"Female","weight",79.1
"Female","bmi",26.7
"Female","height",170
"Female","weight",69.9
"Female","bmi",24.2
"Female","height",154
"Female","weight",60.6
"Female","bmi",25.6
"Female","height",157
"Female","weight",64.2
"Female","bmi",26
"Female","height",169
"Female","weight",66.5
"Female","bmi",23.3
"Female","height",174
"Female","weight",77.8
"Female","bmi",25.7
"Female","height",173
"Female","weight",65.5
"Female","bmi",21.9
"Female","height",155
"Female","weight",49.2
"Female","bmi",20.5
"Female","height",161
"Female","weight",66
"Female","bmi",25.5
"Female","height",168
"Female","weight",67.4
"Female","bmi",23.9
"Female","height",168
"Female","weight",65
"Female","bmi",23
"Female","height",164
"Female","weight",75.8
"Female","bmi",28.2
"Female","height",171
"Female","weight",72.6
"Female","bmi",24.8
"Female","height",157
"Female","weight",51.3
"Female","bmi",20.8
"Female","height",166
"Female","weight",61.4
"Female","bmi",22.3
"Female","height",153
"Female","weight",59.3
"Female","bmi",25.3
"Female","height",161
"Female","weight",57.7
"Female","bmi",22.3
"Female","height",158
"Female","weight",53
"Female","bmi",21.2
"Female","height",162
"Female","weight",60
"Female","bmi",22.9
"Female","height",153
"Female","weight",52.5
"Female","bmi",22.4
"Female","height",163
"Female","weight",64
"Female","bmi",24.1
"Female","height",163
"Female","weight",62.9
"Female","bmi",23.7
"Female","height",154
"Female","weight",49.5
"Female","bmi",20.9
"Female","height",162
"Female","weight",60.3
"Female","bmi",23
"Female","height",162
"Female","weight",61.1
"Female","bmi",23.3
"Female","height",155
"Female","weight",47.4
"Female","bmi",19.7
"Female","height",163
"Female","weight",69.4
"Female","bmi",26.1
"Female","height",158
"Female","weight",56.8
"Female","bmi",22.8
"Female","height",158
"Female","weight",65.4
"Female","bmi",26.2
"Female","height",152
"Female","weight",46.1
"Female","bmi",20
"Female","height",162
"Female","weight",61.4
"Female","bmi",23.4
"Female","height",165
"Female","weight",64.1
"Female","bmi",23.5
"Female","height",159
"Female","weight",60.1
"Female","bmi",23.8
"Female","height",153
"Female","weight",46.3
"Female","bmi",19.8
"Female","height",164
"Female","weight",62.2
"Female","bmi",23.1
"Female","height",156
"Female","weight",67.2
"Female","bmi",27.6
"Female","height",164
"Female","weight",70.3
"Female","bmi",26.1
"Female","height",156
"Female","weight",54.8
"Female","bmi",22.5
"Female","height",164
"Female","weight",61.3
"Female","bmi",22.8
"Female","height",163
"Female","weight",60.5
"Female","bmi",22.8
"Female","height",175
"Female","weight",81.1
"Female","bmi",26.5
"Female","height",163
"Female","weight",66.5
"Female","bmi",25
"Female","height",161
"Female","weight",67
"Female","bmi",25.8
"Female","height",166
"Female","weight",62.9
"Female","bmi",22.8
"Female","height",169
"Female","weight",62.3
"Female","bmi",21.8
"Female","height",157
"Female","weight",53.1
"Female","bmi",21.5
"Female","height",165
"Female","weight",69.4
"Female","bmi",25.5
"Female","height",154
"Female","weight",53.6
"Female","bmi",22.6
"Female","height",177
"Female","weight",74.3
"Female","bmi",23.7
"Female","height",168
"Female","weight",71.6
"Female","bmi",25.4
"Female","height",166
"Female","weight",65
"Female","bmi",23.6
"Female","height",150
"Female","weight",49.8
"Female","bmi",22.1
"Female","height",166
"Female","weight",64.2
"Female","bmi",23.3
"Female","height",153
"Female","weight",52.3
"Female","bmi",22.3
"Female","height",164
"Female","weight",72.3
"Female","bmi",26.9
"Female","height",151
"Female","weight",49.8
"Female","bmi",21.8
"Female","height",165
"Female","weight",62.5
"Female","bmi",23
"Female","height",167
"Female","weight",56
"Female","bmi",20.1
"Female","height",170
"Female","weight",65
"Female","bmi",22.5
"Female","height",162
"Female","weight",61.6
"Female","bmi",23.5
"Female","height",147
"Female","weight",40.7
"Female","bmi",18.8
"Female","height",175
"Female","weight",79.2
"Female","bmi",25.9
"Female","height",168
"Female","weight",68.4
"Female","bmi",24.2
"Female","height",163
"Female","weight",55.2
"Female","bmi",20.8
"Female","height",169
"Female","weight",68.5
"Female","bmi",24
"Female","height",170
"Female","weight",70.8
"Female","bmi",24.5
"Female","height",169
"Female","weight",73.8
"Female","bmi",25.8
"Female","height",162
"Female","weight",63.1
"Female","bmi",24
"Female","height",145
"Female","weight",42.8
"Female","bmi",20.4
"Female","height",170
"Female","weight",57.7
"Female","bmi",20
"Female","height",154
"Female","weight",54.9
"Female","bmi",23.1
"Female","height",172
"Female","weight",77
"Female","bmi",26
"Female","height",160
"Female","weight",53.1
"Female","bmi",20.7
"Female","height",152
"Female","weight",47.9
"Female","bmi",20.7
"Female","height",156
"Female","weight",57.3
"Female","bmi",23.5
"Female","height",168
"Female","weight",66.8
"Female","bmi",23.7
"Female","height",167
"Female","weight",66.7
"Female","bmi",23.9
"Female","height",158
"Female","weight",52.5
"Female","bmi",21
"Female","height",170
"Female","weight",63.9
"Female","bmi",22.1
"Female","height",158
"Female","weight",56.8
"Female","bmi",22.8
"Female","height",153
"Female","weight",57.6
"Female","bmi",24.6
"Female","height",165
"Female","weight",63.7
"Female","bmi",23.4
"Female","height",157
"Female","weight",60.9
"Female","bmi",24.7
"Female","height",173
"Female","weight",78.1
"Female","bmi",26.1
"Female","height",165
"Female","weight",65.1
"Female","bmi",23.9
"Female","height",165
"Female","weight",68.6
"Female","bmi",25.2
"Female","height",165
"Female","weight",68.5
"Female","bmi",25.2
"Female","height",166
"Female","weight",68.2
"Female","bmi",24.7
"Female","height",174
"Female","weight",72.2
"Female","bmi",23.8
"Female","height",169
"Female","weight",58.7
"Female","bmi",20.6
"Female","height",147
"Female","weight",51
"Female","bmi",23.6
"Female","height",160
"Female","weight",59.6
"Female","bmi",23.3
"Female","height",152
"Female","weight",57.6
"Female","bmi",24.9
"Female","height",148
"Female","weight",52.8
"Female","bmi",24.1
"Female","height",147
"Female","weight",44.3
"Female","bmi",20.5
"Female","height",149
"Female","weight",49.2
"Female","bmi",22.2
"Female","height",166
"Female","weight",64.7
"Female","bmi",23.5
"Female","height",166
"Female","weight",66.7
"Female","bmi",24.2
"Female","height",160
"Female","weight",52.6
"Female","bmi",20.5
"Female","height",167
"Female","weight",62.5
"Female","bmi",22.4
"Female","height",169
"Female","weight",69.3
"Female","bmi",24.3
"Female","height",162
"Female","weight",59.6
"Female","bmi",22.7
"Female","height",151
"Female","weight",48.7
"Female","bmi",21.4
"Female","height",162
"Female","weight",67.3
"Female","bmi",25.6
"Female","height",158
"Female","weight",51.7
"Female","bmi",20.7
"Female","height",163
"Female","weight",62
"Female","bmi",23.3
"Female","height",165
"Female","weight",63.1
"Female","bmi",23.2
"Female","height",159
"Female","weight",61.5
"Female","bmi",24.3
"Female","height",156
"Female","weight",61.3
"Female","bmi",25.2
"Female","height",161
"Female","weight",63
"Female","bmi",24.3
"Female","height",161
"Female","weight",65.7
"Female","bmi",25.3
"Female","height",153
"Female","weight",49.6
"Female","bmi",21.2
"Female","height",172
"Female","weight",77.9
"Female","bmi",26.3
"Female","height",160
"Female","weight",66.2
"Female","bmi",25.9
"Female","height",161
"Female","weight",67
"Female","bmi",25.8
"Female","height",159
"Female","weight",52.7
"Female","bmi",20.8
"Female","height",159
"Female","weight",54.8
"Female","bmi",21.7
"Female","height",162
"Female","weight",53.3
"Female","bmi",20.3
"Female","height",161
"Female","weight",57.2
"Female","bmi",22.1
"Female","height",149
"Female","weight",59.6
"Female","bmi",26.8
"Female","height",165
"Female","weight",72.9
"Female","bmi",26.8
"Female","height",162
"Female","weight",65.3
"Female","bmi",24.9
"Female","height",166
"Female","weight",65.5
"Female","bmi",23.8
"Female","height",166
"Female","weight",56.8
"Female","bmi",20.6
"Female","height",164
"Female","weight",68.6
"Female","bmi",25.5
"Female","height",154
"Female","weight",56.9
"Female","bmi",24
"Female","height",165
"Female","weight",69.4
"Female","bmi",25.5
"Female","height",170
"Female","weight",75
"Female","bmi",26
"Female","height",184
"Female","weight",80.7
"Female","bmi",23.8
"Female","height",166
"Female","weight",79.1
"Female","bmi",28.7
"Female","height",154
"Female","weight",49.3
"Female","bmi",20.8
"Female","height",157
"Female","weight",61.1
"Female","bmi",24.8
"Female","height",166
"Female","weight",77.6
"Female","bmi",28.2
"Female","height",162
"Female","weight",60.7
"Female","bmi",23.1
"Female","height",163
"Female","weight",65.4
"Female","bmi",24.6
"Female","height",157
"Female","weight",60.3
"Female","bmi",24.5
"Female","height",162
"Female","weight",58.1
"Female","bmi",22.1
"Female","height",150
"Female","weight",48.2
"Female","bmi",21.4
"Female","height",165
"Female","weight",66.2
"Female","bmi",24.3
"Female","height",166
"Female","weight",68.2
"Female","bmi",24.7
"Female","height",157
"Female","weight",58.3
"Female","bmi",23.7
"Female","height",144
"Female","weight",45.3
"Female","bmi",21.8
"Female","height",150
"Female","weight",46.7
"Female","bmi",20.8
"Female","height",161
"Female","weight",57.8
"Female","bmi",22.3
"Female","height",154
"Female","weight",50.4
"Female","bmi",21.3
"Female","height",160
"Female","weight",58.7
"Female","bmi",22.9
"Female","height",177
"Female","weight",73.8
"Female","bmi",23.6
"Female","height",169
"Female","weight",74.8
"Female","bmi",26.2
"Female","height",155
"Female","weight",51.9
"Female","bmi",21.6
"Female","height",169
"Female","weight",67.8
"Female","bmi",23.7
"Female","height",171
"Female","weight",65.5
"Female","bmi",22.4
"Female","height",164
"Female","weight",73.7
"Female","bmi",27.4
"Female","height",161
"Female","weight",57.5
"Female","bmi",22.2
"Female","height",168
"Female","weight",67.8
"Female","bmi",24
"Female","height",158
"Female","weight",53.4
"Female","bmi",21.4
"Female","height",162
"Female","weight",66.4
"Female","bmi",25.3
"Female","height",161
"Female","weight",54.9
"Female","bmi",21.2
"Female","height",166
"Female","weight",60.6
"Female","bmi",22
"Female","height",158
"Female","weight",51.7
"Female","bmi",20.7
"Female","height",162
"Female","weight",54.7
"Female","bmi",20.8
"Female","height",168
"Female","weight",71.9
"Female","bmi",25.5
"Female","height",166
"Female","weight",71.7
"Female","bmi",26
"Female","height",151
"Female","weight",56.3
"Female","bmi",24.7
"Female","height",165
"Female","weight",59
"Female","bmi",21.7
"Female","height",160
"Female","weight",57.5
"Female","bmi",22.5
"Female","height",166
"Female","weight",71.7
"Female","bmi",26
"Female","height",153
"Female","weight",52.4
"Female","bmi",22.4
"Female","height",150
"Female","weight",48.1
"Female","bmi",21.4
"Female","height",163
"Female","weight",63.4
"Female","bmi",23.9
"Female","height",159
"Female","weight",56.3
"Female","bmi",22.3
"Female","height",167
"Female","weight",69.8
"Female","bmi",25
"Female","height",163
"Female","weight",61.3
"Female","bmi",23.1
"Female","height",173
"Female","weight",71.7
"Female","bmi",24
"Female","height",162
"Female","weight",65.2
"Female","bmi",24.8
"Female","height",155
"Female","weight",48.5
"Female","bmi",20.2
"Female","height",156
"Female","weight",52.5
"Female","bmi",21.6
"Female","height",160
"Female","weight",53.5
"Female","bmi",20.9
"Female","height",173
"Female","weight",68.1
"Female","bmi",22.8
"Female","height",154
"Female","weight",57
"Female","bmi",24
"Female","height",146
"Female","weight",44.7
"Female","bmi",21
"Female","height",149
"Female","weight",54.5
"Female","bmi",24.5
"Female","height",159
"Female","weight",45.5
"Female","bmi",18
"Female","height",164
"Female","weight",69.7
"Female","bmi",25.9
"Female","height",160
"Female","weight",58.3
"Female","bmi",22.8
"Female","height",170
"Female","weight",65.5
"Female","bmi",22.7
"Female","height",156
"Female","weight",48.2
"Female","bmi",19.8
"Female","height",169
"Female","weight",70.5
"Female","bmi",24.7
"Female","height",162
"Female","weight",66.2
"Female","bmi",25.2
"Female","height",160
"Female","weight",61.8
"Female","bmi",24.1
"Female","height",157
"Female","weight",52.4
"Female","bmi",21.3
"Female","height",168
"Female","weight",66
"Female","bmi",23.4
"Female","height",157
"Female","weight",53.4
"Female","bmi",21.7
"Female","height",155
"Female","weight",51.7
"Female","bmi",21.5
"Female","height",158
"Female","weight",59.8
"Female","bmi",24
"Female","height",171
"Female","weight",76.5
"Female","bmi",26.2
"Female","height",171
"Female","weight",72.7
"Female","bmi",24.9
"Female","height",167
"Female","weight",64.5
"Female","bmi",23.1
"Female","height",164
"Female","weight",57.4
"Female","bmi",21.3
"Female","height",171
"Female","weight",69.8
"Female","bmi",23.9
"Female","height",164
"Female","weight",65.2
"Female","bmi",24.2
"Female","height",168
"Female","weight",63.6
"Female","bmi",22.5
"Female","height",157
"Female","weight",60.1
"Female","bmi",24.4
"Female","height",165
"Female","weight",56.1
"Female","bmi",20.6
"Female","height",161
"Female","weight",63.7
"Female","bmi",24.6
"Female","height",157
"Female","weight",55.8
"Female","bmi",22.6
"Female","height",163
"Female","weight",62.1
"Female","bmi",23.4
"Female","height",168
"Female","weight",57.3
"Female","bmi",20.3
"Female","height",159
"Female","weight",57.3
"Female","bmi",22.7
"Female","height",158
"Female","weight",63.1
"Female","bmi",25.3
"Female","height",157
"Female","weight",64.3
"Female","bmi",26.1
"Female","height",160
"Female","weight",56.7
"Female","bmi",22.1
"Female","height",161
"Female","weight",68.6
"Female","bmi",26.5
"Female","height",162
"Female","weight",55.7
"Female","bmi",21.2
"Female","height",149
"Female","weight",48.1
"Female","bmi",21.7
"Female","height",166
"Female","weight",66.7
"Female","bmi",24.2
"Female","height",161
"Female","weight",58.7
"Female","bmi",22.6
"Female","height",160
"Female","weight",57.4
"Female","bmi",22.4
"Female","height",158
"Female","weight",57.6
"Female","bmi",23.1
"Female","height",155
"Female","weight",51.2
"Female","bmi",21.3
"Female","height",164
"Female","weight",65.3
"Female","bmi",24.3
"Female","height",170
"Female","weight",65.5
"Female","bmi",22.7
"Female","height",157
"Female","weight",60.1
"Female","bmi",24.4
"Female","height",160
"Female","weight",64.2
"Female","bmi",25.1
"Female","height",171
"Female","weight",67.4
"Female","bmi",23
"Female","height",159
"Female","weight",54.9
"Female","bmi",21.7
"Female","height",173
"Female","weight",78.1
"Female","bmi",26.1
"Female","height",160
"Female","weight",64.3
"Female","bmi",25.1
"Female","height",163
"Female","weight",55
"Female","bmi",20.7
"Female","height",145
"Female","weight",42.5
"Female","bmi",20.2
"Female","height",174
"Female","weight",74.3
"Female","bmi",24.5
"Female","height",159
"Female","weight",66.2
"Female","bmi",26.2
"Female","height",176
"Female","weight",71.2
"Female","bmi",23
"Female","height",160
"Female","weight",62
"Female","bmi",24.2
"Female","height",148
"Female","weight",46.3
"Female","bmi",21.1
"Female","height",166
"Female","weight",56.8
"Female","bmi",20.6
"Female","height",154
"Female","weight",53.1
"Female","bmi",22.4
"Female","height",172
"Female","weight",68.2
"Female","bmi",23.1
"Female","height",164
"Female","weight",62.7
"Female","bmi",23.3
"Female","height",155
"Female","weight",61.4
"Female","bmi",25.6
"Female","height",157
"Female","weight",57.7
"Female","bmi",23.4
"Female","height",170
"Female","weight",67.5
"Female","bmi",23.4
"Female","height",159
"Female","weight",59.5
"Female","bmi",23.5
"Female","height",171
"Female","weight",70.7
"Female","bmi",24.2
"Female","height",165
"Female","weight",69.3
"Female","bmi",25.5
"Female","height",168
"Female","weight",67.5
"Female","bmi",23.9
"Female","height",158
"Female","weight",56.9
"Female","bmi",22.8
"Female","height",163
"Female","weight",51
"Female","bmi",19.2
"Female","height",164
"Female","weight",62.6
"Female","bmi",23.3
"Female","height",158
"Female","weight",67.1
"Female","bmi",26.9
"Female","height",159
"Female","weight",63.7
"Female","bmi",25.2
"Female","height",160
"Female","weight",70.4
"Female","bmi",27.5
"Female","height",163
"Female","weight",68.1
"Female","bmi",25.6
"Female","height",171
"Female","weight",71.1
"Female","bmi",24.3
"Female","height",163
"Female","weight",62.7
"Female","bmi",23.6
"Female","height",168
"Female","weight",70.8
"Female","bmi",25.1
"Female","height",162
"Female","weight",68.6
"Female","bmi",26.1
"Female","height",179
"Female","weight",84.3
"Female","bmi",26.3
"Female","height",168
"Female","weight",65.8
"Female","bmi",23.3
"Female","height",162
"Female","weight",56.8
"Female","bmi",21.6
"Female","height",167
"Female","weight",69.6
"Female","bmi",25
"Female","height",139
"Female","weight",35.7
"Female","bmi",18.5
"Female","height",158
"Female","weight",57.7
"Female","bmi",23.1
"Female","height",171
"Female","weight",77.5
"Female","bmi",26.5
"Female","height",170
"Female","weight",70.2
"Female","bmi",24.3
"Female","height",163
"Female","weight",64.9
"Female","bmi",24.4
"Female","height",148
"Female","weight",48.4
"Female","bmi",22.1
"Female","height",150
"Female","weight",47.2
"Female","bmi",21
"Female","height",166
"Female","weight",61.2
"Female","bmi",22.2
"Female","height",158
"Female","weight",56.4
"Female","bmi",22.6
"Female","height",169
"Female","weight",69.9
"Female","bmi",24.5
"Female","height",172
"Female","weight",67.1
"Female","bmi",22.7
"Female","height",166
"Female","weight",66.7
"Female","bmi",24.2
"Female","height",162
"Female","weight",61.2
"Female","bmi",23.3
"Female","height",170
"Female","weight",82.5
"Female","bmi",28.5
"Female","height",167
"Female","weight",75
"Female","bmi",26.9
"Female","height",158
"Female","weight",54.7
"Female","bmi",21.9
"Female","height",149
"Female","weight",50.1
"Female","bmi",22.6
"Female","height",186
"Female","weight",86.2
"Female","bmi",24.9
"Female","height",163
"Female","weight",63.6
"Female","bmi",23.9
"Female","height",155
"Female","weight",56.5
"Female","bmi",23.5
"Female","height",153
"Female","weight",52.2
"Female","bmi",22.3
"Female","height",169
"Female","weight",69.1
"Female","bmi",24.2
"Female","height",162
"Female","weight",59.6
"Female","bmi",22.7
"Female","height",168
"Female","weight",65.8
"Female","bmi",23.3
"Female","height",157
"Female","weight",60.1
"Female","bmi",24.4
"Female","height",169
"Female","weight",64.8
"Female","bmi",22.7
"Female","height",173
"Female","weight",72
"Female","bmi",24.1
"Female","height",175
"Female","weight",74.4
"Female","bmi",24.3
"Female","height",158
"Female","weight",47.7
"Female","bmi",19.1
"Female","height",160
"Female","weight",66.6
"Female","bmi",26
"Female","height",144
"Female","weight",38.2
"Female","bmi",18.4
"Female","height",163
"Female","weight",58.2
"Female","bmi",21.9
"Female","height",166
"Female","weight",63.2
"Female","bmi",22.9
"Female","height",157
"Female","weight",60.2
"Female","bmi",24.4
"Female","height",173
"Female","weight",69
"Female","bmi",23.1
"Female","height",159
"Female","weight",60.5
"Female","bmi",23.9
"Female","height",157
"Female","weight",53.9
"Female","bmi",21.9
"Female","height",157
"Female","weight",60.2
"Female","bmi",24.4
"Female","height",168
"Female","weight",63.7
"Female","bmi",22.6
"Female","height",171
"Female","weight",70.9
"Female","bmi",24.2
"Female","height",168
"Female","weight",69
"Female","bmi",24.4
"Female","height",164
"Female","weight",64.8
"Female","bmi",24.1
"Female","height",158
"Female","weight",58.7
"Female","bmi",23.5
"Female","height",154
"Female","weight",53.6
"Female","bmi",22.6
"Female","height",164
"Female","weight",58.9
"Female","bmi",21.9
"Female","height",153
"Female","weight",56.7
"Female","bmi",24.2
"Female","height",152
"Female","weight",46.5
"Female","bmi",20.1
"Female","height",155
"Female","weight",54.9
"Female","bmi",22.9
"Female","height",173
"Female","weight",71.9
"Female","bmi",24
"Female","height",167
"Female","weight",67.6
"Female","bmi",24.2
"Female","height",160
"Female","weight",64.7
"Female","bmi",25.3
"Female","height",161
"Female","weight",57
"Female","bmi",22
"Female","height",174
"Female","weight",79.4
"Female","bmi",26.2
"Female","height",163
"Female","weight",66.5
"Female","bmi",25
"Female","height",170
"Female","weight",73.8
"Female","bmi",25.5
"Female","height",151
"Female","weight",56.6
"Female","bmi",24.8
"Female","height",158
"Female","weight",54.6
"Female","bmi",21.9
"Female","height",165
"Female","weight",67.7
"Female","bmi",24.9
"Female","height",172
"Female","weight",73.2
"Female","bmi",24.7
"Female","height",162
"Female","weight",64.9
"Female","bmi",24.7
"Female","height",166
"Female","weight",70.6
"Female","bmi",25.6
"Female","height",162
"Female","weight",69
"Female","bmi",26.3
"Female","height",163
"Female","weight",65
"Female","bmi",24.5
"Female","height",167
"Female","weight",63
"Female","bmi",22.6
"Female","height",172
"Female","weight",79.4
"Female","bmi",26.8
"Female","height",164
"Female","weight",57
"Female","bmi",21.2
"Female","height",170
"Female","weight",70.1
"Female","bmi",24.3
"Female","height",145
"Female","weight",44.8
"Female","bmi",21.3
"Female","height",160
"Female","weight",53.3
"Female","bmi",20.8
"Female","height",163
"Female","weight",62.9
"Female","bmi",23.7
"Female","height",172
"Female","weight",73.6
"Female","bmi",24.9
"Female","height",152
"Female","weight",51.7
"Female","bmi",22.4
"Female","height",156
"Female","weight",57.3
"Female","bmi",23.5
"Female","height",152
"Female","weight",43.5
"Female","bmi",18.8
"Female","height",163
"Female","weight",62.9
"Female","bmi",23.7
"Female","height",155
"Female","weight",51.3
"Female","bmi",21.4
"Female","height",164
"Female","weight",62.7
"Female","bmi",23.3
"Female","height",168
"Female","weight",69.5
"Female","bmi",24.6
"Female","height",151
"Female","weight",49.6
"Female","bmi",21.8
"Female","height",166
"Female","weight",69.4
"Female","bmi",25.2
"Female","height",168
"Female","weight",70.1
"Female","bmi",24.8
"Female","height",170
"Female","weight",68.9
"Female","bmi",23.8
"Female","height",156
"Female","weight",57.6
"Female","bmi",23.7
"Female","height",154
"Female","weight",57.8
"Female","bmi",24.4
"Female","height",156
"Female","weight",58.3
"Female","bmi",24
"Female","height",175
"Female","weight",70.6
"Female","bmi",23.1
"Female","height",165
"Female","weight",68.7
"Female","bmi",25.2
"Female","height",166
"Female","weight",67.8
"Female","bmi",24.6
"Female","height",159
"Female","weight",52.8
"Female","bmi",20.9
"Female","height",171
"Female","weight",73
"Female","bmi",25
"Female","height",151
"Female","weight",43
"Female","bmi",18.9
"Female","height",170
"Female","weight",64.1
"Female","bmi",22.2
"Female","height",160
"Female","weight",69.2
"Female","bmi",27
"Female","height",156
"Female","weight",57.1
"Female","bmi",23.5
"Female","height",164
"Female","weight",65.1
"Female","bmi",24.2
"Female","height",151
"Female","weight",53.9
"Female","bmi",23.6
"Female","height",165
"Female","weight",69.4
"Female","bmi",25.5
"Female","height",161
"Female","weight",62.7
"Female","bmi",24.2
"Female","height",152
"Female","weight",52.4
"Female","bmi",22.7
"Female","height",171
"Female","weight",77.6
"Female","bmi",26.5
"Female","height",153
"Female","weight",53.9
"Female","bmi",23
"Female","height",163
"Female","weight",61.7
"Female","bmi",23.2
"Female","height",173
"Female","weight",76.6
"Female","bmi",25.6
"Female","height",156
"Female","weight",47.3
"Female","bmi",19.4
"Female","height",158
"Female","weight",59
"Female","bmi",23.6
"Female","height",157
"Female","weight",60.2
"Female","bmi",24.4
"Female","height",180
"Female","weight",81.7
"Female","bmi",25.2
"Female","height",158
"Female","weight",49.1
"Female","bmi",19.7
"Female","height",163
"Female","weight",63.8
"Female","bmi",24
"Female","height",160
"Female","weight",56.9
"Female","bmi",22.2
"Female","height",162
"Female","weight",63
"Female","bmi",24
"Female","height",163
"Female","weight",67
"Female","bmi",25.2
"Female","height",165
"Female","weight",67.1
"Female","bmi",24.6
"Female","height",161
"Female","weight",62.6
"Female","bmi",24.2
"Female","height",177
"Female","weight",80.9
"Female","bmi",25.8
"Female","height",167
"Female","weight",72.2
"Female","bmi",25.9
"Female","height",170
"Female","weight",76.2
"Female","bmi",26.4
"Female","height",168
"Female","weight",65.6
"Female","bmi",23.2
"Female","height",161
"Female","weight",61.9
"Female","bmi",23.9
"Female","height",157
"Female","weight",57.6
"Female","bmi",23.4
"Female","height",147
"Female","weight",57.2
"Female","bmi",26.5
"Female","height",149
"Female","weight",43.9
"Female","bmi",19.8
"Female","height",160
"Female","weight",62.5
"Female","bmi",24.4
"Female","height",155
"Female","weight",54.5
"Female","bmi",22.7
"Female","height",172
"Female","weight",71
"Female","bmi",24
"Female","height",155
"Female","weight",56.2
"Female","bmi",23.4
"Female","height",161
"Female","weight",74
"Female","bmi",28.5
"Female","height",169
"Female","weight",65.2
"Female","bmi",22.8
"Female","height",155
"Female","weight",59.8
"Female","bmi",24.9
"Female","height",160
"Female","weight",55.5
"Female","bmi",21.7
"Female","height",160
"Female","weight",60
"Female","bmi",23.4
"Female","height",167
"Female","weight",64.7
"Female","bmi",23.2
"Female","height",155
"Female","weight",57.5
"Female","bmi",23.9
"Female","height",153
"Female","weight",39
"Female","bmi",16.7
"Female","height",165
"Female","weight",64.3
"Female","bmi",23.6
"Female","height",164
"Female","weight",56.7
"Female","bmi",21.1
"Female","height",166
"Female","weight",61.8
"Female","bmi",22.4
"Female","height",158
"Female","weight",61.7
"Female","bmi",24.7
"Female","height",167
"Female","weight",62.8
"Female","bmi",22.5
"Female","height",173
"Female","weight",76.2
"Female","bmi",25.5
"Female","height",164
"Female","weight",63.3
"Female","bmi",23.5
"Female","height",160
"Female","weight",59.9
"Female","bmi",23.4
"Female","height",154
"Female","weight",50
"Female","bmi",21.1
"Female","height",152
"Female","weight",51.6
"Female","bmi",22.3
"Female","height",155
"Female","weight",52.5
"Female","bmi",21.9
"Female","height",168
"Female","weight",70
"Female","bmi",24.8
"Female","height",156
"Female","weight",60
"Female","bmi",24.7
"Female","height",160
"Female","weight",60
"Female","bmi",23.4
"Female","height",160
"Female","weight",60.6
"Female","bmi",23.7
"Female","height",162
"Female","weight",60
"Female","bmi",22.9
"Female","height",168
"Female","weight",66.1
"Female","bmi",23.4
"Female","height",165
"Female","weight",62.8
"Female","bmi",23.1
"Female","height",145
"Female","weight",46.1
"Female","bmi",21.9
"Female","height",148
"Female","weight",48
"Female","bmi",21.9
"Female","height",170
"Female","weight",67.9
"Female","bmi",23.5
"Female","height",162
"Female","weight",57.1
"Female","bmi",21.8
"Female","height",156
"Female","weight",58
"Female","bmi",23.8
"Female","height",176
"Female","weight",73.7
"Female","bmi",23.8
"Female","height",160
"Female","weight",58.6
"Female","bmi",22.9
"Female","height",163
"Female","weight",51.7
"Female","bmi",19.5
"Female","height",165
"Female","weight",66.9
"Female","bmi",24.6
"Female","height",172
"Female","weight",62.6
"Female","bmi",21.2
"Female","height",160
"Female","weight",56.9
"Female","bmi",22.2
"Female","height",154
"Female","weight",55.8
"Female","bmi",23.5
"Female","height",157
"Female","weight",49.8
"Female","bmi",20.2
"Female","height",168
"Female","weight",61.1
"Female","bmi",21.6
"Female","height",156
"Female","weight",49.8
"Female","bmi",20.5
"Female","height",168
"Female","weight",71.5
"Female","bmi",25.3
"Female","height",166
"Female","weight",63.4
"Female","bmi",23
"Female","height",162
"Female","weight",61.8
"Female","bmi",23.5
"Female","height",153
"Female","weight",54.2
"Female","bmi",23.2
"Female","height",162
"Female","weight",62
"Female","bmi",23.6
"Female","height",161
"Female","weight",60.6
"Female","bmi",23.4
"Female","height",162
"Female","weight",67
"Female","bmi",25.5
"Female","height",165
"Female","weight",63.6
"Female","bmi",23.4
"Female","height",164
"Female","weight",59.1
"Female","bmi",22
"Female","height",156
"Female","weight",55.8
"Female","bmi",22.9
"Female","height",160
"Female","weight",66.4
"Female","bmi",25.9
"Female","height",153
"Female","weight",59.6
"Female","bmi",25.5
"Female","height",161
"Female","weight",59.3
"Female","bmi",22.9
"Female","height",162
"Female","weight",63.8
"Female","bmi",24.3
"Female","height",162
"Female","weight",68
"Female","bmi",25.9
"Female","height",155
"Female","weight",53.7
"Female","bmi",22.4
"Female","height",162
"Female","weight",65.7
"Female","bmi",25
"Female","height",164
"Female","weight",59.5
"Female","bmi",22.1
"Female","height",159
"Female","weight",71.8
"Female","bmi",28.4
"Female","height",153
"Female","weight",56.6
"Female","bmi",24.2
"Female","height",163
"Female","weight",60.9
"Female","bmi",22.9
"Female","height",166
"Female","weight",67.6
"Female","bmi",24.5
"Female","height",163
"Female","weight",65.6
"Female","bmi",24.7
"Female","height",170
"Female","weight",73.5
"Female","bmi",25.4
"Female","height",160
"Female","weight",61.2
"Female","bmi",23.9
"Female","height",170
"Female","weight",72.1
"Female","bmi",24.9
"Female","height",163
"Female","weight",53.7
"Female","bmi",20.2
"Female","height",171
"Female","weight",71.9
"Female","bmi",24.6
"Female","height",153
"Female","weight",54.9
"Female","bmi",23.5
"Female","height",157
"Female","weight",54.5
"Female","bmi",22.1
"Female","height",160
"Female","weight",62.4
"Female","bmi",24.4
"Female","height",156
"Female","weight",57.9
"Female","bmi",23.8
"Female","height",164
"Female","weight",62.9
"Female","bmi",23.4
"Female","height",161
"Female","weight",62.7
"Female","bmi",24.2
"Female","height",169
"Female","weight",69.2
"Female","bmi",24.2
"Female","height",158
"Female","weight",56.6
"Female","bmi",22.7
"Female","height",162
"Female","weight",61.1
"Female","bmi",23.3
"Female","height",166
"Female","weight",68.4
"Female","bmi",24.8
"Female","height",145
"Female","weight",41.6
"Female","bmi",19.8
"Female","height",164
"Female","weight",58.6
"Female","bmi",21.8
"Female","height",152
"Female","weight",46
"Female","bmi",19.9
"Female","height",165
"Female","weight",56.4
"Female","bmi",20.7
"Female","height",179
"Female","weight",79.4
"Female","bmi",24.8
"Female","height",169
"Female","weight",68.9
"Female","bmi",24.1
"Female","height",159
"Female","weight",64.6
"Female","bmi",25.6
"Female","height",158
"Female","weight",65.1
"Female","bmi",26.1
"Female","height",158
"Female","weight",55.4
"Female","bmi",22.2
"Female","height",170
"Female","weight",70.8
"Female","bmi",24.5
"Female","height",164
"Female","weight",62.3
"Female","bmi",23.2
"Female","height",167
"Female","weight",62.8
"Female","bmi",22.5
"Female","height",170
"Female","weight",72.4
"Female","bmi",25.1
"Female","height",156
"Female","weight",58.1
"Female","bmi",23.9
"Female","height",153
"Female","weight",45.7
"Female","bmi",19.5
"Female","height",156
"Female","weight",47
"Female","bmi",19.3
"Female","height",161
"Female","weight",59.8
"Female","bmi",23.1
"Female","height",155
"Female","weight",48.7
"Female","bmi",20.3
"Female","height",170
"Female","weight",74.9
"Female","bmi",25.9
"Female","height",164
"Female","weight",64.1
"Female","bmi",23.8
"Female","height",145
"Female","weight",42.9
"Female","bmi",20.4
"Female","height",167
"Female","weight",68.3
"Female","bmi",24.5
"Female","height",158
"Female","weight",60
"Female","bmi",24
"Female","height",149
"Female","weight",44.7
"Female","bmi",20.1
"Female","height",161
"Female","weight",55.4
"Female","bmi",21.4
"Female","height",168
"Female","weight",64.7
"Female","bmi",22.9
"Female","height",159
"Female","weight",67.5
"Female","bmi",26.7
"Female","height",165
"Female","weight",64.3
"Female","bmi",23.6
"Female","height",180
"Female","weight",87.2
"Female","bmi",26.9
"Female","height",154
"Female","weight",53
"Female","bmi",22.3
"Female","height",157
"Female","weight",63
"Female","bmi",25.6
"Female","height",146
"Female","weight",45.1
"Female","bmi",21.2
"Female","height",149
"Female","weight",41.5
"Female","bmi",18.7
"Female","height",150
"Female","weight",45.1
"Female","bmi",20
"Female","height",164
"Female","weight",64.2
"Female","bmi",23.9
"Female","height",161
"Female","weight",67.6
"Female","bmi",26.1
"Female","height",167
"Female","weight",62.2
"Female","bmi",22.3
"Female","height",158
"Female","weight",58.6
"Female","bmi",23.5
"Female","height",161
"Female","weight",61.8
"Female","bmi",23.8
"Female","height",149
"Female","weight",50.2
"Female","bmi",22.6
"Female","height",162
"Female","weight",66
"Female","bmi",25.1
"Female","height",160
"Female","weight",59.5
"Female","bmi",23.2
"Female","height",176
"Female","weight",78.4
"Female","bmi",25.3
"Female","height",165
"Female","weight",67
"Female","bmi",24.6
"Female","height",144
"Female","weight",47
"Female","bmi",22.7
"Female","height",158
"Female","weight",60.9
"Female","bmi",24.4
"Female","height",160
"Female","weight",57.5
"Female","bmi",22.5
"Female","height",153
"Female","weight",50.8
"Female","bmi",21.7
"Female","height",166
"Female","weight",64.6
"Female","bmi",23.4
"Female","height",164
"Female","weight",67.9
"Female","bmi",25.2
"Female","height",150
"Female","weight",52.8
"Female","bmi",23.5
"Female","height",165
"Female","weight",67.9
"Female","bmi",24.9
"Female","height",168
"Female","weight",70.7
"Female","bmi",25
"Female","height",157
"Female","weight",48.9
"Female","bmi",19.8
"Female","height",162
"Female","weight",60.5
"Female","bmi",23.1
"Female","height",165
"Female","weight",56.8
"Female","bmi",20.9
"Female","height",154
"Female","weight",45.9
"Female","bmi",19.4
"Female","height",155
"Female","weight",49.7
"Female","bmi",20.7
"Female","height",158
"Female","weight",55.3
"Female","bmi",22.2
"Female","height",156
"Female","weight",56.7
"Female","bmi",23.3
"Female","height",153
"Female","weight",51.3
"Female","bmi",21.9
"Female","height",164
"Female","weight",67.8
"Female","bmi",25.2
"Female","height",175
"Female","weight",68.6
"Female","bmi",22.4
"Female","height",161
"Female","weight",59.1
"Female","bmi",22.8
"Female","height",159
"Female","weight",57.2
"Female","bmi",22.6
"Female","height",157
"Female","weight",66
"Female","bmi",26.8
"Female","height",169
"Female","weight",62.8
"Female","bmi",22
"Female","height",146
"Female","weight",49.1
"Female","bmi",23
"Female","height",158
"Female","weight",56.2
"Female","bmi",22.5
"Female","height",166
"Female","weight",66.2
"Female","bmi",24
"Female","height",171
"Female","weight",76
"Female","bmi",26
"Female","height",166
"Female","weight",65.3
"Female","bmi",23.7
"Female","height",172
"Female","weight",67.4
"Female","bmi",22.8
"Female","height",155
"Female","weight",62
"Female","bmi",25.8
"Female","height",149
"Female","weight",46.7
"Female","bmi",21
"Female","height",161
"Female","weight",59.2
"Female","bmi",22.8
"Female","height",170
"Female","weight",66
"Female","bmi",22.8
"Female","height",156
"Female","weight",56.2
"Female","bmi",23.1
"Female","height",160
"Female","weight",64.7
"Female","bmi",25.3
"Female","height",158
"Female","weight",51.9
"Female","bmi",20.8
"Female","height",153
"Female","weight",49
"Female","bmi",20.9
"Female","height",159
"Female","weight",62
"Female","bmi",24.5
"Female","height",167
"Female","weight",63.9
"Female","bmi",22.9
"Female","height",162
"Female","weight",64.5
"Female","bmi",24.6
"Female","height",163
"Female","weight",63.2
"Female","bmi",23.8
"Female","height",164
"Female","weight",66.8
"Female","bmi",24.8
"Female","height",170
"Female","weight",74.1
"Female","bmi",25.6
"Female","height",144
"Female","weight",41.6
"Female","bmi",20.1
"Female","height",178
"Female","weight",78.1
"Female","bmi",24.6
"Female","height",161
"Female","weight",62.1
"Female","bmi",24
"Female","height",164
"Female","weight",57.8
"Female","bmi",21.5
"Female","height",160
"Female","weight",53.2
"Female","bmi",20.8
"Female","height",159
"Female","weight",57.6
"Female","bmi",22.8
"Female","height",166
"Female","weight",65.7
"Female","bmi",23.8
"Female","height",172
"Female","weight",73.9
"Female","bmi",25
"Female","height",172
"Female","weight",75.6
"Female","bmi",25.6
"Female","height",168
"Female","weight",70.7
"Female","bmi",25
"Female","height",167
"Female","weight",71.2
"Female","bmi",25.5
"Female","height",153
"Female","weight",56.2
"Female","bmi",24
"Female","height",167
"Female","weight",70.4
"Female","bmi",25.2
"Female","height",155
"Female","weight",52
"Female","bmi",21.6
"Female","height",178
"Female","weight",75.9
"Female","bmi",24
"Female","height",169
"Female","weight",75.3
"Female","bmi",26.4
"Female","height",164
"Female","weight",58
"Female","bmi",21.6
"Female","height",162
"Female","weight",62.8
"Female","bmi",23.9
"Female","height",168
"Female","weight",64.2
"Female","bmi",22.7
"Female","height",151
"Female","weight",53.1
"Female","bmi",23.3
"Female","height",158
"Female","weight",57.5
"Female","bmi",23
"Female","height",166
"Female","weight",70
"Female","bmi",25.4
"Female","height",160
"Female","weight",60.6
"Female","bmi",23.7
"Female","height",151
"Female","weight",46
"Female","bmi",20.2
"Female","height",150
"Female","weight",51.2
"Female","bmi",22.8
"Female","height",168
"Female","weight",74.8
"Female","bmi",26.5
"Female","height",177
"Female","weight",84.5
"Female","bmi",27
"Female","height",169
"Female","weight",69.5
"Female","bmi",24.3
"Female","height",167
"Female","weight",64.1
"Female","bmi",23
"Female","height",165
"Female","weight",66.1
"Female","bmi",24.3
"Female","height",164
"Female","weight",65.7
"Female","bmi",24.4
"Female","height",140
"Female","weight",40.3
"Female","bmi",20.6
"Female","height",164
"Female","weight",63
"Female","bmi",23.4
"Female","height",162
"Female","weight",60.2
"Female","bmi",22.9
"Female","height",162
"Female","weight",61.6
"Female","bmi",23.5
"Female","height",162
"Female","weight",59
"Female","bmi",22.5
"Female","height",169
"Female","weight",69.1
"Female","bmi",24.2
"Female","height",173
"Female","weight",69
"Female","bmi",23.1
"Female","height",164
"Female","weight",70.4
"Female","bmi",26.2
"Female","height",175
"Female","weight",75.3
"Female","bmi",24.6
"Female","height",163
"Female","weight",65.9
"Female","bmi",24.8
"Female","height",165
"Female","weight",66.1
"Female","bmi",24.3
"Female","height",154
"Female","weight",51
"Female","bmi",21.5
"Female","height",151
"Female","weight",46.6
"Female","bmi",20.4
"Female","height",157
"Female","weight",60.4
"Female","bmi",24.5
"Female","height",157
"Female","weight",53.6
"Female","bmi",21.7
"Female","height",160
"Female","weight",57.1
"Female","bmi",22.3
"Female","height",153
"Female","weight",46.1
"Female","bmi",19.7
"Female","height",153
"Female","weight",48.5
"Female","bmi",20.7
"Female","height",166
"Female","weight",74.1
"Female","bmi",26.9
"Female","height",162
"Female","weight",68
"Female","bmi",25.9
"Female","height",164
"Female","weight",61.4
"Female","bmi",22.8
"Female","height",157
"Female","weight",54.9
"Female","bmi",22.3
"Female","height",173
"Female","weight",69.9
"Female","bmi",23.4
"Female","height",153
"Female","weight",47.2
"Female","bmi",20.2
"Female","height",172
"Female","weight",73.9
"Female","bmi",25
"Female","height",176
"Female","weight",75.6
"Female","bmi",24.4
"Female","height",175
"Female","weight",71.4
"Female","bmi",23.3
"Female","height",169
"Female","weight",67.4
"Female","bmi",23.6
"Female","height",160
"Female","weight",64.7
"Female","bmi",25.3
"Female","height",160
"Female","weight",58.2
"Female","bmi",22.7
"Female","height",154
"Female","weight",56.2
"Female","bmi",23.7
"Female","height",169
"Female","weight",73.1
"Female","bmi",25.6
"Female","height",160
"Female","weight",60.9
"Female","bmi",23.8
"Female","height",162
"Female","weight",61.1
"Female","bmi",23.3
"Female","height",170
"Female","weight",65.7
"Female","bmi",22.7
"Female","height",160
"Female","weight",62.3
"Female","bmi",24.3
"Female","height",168
"Female","weight",74.7
"Female","bmi",26.5
"Female","height",154
"Female","weight",47.3
"Female","bmi",19.9
"Female","height",159
"Female","weight",59.6
"Female","bmi",23.6
"Female","height",156
"Female","weight",56.4
"Female","bmi",23.2
"Female","height",158
"Female","weight",62
"Female","bmi",24.8
"Female","height",148
"Female","weight",43.1
"Female","bmi",19.7
"Female","height",154
"Female","weight",51.7
"Female","bmi",21.8
"Female","height",158
"Female","weight",58.8
"Female","bmi",23.6
"Female","height",168
"Female","weight",70.9
"Female","bmi",25.1
"Female","height",157
"Female","weight",60.4
"Female","bmi",24.5
"Female","height",155
"Female","weight",51
"Female","bmi",21.2
"Female","height",166
"Female","weight",62.1
"Female","bmi",22.5
"Female","height",158
"Female","weight",50.3
"Female","bmi",20.1
"Female","height",157
"Female","weight",53.9
"Female","bmi",21.9
"Female","height",162
"Female","weight",64.6
"Female","bmi",24.6
"Female","height",167
"Female","weight",72.5
"Female","bmi",26
"Female","height",151
"Female","weight",45.2
"Female","bmi",19.8
"Female","height",160
"Female","weight",53.8
"Female","bmi",21
"Female","height",167
"Female","weight",63.1
"Female","bmi",22.6
"Female","height",164
"Female","weight",73.8
"Female","bmi",27.4
"Female","height",168
"Female","weight",66.9
"Female","bmi",23.7
"Female","height",169
"Female","weight",79.1
"Female","bmi",27.7
"Female","height",157
"Female","weight",56.9
"Female","bmi",23.1
"Female","height",163
"Female","weight",62.7
"Female","bmi",23.6
"Female","height",163
"Female","weight",64
"Female","bmi",24.1
"Female","height",153
"Female","weight",59.4
"Female","bmi",25.4
"Female","height",166
"Female","weight",66
"Female","bmi",24
"Female","height",165
"Female","weight",64.7
"Female","bmi",23.8
"Female","height",158
"Female","weight",63.2
"Female","bmi",25.3
"Female","height",151
"Female","weight",55
"Female","bmi",24.1
"Female","height",160
"Female","weight",46.7
"Female","bmi",18.2
"Female","height",163
"Female","weight",65.1
"Female","bmi",24.5
"Female","height",161
"Female","weight",51.8
"Female","bmi",20
"Female","height",164
"Female","weight",61
"Female","bmi",22.7
"Female","height",156
"Female","weight",55
"Female","bmi",22.6
"Female","height",174
"Female","weight",71.1
"Female","bmi",23.5
"Female","height",157
"Female","weight",49.2
"Female","bmi",20
"Female","height",167
"Female","weight",69.4
"Female","bmi",24.9
"Female","height",150
"Female","weight",52
"Female","bmi",23.1
"Female","height",162
"Female","weight",62.8
"Female","bmi",23.9
"Female","height",163
"Female","weight",68.3
"Female","bmi",25.7
"Female","height",151
"Female","weight",46.9
"Female","bmi",20.6
"Female","height",169
"Female","weight",75.2
"Female","bmi",26.3
"Female","height",170
"Female","weight",74.2
"Female","bmi",25.7
"Female","height",155
"Female","weight",55.7
"Female","bmi",23.2
"Female","height",167
"Female","weight",68.5
"Female","bmi",24.6
"Female","height",162
"Female","weight",67
"Female","bmi",25.5
"Female","height",170
"Female","weight",75.1
"Female","bmi",26
"Female","height",167
"Female","weight",74.2
"Female","bmi",26.6
"Female","height",169
"Female","weight",70.8
"Female","bmi",24.8
"Female","height",155
"Female","weight",54.1
"Female","bmi",22.5
"Female","height",166
"Female","weight",64.8
"Female","bmi",23.5
"Female","height",161
"Female","weight",53.9
"Female","bmi",20.8
"Female","height",162
"Female","weight",58.8
"Female","bmi",22.4
"Female","height",155
"Female","weight",50.2
"Female","bmi",20.9
"Female","height",164
"Female","weight",66.5
"Female","bmi",24.7
"Female","height",158
"Female","weight",54
"Female","bmi",21.6
"Female","height",179
"Female","weight",83.7
"Female","bmi",26.1
"Female","height",161
"Female","weight",57.3
"Female","bmi",22.1
"Female","height",170
"Female","weight",73.7
"Female","bmi",25.5
"Female","height",168
"Female","weight",65.6
"Female","bmi",23.2
"Female","height",150
"Female","weight",47.8
"Female","bmi",21.2
"Female","height",165
"Female","weight",57.5
"Female","bmi",21.1
"Female","height",166
"Female","weight",64.1
"Female","bmi",23.3
"Female","height",168
"Female","weight",71.2
"Female","bmi",25.2
"Female","height",176
"Female","weight",75.2
"Female","bmi",24.3
"Female","height",157
"Female","weight",59.2
"Female","bmi",24
"Female","height",169
"Female","weight",74.4
"Female","bmi",26
"Female","height",166
"Female","weight",76.8
"Female","bmi",27.9
"Female","height",163
"Female","weight",70.9
"Female","bmi",26.7
"Female","height",151
"Female","weight",59.6
"Female","bmi",26.1
"Female","height",156
"Female","weight",57
"Female","bmi",23.4
"Female","height",162
"Female","weight",62.7
"Female","bmi",23.9
"Female","height",157
"Female","weight",60.3
"Female","bmi",24.5
"Female","height",161
"Female","weight",59.7
"Female","bmi",23
"Female","height",176
"Female","weight",80.9
"Female","bmi",26.1
"Female","height",162
"Female","weight",58.2
"Female","bmi",22.2
"Female","height",155
"Female","weight",56.4
"Female","bmi",23.5
"Female","height",157
"Female","weight",57.3
"Female","bmi",23.2
"Female","height",153
"Female","weight",54.6
"Female","bmi",23.3
"Female","height",163
"Female","weight",63.4
"Female","bmi",23.9
"Female","height",162
"Female","weight",60.8
"Female","bmi",23.2
"Female","height",166
"Female","weight",68.8
"Female","bmi",25
"Female","height",161
"Female","weight",60
"Female","bmi",23.1
"Female","height",159
"Female","weight",49.3
"Female","bmi",19.5
"Female","height",158
"Female","weight",61.7
"Female","bmi",24.7
"Female","height",156
"Female","weight",49.5
"Female","bmi",20.3
"Female","height",164
"Female","weight",65
"Female","bmi",24.2
"Female","height",156
"Female","weight",55.3
"Female","bmi",22.7
"Female","height",161
"Female","weight",58.3
"Female","bmi",22.5
"Female","height",155
"Female","weight",55.5
"Female","bmi",23.1
"Female","height",164
"Female","weight",59.7
"Female","bmi",22.2
"Female","height",167
"Female","weight",63.2
"Female","bmi",22.7
"Female","height",154
"Female","weight",51.5
"Female","bmi",21.7
"Female","height",162
"Female","weight",68
"Female","bmi",25.9
"Female","height",165
"Female","weight",64.5
"Female","bmi",23.7
"Female","height",153
"Female","weight",43.7
"Female","bmi",18.7
"Female","height",156
"Female","weight",53.5
"Female","bmi",22
"Female","height",169
"Female","weight",67.3
"Female","bmi",23.6
"Female","height",158
"Female","weight",50.3
"Female","bmi",20.1
"Female","height",170
"Female","weight",82.4
"Female","bmi",28.5
"Female","height",168
"Female","weight",64.1
"Female","bmi",22.7
"Female","height",149
"Female","weight",48
"Female","bmi",21.6
"Female","height",166
"Female","weight",59.2
"Female","bmi",21.5
"Female","height",160
"Female","weight",58.2
"Female","bmi",22.7
"Female","height",157
"Female","weight",53
"Female","bmi",21.5
"Female","height",165
"Female","weight",64.5
"Female","bmi",23.7
"Female","height",173
"Female","weight",74.5
"Female","bmi",24.9
"Female","height",159
"Female","weight",55.8
"Female","bmi",22.1
"Female","height",159
"Female","weight",57.1
"Female","bmi",22.6
"Female","height",168
"Female","weight",68.6
"Female","bmi",24.3
"Female","height",165
"Female","weight",61.5
"Female","bmi",22.6
"Female","height",159
"Female","weight",62.2
"Female","bmi",24.6
"Female","height",163
"Female","weight",59
"Female","bmi",22.2
"Female","height",169
"Female","weight",71.6
"Female","bmi",25.1
"Female","height",158
"Female","weight",50.7
"Female","bmi",20.3
"Female","height",157
"Female","weight",49
"Female","bmi",19.9
"Female","height",165
"Female","weight",60.1
"Female","bmi",22.1
"Female","height",156
"Female","weight",56.2
"Female","bmi",23.1
"Female","height",166
"Female","weight",65
"Female","bmi",23.6
"Female","height",171
"Female","weight",69.8
"Female","bmi",23.9
"Female","height",168
"Female","weight",70.6
"Female","bmi",25
"Female","height",158
"Female","weight",55.6
"Female","bmi",22.3
"Female","height",160
"Female","weight",57.7
"Female","bmi",22.5
"Female","height",155
"Female","weight",56.6
"Female","bmi",23.6
"Female","height",166
"Female","weight",70.3
"Female","bmi",25.5
"Female","height",173
"Female","weight",69.6
"Female","bmi",23.3
"Female","height",154
"Female","weight",57.5
"Female","bmi",24.2
"Female","height",164
"Female","weight",61.9
"Female","bmi",23
"Female","height",161
"Female","weight",63.6
"Female","bmi",24.5
"Female","height",171
"Female","weight",69.5
"Female","bmi",23.8
"Female","height",157
"Female","weight",65.1
"Female","bmi",26.4
"Female","height",168
"Female","weight",68.8
"Female","bmi",24.4
"Female","height",159
"Female","weight",58.2
"Female","bmi",23
"Female","height",169
"Female","weight",69.3
"Female","bmi",24.3
"Female","height",155
"Female","weight",57.7
"Female","bmi",24
"Female","height",156
"Female","weight",46.8
"Female","bmi",19.2
"Female","height",160
"Female","weight",55.2
"Female","bmi",21.6
"Female","height",161
"Female","weight",66
"Female","bmi",25.5
"Female","height",164
"Female","weight",64.1
"Female","bmi",23.8
"Female","height",173
"Female","weight",78.7
"Female","bmi",26.3
"Female","height",166
"Female","weight",68.8
"Female","bmi",25
"Female","height",173
"Female","weight",73.4
"Female","bmi",24.5
"Female","height",163
"Female","weight",69.1
"Female","bmi",26
"Female","height",173
"Female","weight",75.7
"Female","bmi",25.3
"Female","height",158
"Female","weight",64.4
"Female","bmi",25.8
"Female","height",164
"Female","weight",61.6
"Female","bmi",22.9
"Female","height",164
"Female","weight",57.3
"Female","bmi",21.3
"Female","height",171
"Female","weight",71
"Female","bmi",24.3
"Female","height",163
"Female","weight",62.3
"Female","bmi",23.4
"Female","height",159
"Female","weight",62.4
"Female","bmi",24.7
"Female","height",169
"Female","weight",72.4
"Female","bmi",25.3
"Female","height",153
"Female","weight",57.3
"Female","bmi",24.5
"Female","height",176
"Female","weight",75.4
"Female","bmi",24.3
"Female","height",159
"Female","weight",66.6
"Female","bmi",26.3
"Female","height",161
"Female","weight",63.8
"Female","bmi",24.6
"Female","height",164
"Female","weight",64.4
"Female","bmi",23.9
"Female","height",160
"Female","weight",60.2
"Female","bmi",23.5
"Female","height",163
"Female","weight",59.7
"Female","bmi",22.5
"Female","height",150
"Female","weight",50.8
"Female","bmi",22.6
"Female","height",168
"Female","weight",69.3
"Female","bmi",24.6
"Female","height",160
"Female","weight",59.9
"Female","bmi",23.4
"Female","height",159
"Female","weight",51.8
"Female","bmi",20.5
"Female","height",159
"Female","weight",54.5
"Female","bmi",21.6
"Female","height",167
"Female","weight",70.6
"Female","bmi",25.3
"Female","height",168
"Female","weight",78.2
"Female","bmi",27.7
"Female","height",161
"Female","weight",61.2
"Female","bmi",23.6
"Female","height",165
"Female","weight",70.2
"Female","bmi",25.8
"Female","height",166
"Female","weight",45.8
"Female","bmi",16.6
"Female","height",166
"Female","weight",61.9
"Female","bmi",22.5
"Female","height",166
"Female","weight",65.3
"Female","bmi",23.7
"Female","height",158
"Female","weight",62.9
"Female","bmi",25.2
"Female","height",168
"Female","weight",76.6
"Female","bmi",27.1
"Female","height",174
"Female","weight",75.1
"Female","bmi",24.8
"Female","height",164
"Female","weight",62
"Female","bmi",23.1
"Female","height",148
"Female","weight",53.3
"Female","bmi",24.3
"Female","height",156
"Female","weight",52.3
"Female","bmi",21.5
"Female","height",163
"Female","weight",58.7
"Female","bmi",22.1
"Female","height",162
"Female","weight",63.7
"Female","bmi",24.3
"Female","height",164
"Female","weight",69.1
"Female","bmi",25.7
"Female","height",172
"Female","weight",67
"Female","bmi",22.6
"Female","height",159
"Female","weight",58.4
"Female","bmi",23.1
"Female","height",168
"Female","weight",65
"Female","bmi",23
"Female","height",162
"Female","weight",62.7
"Female","bmi",23.9
"Female","height",162
"Female","weight",60.3
"Female","bmi",23
"Female","height",159
"Female","weight",57.6
"Female","bmi",22.8
"Female","height",165
"Female","weight",68.2
"Female","bmi",25.1
"Female","height",163
"Female","weight",58
"Female","bmi",21.8
"Female","height",157
"Female","weight",56.7
"Female","bmi",23
"Female","height",159
"Female","weight",58.2
"Female","bmi",23
"Female","height",172
"Female","weight",69
"Female","bmi",23.3
"Female","height",175
"Female","weight",79.1
"Female","bmi",25.8
"Female","height",171
"Female","weight",70.3
"Female","bmi",24
"Female","height",170
"Female","weight",66.1
"Female","bmi",22.9
"Female","height",154
"Female","weight",62
"Female","bmi",26.1
"Female","height",153
"Female","weight",57.5
"Female","bmi",24.6
"Female","height",170
"Female","weight",71
"Female","bmi",24.6
"Female","height",159
"Female","weight",57
"Female","bmi",22.5
"Female","height",164
"Female","weight",65.5
"Female","bmi",24.4
"Female","height",158
"Female","weight",50.9
"Female","bmi",20.4
"Female","height",158
"Female","weight",56.8
"Female","bmi",22.8
"Female","height",166
"Female","weight",56.9
"Female","bmi",20.6
"Female","height",158
"Female","weight",52.1
"Female","bmi",20.9
"Female","height",184
"Female","weight",85.5
"Female","bmi",25.3
"Female","height",154
"Female","weight",56.5
"Female","bmi",23.8
"Female","height",158
"Female","weight",50.5
"Female","bmi",20.2
"Female","height",148
"Female","weight",41.9
"Female","bmi",19.1
"Female","height",163
"Female","weight",61.5
"Female","bmi",23.1
"Female","height",159
"Female","weight",59.4
"Female","bmi",23.5
"Female","height",171
"Female","weight",73.4
"Female","bmi",25.1
"Female","height",172
"Female","weight",78.6
"Female","bmi",26.6
"Female","height",150
"Female","weight",45.7
"Female","bmi",20.3
"Female","height",158
"Female","weight",56.1
"Female","bmi",22.5
"Female","height",163
"Female","weight",66.5
"Female","bmi",25
"Female","height",153
"Female","weight",55.1
"Female","bmi",23.5
"Female","height",158
"Female","weight",61.8
"Female","bmi",24.8
"Female","height",166
"Female","weight",68.4
"Female","bmi",24.8
"Female","height",173
"Female","weight",66.8
"Female","bmi",22.3
"Female","height",172
"Female","weight",72.3
"Female","bmi",24.4
"Female","height",163
"Female","weight",62.1
"Female","bmi",23.4
"Female","height",160
"Female","weight",61.7
"Female","bmi",24.1
"Female","height",167
"Female","weight",62.1
"Female","bmi",22.3
"Female","height",165
"Female","weight",63.1
"Female","bmi",23.2
"Female","height",158
"Female","weight",60
"Female","bmi",24
"Female","height",162
"Female","weight",66
"Female","bmi",25.1
"Female","height",155
"Female","weight",47.8
"Female","bmi",19.9
"Female","height",175
"Female","weight",80.2
"Female","bmi",26.2
"Female","height",160
"Female","weight",67.9
"Female","bmi",26.5
"Female","height",160
"Female","weight",64.1
"Female","bmi",25
"Female","height",154
"Female","weight",53.7
"Female","bmi",22.6
"Female","height",165
"Female","weight",65.4
"Female","bmi",24
"Female","height",169
"Female","weight",69.3
"Female","bmi",24.3
"Female","height",153
"Female","weight",58.6
"Female","bmi",25
"Female","height",161
"Female","weight",56.2
"Female","bmi",21.7
"Female","height",161
"Female","weight",54.1
"Female","bmi",20.9
"Female","height",157
"Female","weight",51.1
"Female","bmi",20.7
"Female","height",176
"Female","weight",76.9
"Female","bmi",24.8
"Female","height",159
"Female","weight",52.2
"Female","bmi",20.6
"Female","height",167
"Female","weight",67
"Female","bmi",24
"Female","height",175
"Female","weight",87.4
"Female","bmi",28.5
"Female","height",162
"Female","weight",59
"Female","bmi",22.5
"Female","height",164
"Female","weight",64.9
"Female","bmi",24.1
"Female","height",156
"Female","weight",48.2
"Female","bmi",19.8
"Female","height",159
"Female","weight",55.2
"Female","bmi",21.8
"Female","height",168
"Female","weight",69.5
"Female","bmi",24.6
"Female","height",170
"Female","weight",67
"Female","bmi",23.2
"Female","height",153
"Female","weight",50.3
"Female","bmi",21.5
"Female","height",168
"Female","weight",72.9
"Female","bmi",25.8
"Female","height",163
"Female","weight",66
"Female","bmi",24.8
"Female","height",155
"Female","weight",61.3
"Female","bmi",25.5
"Female","height",161
"Female","weight",61.2
"Female","bmi",23.6
"Female","height",173
"Female","weight",72.7
"Female","bmi",24.3
"Female","height",150
"Female","weight",48.9
"Female","bmi",21.7
"Female","height",170
"Female","weight",60.4
"Female","bmi",20.9
"Female","height",162
"Female","weight",72.1
"Female","bmi",27.5
"Female","height",171
"Female","weight",75
"Female","bmi",25.6
"Female","height",165
"Female","weight",62.6
"Female","bmi",23
"Female","height",157
"Female","weight",53
"Female","bmi",21.5
"Female","height",154
"Female","weight",52.3
"Female","bmi",22.1
"Female","height",168
"Female","weight",69.6
"Female","bmi",24.7
"Female","height",169
"Female","weight",69.7
"Female","bmi",24.4
"Female","height",147
"Female","weight",43.7
"Female","bmi",20.2
"Female","height",152
"Female","weight",50.2
"Female","bmi",21.7
"Female","height",157
"Female","weight",55.8
"Female","bmi",22.6
"Female","height",171
"Female","weight",73.2
"Female","bmi",25
"Female","height",162
"Female","weight",65.3
"Female","bmi",24.9
"Female","height",166
"Female","weight",57.6
"Female","bmi",20.9
"Female","height",157
"Female","weight",53.9
"Female","bmi",21.9
"Female","height",179
"Female","weight",88.8
"Female","bmi",27.7
"Female","height",158
"Female","weight",50.8
"Female","bmi",20.3
"Female","height",178
"Female","weight",88.1
"Female","bmi",27.8
"Female","height",181
"Female","weight",73.6
"Female","bmi",22.5
"Female","height",164
"Female","weight",54.3
"Female","bmi",20.2
"Female","height",176
"Female","weight",79
"Female","bmi",25.5
"Female","height",154
"Female","weight",46.9
"Female","bmi",19.8
"Female","height",174
"Female","weight",83.5
"Female","bmi",27.6
"Female","height",158
"Female","weight",63.1
"Female","bmi",25.3
"Female","height",161
"Female","weight",58.8
"Female","bmi",22.7
"Female","height",171
"Female","weight",71.8
"Female","bmi",24.6
"Female","height",155
"Female","weight",52.8
"Female","bmi",22
"Female","height",164
"Female","weight",63
"Female","bmi",23.4
"Female","height",159
"Female","weight",65.2
"Female","bmi",25.8
"Female","height",148
"Female","weight",35.2
"Female","bmi",16.1
"Female","height",160
"Female","weight",58.1
"Female","bmi",22.7
"Female","height",162
"Female","weight",60.7
"Female","bmi",23.1
"Female","height",170
"Female","weight",69.4
"Female","bmi",24
"Female","height",157
"Female","weight",50
"Female","bmi",20.3
"Female","height",168
"Female","weight",71.5
"Female","bmi",25.3
"Female","height",160
"Female","weight",62.6
"Female","bmi",24.5
"Female","height",161
"Female","weight",59.6
"Female","bmi",23
"Female","height",164
"Female","weight",67
"Female","bmi",24.9
"Female","height",164
"Female","weight",66.9
"Female","bmi",24.9
"Female","height",174
"Female","weight",70.9
"Female","bmi",23.4
"Female","height",155
"Female","weight",57.3
"Female","bmi",23.9
"Female","height",155
"Female","weight",52.2
"Female","bmi",21.7
"Female","height",160
"Female","weight",59.5
"Female","bmi",23.2
"Female","height",156
"Female","weight",60.8
"Female","bmi",25
"Female","height",175
"Female","weight",82.3
"Female","bmi",26.9
"Female","height",163
"Female","weight",63
"Female","bmi",23.7
"Female","height",155
"Female","weight",60.3
"Female","bmi",25.1
"Female","height",161
"Female","weight",55.6
"Female","bmi",21.4
"Female","height",167
"Female","weight",61.6
"Female","bmi",22.1
"Female","height",169
"Female","weight",63.4
"Female","bmi",22.2
"Female","height",166
"Female","weight",66.9
"Female","bmi",24.3
"Female","height",165
"Female","weight",66.5
"Female","bmi",24.4
"Female","height",156
"Female","weight",59.1
"Female","bmi",24.3
"Female","height",166
"Female","weight",65.3
"Female","bmi",23.7
"Female","height",166
"Female","weight",61
"Female","bmi",22.1
"Female","height",171
"Female","weight",70.2
"Female","bmi",24
"Female","height",160
"Female","weight",73.2
"Female","bmi",28.6
"Female","height",161
"Female","weight",56.8
"Female","bmi",21.9
"Female","height",165
"Female","weight",68.4
"Female","bmi",25.1
"Female","height",152
"Female","weight",51.1
"Female","bmi",22.1
"Female","height",154
"Female","weight",47.4
"Female","bmi",20
"Female","height",156
"Female","weight",58
"Female","bmi",23.8
"Female","height",170
"Female","weight",65.7
"Female","bmi",22.7
"Female","height",173
"Female","weight",76.5
"Female","bmi",25.6
"Female","height",167
"Female","weight",58.5
"Female","bmi",21
"Female","height",156
"Female","weight",47.4
"Female","bmi",19.5
"Female","height",157
"Female","weight",55
"Female","bmi",22.3
"Female","height",157
"Female","weight",53.9
"Female","bmi",21.9
"Female","height",154
"Female","weight",43.7
"Female","bmi",18.4
"Female","height",154
"Female","weight",54.5
"Female","bmi",23
"Female","height",157
"Female","weight",51.3
"Female","bmi",20.8
"Female","height",172
"Female","weight",73.6
"Female","bmi",24.9
"Female","height",159
"Female","weight",64.1
"Female","bmi",25.4
"Female","height",161
"Female","weight",53.9
"Female","bmi",20.8
"Female","height",157
"Female","weight",61.9
"Female","bmi",25.1
"Female","height",156
"Female","weight",58
"Female","bmi",23.8
"Female","height",159
"Female","weight",60.9
"Female","bmi",24.1
"Female","height",150
"Female","weight",44.6
"Female","bmi",19.8
"Female","height",160
"Female","weight",58.1
"Female","bmi",22.7
"Female","height",151
"Female","weight",45.6
"Female","bmi",20
"Female","height",170
"Female","weight",62.2
"Female","bmi",21.5
"Female","height",163
"Female","weight",60.7
"Female","bmi",22.8
"Female","height",161
"Female","weight",55.2
"Female","bmi",21.3
"Female","height",165
"Female","weight",70.7
"Female","bmi",26
"Female","height",171
"Female","weight",71.9
"Female","bmi",24.6
"Female","height",160
"Female","weight",61.6
"Female","bmi",24.1
"Female","height",155
"Female","weight",59.6
"Female","bmi",24.8
"Female","height",156
"Female","weight",57.2
"Female","bmi",23.5
"Female","height",168
"Female","weight",69.7
"Female","bmi",24.7
"Female","height",148
"Female","weight",50.8
"Female","bmi",23.2
"Female","height",149
"Female","weight",47
"Female","bmi",21.2
"Female","height",160
"Female","weight",53.9
"Female","bmi",21.1
"Female","height",158
"Female","weight",60.6
"Female","bmi",24.3
"Female","height",156
"Female","weight",57.9
"Female","bmi",23.8
"Female","height",157
"Female","weight",53.8
"Female","bmi",21.8
"Female","height",155
"Female","weight",55.6
"Female","bmi",23.1
"Female","height",152
"Female","weight",48.4
"Female","bmi",20.9
"Female","height",143
"Female","weight",39.6
"Female","bmi",19.4
"Female","height",150
"Female","weight",50.3
"Female","bmi",22.4
"Female","height",159
"Female","weight",58.8
"Female","bmi",23.3
"Female","height",152
"Female","weight",53.7
"Female","bmi",23.2
"Female","height",168
"Female","weight",64.9
"Female","bmi",23
"Female","height",150
"Female","weight",47.6
"Female","bmi",21.2
"Female","height",161
"Female","weight",57.5
"Female","bmi",22.2
"Female","height",173
"Female","weight",80.8
"Female","bmi",27
"Female","height",160
"Female","weight",62.8
"Female","bmi",24.5
"Female","height",169
"Female","weight",73.4
"Female","bmi",25.7
"Female","height",169
"Female","weight",74.3
"Female","bmi",26
"Female","height",159
"Female","weight",58
"Female","bmi",22.9
"Female","height",160
"Female","weight",56.7
"Female","bmi",22.1
"Female","height",173
"Female","weight",74
"Female","bmi",24.7
"Female","height",156
"Female","weight",48.8
"Female","bmi",20.1
"Female","height",163
"Female","weight",60.9
"Female","bmi",22.9
"Female","height",175
"Female","weight",69.7
"Female","bmi",22.8
"Female","height",159
"Female","weight",72.9
"Female","bmi",28.8
"Female","height",163
"Female","weight",61.3
"Female","bmi",23.1
"Female","height",162
"Female","weight",57.1
"Female","bmi",21.8
"Female","height",155
"Female","weight",57.7
"Female","bmi",24
"Female","height",161
"Female","weight",58.6
"Female","bmi",22.6
"Female","height",165
"Female","weight",66.4
"Female","bmi",24.4
"Female","height",164
"Female","weight",66.8
"Female","bmi",24.8
"Female","height",151
"Female","weight",45.8
"Female","bmi",20.1
"Female","height",160
"Female","weight",60.4
"Female","bmi",23.6
"Female","height",161
"Female","weight",61.3
"Female","bmi",23.6
"Female","height",163
"Female","weight",68.8
"Female","bmi",25.9
"Female","height",164
"Female","weight",58.1
"Female","bmi",21.6
"Female","height",162
"Female","weight",72.8
"Female","bmi",27.7
"Female","height",171
"Female","weight",66.7
"Female","bmi",22.8
"Female","height",168
"Female","weight",65.2
"Female","bmi",23.1
"Female","height",169
"Female","weight",76.7
"Female","bmi",26.9
"Female","height",161
"Female","weight",62.2
"Female","bmi",24
"Female","height",164
"Female","weight",59.6
"Female","bmi",22.2
"Female","height",157
"Female","weight",55.9
"Female","bmi",22.7
"Female","height",159
"Female","weight",55.3
"Female","bmi",21.9
"Female","height",173
"Female","weight",67.9
"Female","bmi",22.7
"Female","height",158
"Female","weight",57.3
"Female","bmi",23
"Female","height",173
"Female","weight",63
"Female","bmi",21
"Female","height",165
"Female","weight",60.4
"Female","bmi",22.2
"Female","height",164
"Female","weight",68.7
"Female","bmi",25.5
"Female","height",167
"Female","weight",61.4
"Female","bmi",22
"Female","height",161
"Female","weight",63.2
"Female","bmi",24.4
"Female","height",159
"Female","weight",48.5
"Female","bmi",19.2
"Female","height",150
"Female","weight",43.4
"Female","bmi",19.3
"Female","height",162
"Female","weight",65.8
"Female","bmi",25.1
"Female","height",158
"Female","weight",55.6
"Female","bmi",22.3
"Female","height",145
"Female","weight",45
"Female","bmi",21.4
"Female","height",162
"Female","weight",65.2
"Female","bmi",24.8
"Female","height",157
"Female","weight",54.1
"Female","bmi",21.9
"Female","height",173
"Female","weight",72.4
"Female","bmi",24.2
"Female","height",157
"Female","weight",53.6
"Female","bmi",21.7
"Female","height",157
"Female","weight",54.3
"Female","bmi",22
"Female","height",157
"Female","weight",54.9
"Female","bmi",22.3
"Female","height",156
"Female","weight",55.7
"Female","bmi",22.9
"Female","height",156
"Female","weight",49.5
"Female","bmi",20.3
"Female","height",160
"Female","weight",56.5
"Female","bmi",22.1
"Female","height",165
"Female","weight",66.5
"Female","bmi",24.4
"Female","height",162
"Female","weight",63.9
"Female","bmi",24.3
"Female","height",153
"Female","weight",45.4
"Female","bmi",19.4
"Female","height",167
"Female","weight",72.3
"Female","bmi",25.9
"Female","height",159
"Female","weight",52.6
"Female","bmi",20.8
"Female","height",166
"Female","weight",73.5
"Female","bmi",26.7
"Female","height",155
"Female","weight",50.5
"Female","bmi",21
"Female","height",151
"Female","weight",49
"Female","bmi",21.5
"Female","height",159
"Female","weight",54.9
"Female","bmi",21.7
"Female","height",165
"Female","weight",59.7
"Female","bmi",21.9
"Female","height",163
"Female","weight",65.1
"Female","bmi",24.5
"Female","height",159
"Female","weight",55.2
"Female","bmi",21.8
"Female","height",163
"Female","weight",66.3
"Female","bmi",25
"Female","height",155
"Female","weight",55.9
"Female","bmi",23.3
"Female","height",163
"Female","weight",62
"Female","bmi",23.3
"Female","height",163
"Female","weight",70.1
"Female","bmi",26.4
"Female","height",156
"Female","weight",63.9
"Female","bmi",26.3
"Female","height",147
"Female","weight",42.8
"Female","bmi",19.8
"Female","height",179
"Female","weight",79.2
"Female","bmi",24.7
"Female","height",176
"Female","weight",73.1
"Female","bmi",23.6
"Female","height",164
"Female","weight",59.6
"Female","bmi",22.2
"Female","height",158
"Female","weight",59.1
"Female","bmi",23.7
"Female","height",171
"Female","weight",70.8
"Female","bmi",24.2
"Female","height",170
"Female","weight",71.1
"Female","bmi",24.6
"Female","height",157
"Female","weight",46.6
"Female","bmi",18.9
"Female","height",172
"Female","weight",75.5
"Female","bmi",25.5
"Female","height",166
"Female","weight",65
"Female","bmi",23.6
"Female","height",166
"Female","weight",68.2
"Female","bmi",24.7
"Female","height",162
"Female","weight",54.9
"Female","bmi",20.9
"Female","height",154
"Female","weight",50.2
"Female","bmi",21.2
"Female","height",158
"Female","weight",55.4
"Female","bmi",22.2
"Female","height",153
"Female","weight",56.6
"Female","bmi",24.2
"Female","height",164
"Female","weight",64.5
"Female","bmi",24
"Female","height",153
"Female","weight",52.8
"Female","bmi",22.6
"Female","height",162
"Female","weight",57.5
"Female","bmi",21.9
"Female","height",159
"Female","weight",59.9
"Female","bmi",23.7
"Female","height",150
"Female","weight",46.9
"Female","bmi",20.8
"Female","height",158
"Female","weight",51
"Female","bmi",20.4
"Female","height",154
"Female","weight",51.8
"Female","bmi",21.8
"Female","height",164
"Female","weight",57.4
"Female","bmi",21.3
"Female","height",167
"Female","weight",72.9
"Female","bmi",26.1
"Female","height",170
"Female","weight",71
"Female","bmi",24.6
"Female","height",179
"Female","weight",74.4
"Female","bmi",23.2
"Female","height",153
"Female","weight",43.5
"Female","bmi",18.6
"Female","height",161
"Female","weight",58
"Female","bmi",22.4
"Female","height",151
"Female","weight",47.2
"Female","bmi",20.7
"Female","height",166
"Female","weight",66.2
"Female","bmi",24
"Female","height",157
"Female","weight",64.6
"Female","bmi",26.2
"Female","height",157
"Female","weight",59.7
"Female","bmi",24.2
"Female","height",153
"Female","weight",48.9
"Female","bmi",20.9
"Female","height",159
"Female","weight",61
"Female","bmi",24.1
"Female","height",156
"Female","weight",55.8
"Female","bmi",22.9
"Female","height",165
"Female","weight",69.6
"Female","bmi",25.6
"Female","height",170
"Female","weight",68.9
"Female","bmi",23.8
"Female","height",156
"Female","weight",64.1
"Female","bmi",26.3
"Female","height",158
"Female","weight",66.8
"Female","bmi",26.8
"Female","height",162
"Female","weight",55.2
"Female","bmi",21
"Female","height",156
"Female","weight",48.1
"Female","bmi",19.8
"Female","height",150
"Female","weight",48.1
"Female","bmi",21.4
"Female","height",165
"Female","weight",69
"Female","bmi",25.3
"Female","height",161
"Female","weight",61.7
"Female","bmi",23.8
"Female","height",165
"Female","weight",68.1
"Female","bmi",25
"Female","height",169
"Female","weight",69.4
"Female","bmi",24.3
"Female","height",151
"Female","weight",57.6
"Female","bmi",25.3
"Female","height",170
"Female","weight",76.6
"Female","bmi",26.5
"Female","height",169
"Female","weight",62.9
"Female","bmi",22
"Female","height",166
"Female","weight",72
"Female","bmi",26.1
"Female","height",162
"Female","weight",56.9
"Female","bmi",21.7
"Female","height",164
"Female","weight",61.4
"Female","bmi",22.8
"Female","height",173
"Female","weight",69.4
"Female","bmi",23.2
"Female","height",154
"Female","weight",50.5
"Female","bmi",21.3
"Female","height",165
"Female","weight",70.2
"Female","bmi",25.8
"Female","height",152
"Female","weight",56.4
"Female","bmi",24.4
"Female","height",170
"Female","weight",68.6
"Female","bmi",23.7
"Female","height",182
"Female","weight",84.2
"Female","bmi",25.4
"Female","height",167
"Female","weight",65.5
"Female","bmi",23.5
"Female","height",172
"Female","weight",74.1
"Female","bmi",25
"Female","height",161
"Female","weight",64.7
"Female","bmi",25
"Female","height",156
"Female","weight",52.6
"Female","bmi",21.6
"Female","height",167
"Female","weight",62.3
"Female","bmi",22.3
"Female","height",150
"Female","weight",50.2
"Female","bmi",22.3
"Female","height",161
"Female","weight",64.3
"Female","bmi",24.8
"Female","height",161
"Female","weight",54
"Female","bmi",20.8
"Female","height",169
"Female","weight",69.1
"Female","bmi",24.2
"Female","height",170
"Female","weight",73
"Female","bmi",25.3
"Female","height",154
"Female","weight",52.7
"Female","bmi",22.2
"Female","height",164
"Female","weight",68.9
"Female","bmi",25.6
"Female","height",162
"Female","weight",70.2
"Female","bmi",26.7
"Female","height",173
"Female","weight",69.1
"Female","bmi",23.1
"Female","height",166
"Female","weight",63.5
"Female","bmi",23
"Female","height",161
"Female","weight",54.3
"Female","bmi",20.9
"Female","height",162
"Female","weight",58.3
"Female","bmi",22.2
"Female","height",169
"Female","weight",73.1
"Female","bmi",25.6
"Female","height",169
"Female","weight",69.2
"Female","bmi",24.2
"Female","height",159
"Female","weight",57.4
"Female","bmi",22.7
"Female","height",151
"Female","weight",52.3
"Female","bmi",22.9
"Female","height",158
"Female","weight",55.6
"Female","bmi",22.3
"Female","height",173
"Female","weight",73.2
"Female","bmi",24.5
"Female","height",164
"Female","weight",72.6
"Female","bmi",27
"Female","height",153
"Female","weight",54.8
"Female","bmi",23.4
"Female","height",156
"Female","weight",55.4
"Female","bmi",22.8
"Female","height",154
"Female","weight",51.2
"Female","bmi",21.6
"Female","height",156
"Female","weight",62.2
"Female","bmi",25.6
"Female","height",166
"Female","weight",67.2
"Female","bmi",24.4
"Female","height",147
"Female","weight",48
"Female","bmi",22.2
"Female","height",165
"Female","weight",60.9
"Female","bmi",22.4
"Female","height",163
"Female","weight",67.1
"Female","bmi",25.3
"Female","height",161
"Female","weight",62.7
"Female","bmi",24.2
"Female","height",159
"Female","weight",63.8
"Female","bmi",25.2
"Female","height",171
"Female","weight",76.3
"Female","bmi",26.1
"Female","height",164
"Female","weight",60.4
"Female","bmi",22.5
"Female","height",161
"Female","weight",62.7
"Female","bmi",24.2
"Female","height",162
"Female","weight",62.4
"Female","bmi",23.8
"Female","height",155
"Female","weight",54.7
"Female","bmi",22.8
"Female","height",157
"Female","weight",50.1
"Female","bmi",20.3
"Female","height",163
"Female","weight",55.3
"Female","bmi",20.8
"Female","height",154
"Female","weight",50
"Female","bmi",21.1
"Female","height",171
"Female","weight",74.7
"Female","bmi",25.5
"Female","height",167
"Female","weight",64
"Female","bmi",22.9
"Female","height",153
"Female","weight",37.3
"Female","bmi",15.9
"Female","height",150
"Female","weight",41.1
"Female","bmi",18.3
"Female","height",173
"Female","weight",80.5
"Female","bmi",26.9
"Female","height",159
"Female","weight",48.1
"Female","bmi",19
"Female","height",164
"Female","weight",64.5
"Female","bmi",24
"Female","height",162
"Female","weight",62.6
"Female","bmi",23.9
"Female","height",159
"Female","weight",54.3
"Female","bmi",21.5
"Female","height",169
"Female","weight",70.9
"Female","bmi",24.8
"Female","height",165
"Female","weight",72.9
"Female","bmi",26.8
"Female","height",167
"Female","weight",62.4
"Female","bmi",22.4
"Female","height",168
"Female","weight",70.3
"Female","bmi",24.9
"Female","height",163
"Female","weight",66.8
"Female","bmi",25.1
"Female","height",160
"Female","weight",60.4
"Female","bmi",23.6
"Female","height",159
"Female","weight",66.1
"Female","bmi",26.1
"Female","height",161
"Female","weight",70.5
"Female","bmi",27.2
"Female","height",170
"Female","weight",75.7
"Female","bmi",26.2
"Female","height",169
"Female","weight",67.9
"Female","bmi",23.8
"Female","height",165
"Female","weight",61.4
"Female","bmi",22.6
"Female","height",163
"Female","weight",65
"Female","bmi",24.5
"Female","height",167
"Female","weight",72.2
"Female","bmi",25.9
"Female","height",169
"Female","weight",72.3
"Female","bmi",25.3
"Female","height",153
"Female","weight",50.4
"Female","bmi",21.5
"Female","height",164
"Female","weight",62.5
"Female","bmi",23.2
"Female","height",166
"Female","weight",74.6
"Female","bmi",27.1
"Female","height",163
"Female","weight",56
"Female","bmi",21.1
"Female","height",161
"Female","weight",69.5
"Female","bmi",26.8
"Female","height",174
"Female","weight",69.5
"Female","bmi",23
"Female","height",171
"Female","weight",79.5
"Female","bmi",27.2
"Female","height",167
"Female","weight",71.3
"Female","bmi",25.6
"Female","height",171
"Female","weight",73
"Female","bmi",25
"Female","height",166
"Female","weight",64.6
"Female","bmi",23.4
"Female","height",174
"Female","weight",78
"Female","bmi",25.8
"Female","height",160
"Female","weight",53.2
"Female","bmi",20.8
"Female","height",164
"Female","weight",60.8
"Female","bmi",22.6
"Female","height",171
"Female","weight",60.9
"Female","bmi",20.8
"Female","height",162
"Female","weight",61.5
"Female","bmi",23.4
"Female","height",162
"Female","weight",63
"Female","bmi",24
"Female","height",156
"Female","weight",53.1
"Female","bmi",21.8
"Female","height",158
"Female","weight",62.9
"Female","bmi",25.2
"Female","height",162
"Female","weight",62.2
"Female","bmi",23.7
"Female","height",171
"Female","weight",68.6
"Female","bmi",23.5
"Female","height",157
"Female","weight",51.7
"Female","bmi",21
"Female","height",157
"Female","weight",55
"Female","bmi",22.3
"Female","height",165
"Female","weight",74.4
"Female","bmi",27.3
"Female","height",152
"Female","weight",50.5
"Female","bmi",21.9
"Female","height",149
"Female","weight",44.7
"Female","bmi",20.1
"Female","height",156
"Female","weight",59.7
"Female","bmi",24.5
"Female","height",169
"Female","weight",73
"Female","bmi",25.6
"Female","height",172
"Female","weight",71.1
"Female","bmi",24
"Female","height",168
"Female","weight",72.3
"Female","bmi",25.6
"Female","height",159
"Female","weight",62.7
"Female","bmi",24.8
"Female","height",159
"Female","weight",51.2
"Female","bmi",20.3
"Female","height",154
"Female","weight",53.9
"Female","bmi",22.7
"Female","height",163
"Female","weight",66.9
"Female","bmi",25.2
"Female","height",162
"Female","weight",63.4
"Female","bmi",24.2
"Female","height",154
"Female","weight",51.4
"Female","bmi",21.7
"Female","height",167
"Female","weight",66.8
"Female","bmi",24
"Female","height",163
"Female","weight",63.3
"Female","bmi",23.8
"Female","height",173
"Female","weight",64.1
"Female","bmi",21.4
"Female","height",156
"Female","weight",56.2
"Female","bmi",23.1
"Female","height",162
"Female","weight",67.2
"Female","bmi",25.6
"Female","height",143
"Female","weight",35.3
"Female","bmi",17.3
"Female","height",155
"Female","weight",45.9
"Female","bmi",19.1
"Female","height",166
"Female","weight",61.2
"Female","bmi",22.2
"Female","height",153
"Female","weight",53.5
"Female","bmi",22.9
"Female","height",166
"Female","weight",67.3
"Female","bmi",24.4
"Female","height",154
"Female","weight",46.4
"Female","bmi",19.6
"Female","height",152
"Female","weight",50.9
"Female","bmi",22
"Female","height",153
"Female","weight",44.1
"Female","bmi",18.8
"Female","height",162
"Female","weight",63.3
"Female","bmi",24.1
"Female","height",166
"Female","weight",66
"Female","bmi",24
"Female","height",156
"Female","weight",53
"Female","bmi",21.8
"Female","height",168
"Female","weight",67.3
"Female","bmi",23.8
"Female","height",158
"Female","weight",63
"Female","bmi",25.2
"Female","height",171
"Female","weight",65.7
"Female","bmi",22.5
"Female","height",164
"Female","weight",59.8
"Female","bmi",22.2
"Female","height",166
"Female","weight",68.7
"Female","bmi",24.9
"Female","height",161
"Female","weight",60.3
"Female","bmi",23.3
"Female","height",178
"Female","weight",81.1
"Female","bmi",25.6
"Female","height",154
"Female","weight",51.7
"Female","bmi",21.8
"Female","height",159
"Female","weight",56.6
"Female","bmi",22.4
"Female","height",163
"Female","weight",62
"Female","bmi",23.3
"Female","height",171
"Female","weight",70.1
"Female","bmi",24
"Female","height",158
"Female","weight",54.9
"Female","bmi",22
"Female","height",150
"Female","weight",59.5
"Female","bmi",26.4
"Female","height",148
"Female","weight",51.7
"Female","bmi",23.6
"Female","height",152
"Female","weight",50.3
"Female","bmi",21.8
"Female","height",158
"Female","weight",59.8
"Female","bmi",24
"Female","height",156
"Female","weight",55.8
"Female","bmi",22.9
"Female","height",169
"Female","weight",69.7
"Female","bmi",24.4
"Female","height",155
"Female","weight",52.7
"Female","bmi",21.9
"Female","height",167
"Female","weight",72.2
"Female","bmi",25.9
"Female","height",153
"Female","weight",52.2
"Female","bmi",22.3
"Female","height",168
"Female","weight",59.5
"Female","bmi",21.1
"Female","height",164
"Female","weight",58
"Female","bmi",21.6
"Female","height",165
"Female","weight",58.6
"Female","bmi",21.5
"Female","height",162
"Female","weight",58.2
"Female","bmi",22.2
"Female","height",155
"Female","weight",56.5
"Female","bmi",23.5
"Female","height",178
"Female","weight",80.2
"Female","bmi",25.3
"Female","height",164
"Female","weight",59.3
"Female","bmi",22
"Female","height",170
"Female","weight",70.9
"Female","bmi",24.5
"Female","height",148
"Female","weight",43.1
"Female","bmi",19.7
"Female","height",163
"Female","weight",70
"Female","bmi",26.3
"Female","height",171
"Female","weight",74.2
"Female","bmi",25.4
"Female","height",170
"Female","weight",64.8
"Female","bmi",22.4
"Female","height",154
"Female","weight",54.4
"Female","bmi",22.9
"Female","height",166
"Female","weight",60.3
"Female","bmi",21.9
"Female","height",152
"Female","weight",54.4
"Female","bmi",23.5
"Female","height",167
"Female","weight",74.9
"Female","bmi",26.9
"Female","height",160
"Female","weight",61.2
"Female","bmi",23.9
"Female","height",156
"Female","weight",59.7
"Female","bmi",24.5
"Female","height",157
"Female","weight",63.3
"Female","bmi",25.7
"Female","height",164
"Female","weight",62.5
"Female","bmi",23.2
"Female","height",145
"Female","weight",45.1
"Female","bmi",21.5
"Female","height",168
"Female","weight",70.4
"Female","bmi",24.9
"Female","height",168
"Female","weight",68.9
"Female","bmi",24.4
"Female","height",168
"Female","weight",73.8
"Female","bmi",26.1
"Female","height",152
"Female","weight",48.8
"Female","bmi",21.1
"Female","height",163
"Female","weight",55.8
"Female","bmi",21
"Female","height",164
"Female","weight",66.5
"Female","bmi",24.7
"Female","height",179
"Female","weight",76
"Female","bmi",23.7
"Female","height",172
"Female","weight",68.6
"Female","bmi",23.2
"Female","height",155
"Female","weight",49.2
"Female","bmi",20.5
"Female","height",165
"Female","weight",51.6
"Female","bmi",19
"Female","height",160
"Female","weight",58.6
"Female","bmi",22.9
"Female","height",160
"Female","weight",57.7
"Female","bmi",22.5
"Female","height",165
"Female","weight",62
"Female","bmi",22.8
"Female","height",159
"Female","weight",56.4
"Female","bmi",22.3
"Female","height",165
"Female","weight",69
"Female","bmi",25.3
"Female","height",162
"Female","weight",60.8
"Female","bmi",23.2
"Female","height",177
"Female","weight",79.2
"Female","bmi",25.3
"Female","height",161
"Female","weight",57.5
"Female","bmi",22.2
"Female","height",167
"Female","weight",64.5
"Female","bmi",23.1
"Female","height",157
"Female","weight",62
"Female","bmi",25.2
"Female","height",151
"Female","weight",53.9
"Female","bmi",23.6
"Female","height",158
"Female","weight",51.8
"Female","bmi",20.7
"Female","height",166
"Female","weight",66
"Female","bmi",24
"Female","height",169
"Female","weight",70.7
"Female","bmi",24.8
"Female","height",162
"Female","weight",66.7
"Female","bmi",25.4
"Female","height",153
"Female","weight",54.5
"Female","bmi",23.3
"Female","height",167
"Female","weight",68.9
"Female","bmi",24.7
"Female","height",164
"Female","weight",62.8
"Female","bmi",23.3
"Female","height",166
"Female","weight",58.2
"Female","bmi",21.1
"Female","height",168
"Female","weight",70.3
"Female","bmi",24.9
"Female","height",163
"Female","weight",61
"Female","bmi",23
"Female","height",165
"Female","weight",60.9
"Female","bmi",22.4
"Female","height",164
"Female","weight",66.4
"Female","bmi",24.7
"Female","height",152
"Female","weight",42.9
"Female","bmi",18.6
"Female","height",159
"Female","weight",56.4
"Female","bmi",22.3
"Female","height",165
"Female","weight",65.1
"Female","bmi",23.9
"Female","height",160
"Female","weight",47.2
"Female","bmi",18.4
"Female","height",158
"Female","weight",56.3
"Female","bmi",22.6
"Female","height",168
"Female","weight",64.8
"Female","bmi",23
"Female","height",176
"Female","weight",66.7
"Female","bmi",21.5
"Female","height",156
"Female","weight",48.7
"Female","bmi",20
"Female","height",153
"Female","weight",56.1
"Female","bmi",24
"Female","height",175
"Female","weight",69.4
"Female","bmi",22.7
"Female","height",157
"Female","weight",48.7
"Female","bmi",19.8
"Female","height",160
"Female","weight",64.1
"Female","bmi",25
"Female","height",164
"Female","weight",59.3
"Female","bmi",22
"Female","height",154
"Female","weight",63.4
"Female","bmi",26.7
"Female","height",170
"Female","weight",70.7
"Female","bmi",24.5
"Female","height",160
"Female","weight",60.6
"Female","bmi",23.7
"Female","height",166
"Female","weight",54.8
"Female","bmi",19.9
"Female","height",165
"Female","weight",66.7
"Female","bmi",24.5
"Female","height",153
"Female","weight",49.1
"Female","bmi",21
"Female","height",168
"Female","weight",70.1
"Female","bmi",24.8
"Female","height",173
"Female","weight",73.3
"Female","bmi",24.5
"Female","height",162
"Female","weight",70
"Female","bmi",26.7
"Female","height",157
"Female","weight",58.8
"Female","bmi",23.9
"Female","height",167
"Female","weight",71.5
"Female","bmi",25.6
"Female","height",165
"Female","weight",64.2
"Female","bmi",23.6
"Female","height",159
"Female","weight",56
"Female","bmi",22.2
"Female","height",163
"Female","weight",75.6
"Female","bmi",28.5
"Female","height",164
"Female","weight",64.9
"Female","bmi",24.1
"Female","height",158
"Female","weight",60.1
"Female","bmi",24.1
"Female","height",173
"Female","weight",74.6
"Female","bmi",24.9
"Female","height",152
"Female","weight",43.4
"Female","bmi",18.8
"Female","height",157
"Female","weight",53.6
"Female","bmi",21.7
"Female","height",177
"Female","weight",78.9
"Female","bmi",25.2
"Female","height",161
"Female","weight",57.4
"Female","bmi",22.1
"Female","height",161
"Female","weight",69.3
"Female","bmi",26.7
"Female","height",159
"Female","weight",60.1
"Female","bmi",23.8
"Female","height",151
"Female","weight",45.9
"Female","bmi",20.1
"Female","height",154
"Female","weight",45
"Female","bmi",19
"Female","height",170
"Female","weight",73
"Female","bmi",25.3
"Female","height",163
"Female","weight",67.2
"Female","bmi",25.3
"Female","height",168
"Female","weight",68.9
"Female","bmi",24.4
"Female","height",163
"Female","weight",63
"Female","bmi",23.7
"Female","height",160
"Female","weight",60.1
"Female","bmi",23.5
"Female","height",154
"Female","weight",56.4
"Female","bmi",23.8
"Female","height",166
"Female","weight",63.5
"Female","bmi",23
"Female","height",157
"Female","weight",62.3
"Female","bmi",25.3
"Female","height",155
"Female","weight",60
"Female","bmi",25
"Female","height",166
"Female","weight",66.3
"Female","bmi",24.1
"Female","height",166
"Female","weight",74.4
"Female","bmi",27
"Female","height",165
"Female","weight",64.6
"Female","bmi",23.7
"Female","height",161
"Female","weight",56.1
"Female","bmi",21.6
"Female","height",160
"Female","weight",57.9
"Female","bmi",22.6
"Female","height",157
"Female","weight",55.5
"Female","bmi",22.5
"Female","height",155
"Female","weight",64.2
"Female","bmi",26.7
"Female","height",169
"Female","weight",76.1
"Female","bmi",26.6
"Female","height",177
"Female","weight",85.2
"Female","bmi",27.2
"Female","height",171
"Female","weight",67.4
"Female","bmi",23
"Female","height",164
"Female","weight",61
"Female","bmi",22.7
"Female","height",164
"Female","weight",64
"Female","bmi",23.8
"Female","height",154
"Female","weight",55.4
"Female","bmi",23.4
"Female","height",165
"Female","weight",71.2
"Female","bmi",26.2
"Female","height",163
"Female","weight",60.6
"Female","bmi",22.8
"Female","height",177
"Female","weight",76.1
"Female","bmi",24.3
"Female","height",154
"Female","weight",53.7
"Female","bmi",22.6
"Female","height",166
"Female","weight",65.5
"Female","bmi",23.8
"Female","height",168
"Female","weight",65.7
"Female","bmi",23.3
"Female","height",155
"Female","weight",53.5
"Female","bmi",22.3
"Female","height",162
"Female","weight",62.1
"Female","bmi",23.7
"Female","height",163
"Female","weight",64.2
"Female","bmi",24.2
"Female","height",170
"Female","weight",67.4
"Female","bmi",23.3
"Female","height",163
"Female","weight",64.4
"Female","bmi",24.2
"Female","height",165
"Female","weight",64.8
"Female","bmi",23.8
"Female","height",160
"Female","weight",58.6
"Female","bmi",22.9
"Female","height",164
"Female","weight",61.2
"Female","bmi",22.8
"Female","height",163
"Female","weight",67.4
"Female","bmi",25.4
"Female","height",153
"Female","weight",52.1
"Female","bmi",22.3
"Female","height",158
"Female","weight",56.5
"Female","bmi",22.6
"Female","height",170
"Female","weight",76.5
"Female","bmi",26.5
"Female","height",162
"Female","weight",61.3
"Female","bmi",23.4
"Female","height",165
"Female","weight",64.7
"Female","bmi",23.8
"Female","height",165
"Female","weight",61
"Female","bmi",22.4
"Female","height",165
"Female","weight",61.7
"Female","bmi",22.7
"Female","height",165
"Female","weight",69.3
"Female","bmi",25.5
"Female","height",160
"Female","weight",64.4
"Female","bmi",25.2
"Female","height",166
"Female","weight",65.7
"Female","bmi",23.8
"Female","height",158
"Female","weight",66.2
"Female","bmi",26.5
"Female","height",155
"Female","weight",52.3
"Female","bmi",21.8
"Female","height",161
"Female","weight",65.2
"Female","bmi",25.2
"Female","height",156
"Female","weight",53.5
"Female","bmi",22
"Female","height",164
"Female","weight",60.5
"Female","bmi",22.5
"Female","height",171
"Female","weight",69.6
"Female","bmi",23.8
"Female","height",167
"Female","weight",63.3
"Female","bmi",22.7
"Female","height",169
"Female","weight",65.3
"Female","bmi",22.9
"Female","height",161
"Female","weight",54.9
"Female","bmi",21.2
"Female","height",163
"Female","weight",56.9
"Female","bmi",21.4
"Female","height",158
"Female","weight",60.3
"Female","bmi",24.2
"Female","height",157
"Female","weight",49.3
"Female","bmi",20
"Female","height",161
"Female","weight",59.1
"Female","bmi",22.8
"Female","height",159
"Female","weight",53.3
"Female","bmi",21.1
"Female","height",158
"Female","weight",61.8
"Female","bmi",24.8
"Female","height",151
"Female","weight",51.8
"Female","bmi",22.7
"Female","height",161
"Female","weight",57.2
"Female","bmi",22.1
"Female","height",163
"Female","weight",70.5
"Female","bmi",26.5
"Female","height",174
"Female","weight",74.3
"Female","bmi",24.5
"Female","height",164
"Female","weight",68.1
"Female","bmi",25.3
"Female","height",161
"Female","weight",54.7
"Female","bmi",21.1
"Female","height",155
"Female","weight",53.1
"Female","bmi",22.1
"Female","height",163
"Female","weight",67.8
"Female","bmi",25.5
"Female","height",167
"Female","weight",67.9
"Female","bmi",24.3
"Female","height",163
"Female","weight",64.4
"Female","bmi",24.2
"Female","height",149
"Female","weight",50.6
"Female","bmi",22.8
"Female","height",152
"Female","weight",53
"Female","bmi",22.9
"Female","height",169
"Female","weight",73.8
"Female","bmi",25.8
"Female","height",157
"Female","weight",55.7
"Female","bmi",22.6
"Female","height",158
"Female","weight",60
"Female","bmi",24
"Female","height",156
"Female","weight",44
"Female","bmi",18.1
"Female","height",178
"Female","weight",82.6
"Female","bmi",26.1
"Female","height",158
"Female","weight",58.5
"Female","bmi",23.4
"Female","height",165
"Female","weight",63.7
"Female","bmi",23.4
"Female","height",163
"Female","weight",71.6
"Female","bmi",26.9
"Female","height",151
"Female","weight",48.9
"Female","bmi",21.4
"Female","height",150
"Female","weight",48.9
"Female","bmi",21.7
"Female","height",168
"Female","weight",68.9
"Female","bmi",24.4
"Female","height",162
"Female","weight",58
"Female","bmi",22.1
"Female","height",158
"Female","weight",60.6
"Female","bmi",24.3
"Female","height",162
"Female","weight",65.2
"Female","bmi",24.8
"Female","height",168
"Female","weight",63.2
"Female","bmi",22.4
"Female","height",165
"Female","weight",62.1
"Female","bmi",22.8
"Female","height",148
"Female","weight",47.4
"Female","bmi",21.6
"Female","height",158
"Female","weight",54.7
"Female","bmi",21.9
"Female","height",162
"Female","weight",60.9
"Female","bmi",23.2
"Female","height",163
"Female","weight",66.4
"Female","bmi",25
"Female","height",157
"Female","weight",60.1
"Female","bmi",24.4
"Female","height",165
"Female","weight",63.9
"Female","bmi",23.5
"Female","height",170
"Female","weight",70.2
"Female","bmi",24.3
"Female","height",174
"Female","weight",72.8
"Female","bmi",24
"Female","height",165
"Female","weight",69.1
"Female","bmi",25.4
"Female","height",181
"Female","weight",82.6
"Female","bmi",25.2
"Female","height",176
"Female","weight",84.7
"Female","bmi",27.3
"Female","height",158
"Female","weight",59
"Female","bmi",23.6
"Female","height",160
"Female","weight",58.6
"Female","bmi",22.9
"Female","height",171
"Female","weight",71.9
"Female","bmi",24.6
"Female","height",153
"Female","weight",55.2
"Female","bmi",23.6
"Female","height",160
"Female","weight",64.4
"Female","bmi",25.2
"Female","height",175
"Female","weight",81.5
"Female","bmi",26.6
"Female","height",161
"Female","weight",58.7
"Female","bmi",22.6
"Female","height",159
"Female","weight",59.9
"Female","bmi",23.7
"Female","height",162
"Female","weight",62.5
"Female","bmi",23.8
"Female","height",170
"Female","weight",72.2
"Female","bmi",25
"Female","height",164
"Female","weight",68.8
"Female","bmi",25.6
"Female","height",152
"Female","weight",51.2
"Female","bmi",22.2
"Female","height",151
"Female","weight",50.7
"Female","bmi",22.2
"Female","height",172
"Female","weight",62.8
"Female","bmi",21.2
"Female","height",157
"Female","weight",50.9
"Female","bmi",20.6
"Female","height",161
"Female","weight",61.6
"Female","bmi",23.8
"Female","height",167
"Female","weight",77.5
"Female","bmi",27.8
"Female","height",176
"Female","weight",75
"Female","bmi",24.2
"Female","height",165
"Female","weight",65.2
"Female","bmi",23.9
"Female","height",171
"Female","weight",73
"Female","bmi",25
"Female","height",157
"Female","weight",51
"Female","bmi",20.7
"Female","height",168
"Female","weight",73.1
"Female","bmi",25.9
"Female","height",156
"Female","weight",52
"Female","bmi",21.4
"Female","height",156
"Female","weight",50.8
"Female","bmi",20.9
"Female","height",168
"Female","weight",70.8
"Female","bmi",25.1
"Female","height",158
"Female","weight",59.9
"Female","bmi",24
"Female","height",163
"Female","weight",68.6
"Female","bmi",25.8
"Female","height",150
"Female","weight",47.4
"Female","bmi",21.1
"Female","height",163
"Female","weight",67.7
"Female","bmi",25.5
"Female","height",172
"Female","weight",77.5
"Female","bmi",26.2
"Female","height",156
"Female","weight",63.1
"Female","bmi",25.9
"Female","height",167
"Female","weight",63.7
"Female","bmi",22.8
"Female","height",155
"Female","weight",50.6
"Female","bmi",21.1
"Female","height",168
"Female","weight",60.8
"Female","bmi",21.5
"Female","height",158
"Female","weight",56.9
"Female","bmi",22.8
"Female","height",163
"Female","weight",66.2
"Female","bmi",24.9
"Female","height",152
"Female","weight",54.1
"Female","bmi",23.4
"Female","height",159
"Female","weight",57.1
"Female","bmi",22.6
"Female","height",156
"Female","weight",58.4
"Female","bmi",24
"Female","height",162
"Female","weight",62.1
"Female","bmi",23.7
"Female","height",165
"Female","weight",66.5
"Female","bmi",24.4
"Female","height",157
"Female","weight",52.1
"Female","bmi",21.1
"Female","height",176
"Female","weight",79.2
"Female","bmi",25.6
"Female","height",165
"Female","weight",65.4
"Female","bmi",24
"Female","height",158
"Female","weight",57
"Female","bmi",22.8
"Female","height",166
"Female","weight",66.6
"Female","bmi",24.2
"Female","height",163
"Female","weight",62.4
"Female","bmi",23.5
"Female","height",156
"Female","weight",54.3
"Female","bmi",22.3
"Female","height",148
"Female","weight",43.4
"Female","bmi",19.8
"Female","height",159
"Female","weight",56.1
"Female","bmi",22.2
"Female","height",164
"Female","weight",55.8
"Female","bmi",20.7
"Female","height",162
"Female","weight",53.9
"Female","bmi",20.5
"Female","height",172
"Female","weight",70.5
"Female","bmi",23.8
"Female","height",162
"Female","weight",56.9
"Female","bmi",21.7
"Female","height",159
"Female","weight",65.6
"Female","bmi",25.9
"Female","height",172
"Female","weight",69.6
"Female","bmi",23.5
"Female","height",173
"Female","weight",75.8
"Female","bmi",25.3
"Female","height",165
"Female","weight",67.1
"Female","bmi",24.6
"Female","height",152
"Female","weight",48.2
"Female","bmi",20.9
"Female","height",169
"Female","weight",72.8
"Female","bmi",25.5
"Female","height",166
"Female","weight",71.2
"Female","bmi",25.8
"Female","height",164
"Female","weight",65.1
"Female","bmi",24.2
"Female","height",166
"Female","weight",74.6
"Female","bmi",27.1
"Female","height",166
"Female","weight",58.5
"Female","bmi",21.2
"Female","height",160
"Female","weight",60.6
"Female","bmi",23.7
"Female","height",165
"Female","weight",69.7
"Female","bmi",25.6
"Female","height",153
"Female","weight",52.7
"Female","bmi",22.5
"Female","height",152
"Female","weight",59.4
"Female","bmi",25.7
"Female","height",160
"Female","weight",58.8
"Female","bmi",23
"Female","height",163
"Female","weight",70.4
"Female","bmi",26.5
"Female","height",159
"Female","weight",61.7
"Female","bmi",24.4
"Female","height",167
"Female","weight",62.6
"Female","bmi",22.4
"Female","height",151
"Female","weight",56.6
"Female","bmi",24.8
"Female","height",169
"Female","weight",74.8
"Female","bmi",26.2
"Female","height",154
"Female","weight",61.1
"Female","bmi",25.8
"Female","height",156
"Female","weight",55.2
"Female","bmi",22.7
"Female","height",166
"Female","weight",66.3
"Female","bmi",24.1
"Female","height",160
"Female","weight",62.8
"Female","bmi",24.5
"Female","height",165
"Female","weight",65.2
"Female","bmi",23.9
"Female","height",165
"Female","weight",68.1
"Female","bmi",25
"Female","height",172
"Female","weight",69.1
"Female","bmi",23.4
"Female","height",151
"Female","weight",53.2
"Female","bmi",23.3
"Female","height",158
"Female","weight",60.1
"Female","bmi",24.1
"Female","height",157
"Female","weight",54.9
"Female","bmi",22.3
"Female","height",154
"Female","weight",50.2
"Female","bmi",21.2
"Female","height",161
"Female","weight",58.9
"Female","bmi",22.7
"Female","height",167
"Female","weight",70.7
"Female","bmi",25.4
"Female","height",171
"Female","weight",68.8
"Female","bmi",23.5
"Female","height",155
"Female","weight",59.5
"Female","bmi",24.8
"Female","height",155
"Female","weight",52.8
"Female","bmi",22
"Female","height",164
"Female","weight",62.2
"Female","bmi",23.1
"Female","height",172
"Female","weight",73.4
"Female","bmi",24.8
"Female","height",169
"Female","weight",61.5
"Female","bmi",21.5
"Female","height",149
"Female","weight",47.1
"Female","bmi",21.2
"Female","height",162
"Female","weight",63.4
"Female","bmi",24.2
"Female","height",172
"Female","weight",70.6
"Female","bmi",23.9
"Female","height",157
"Female","weight",46.1
"Female","bmi",18.7
"Female","height",160
"Female","weight",51.1
"Female","bmi",20
"Female","height",157
"Female","weight",60.2
"Female","bmi",24.4
"Female","height",151
"Female","weight",48.9
"Female","bmi",21.4
"Female","height",160
"Female","weight",54.6
"Female","bmi",21.3
"Female","height",165
"Female","weight",68.8
"Female","bmi",25.3
"Female","height",164
"Female","weight",65.5
"Female","bmi",24.4
"Female","height",157
"Female","weight",57.6
"Female","bmi",23.4
"Female","height",166
"Female","weight",58.4
"Female","bmi",21.2
"Female","height",163
"Female","weight",63
"Female","bmi",23.7
"Female","height",162
"Female","weight",64
"Female","bmi",24.4
"Female","height",165
"Female","weight",68.4
"Female","bmi",25.1
"Female","height",163
"Female","weight",66
"Female","bmi",24.8
"Female","height",163
"Female","weight",69.4
"Female","bmi",26.1
"Female","height",164
"Female","weight",65.8
"Female","bmi",24.5
"Female","height",170
"Female","weight",70.5
"Female","bmi",24.4
"Female","height",156
"Female","weight",47.6
"Female","bmi",19.6
"Female","height",168
"Female","weight",68.8
"Female","bmi",24.4
"Female","height",168
"Female","weight",73.3
"Female","bmi",26
"Female","height",173
"Female","weight",77.5
"Female","bmi",25.9
"Female","height",157
"Female","weight",58.3
"Female","bmi",23.7
"Female","height",165
"Female","weight",61.3
"Female","bmi",22.5
"Female","height",149
"Female","weight",51.1
"Female","bmi",23
"Female","height",156
"Female","weight",57.2
"Female","bmi",23.5
"Female","height",173
"Female","weight",73
"Female","bmi",24.4
"Female","height",168
"Female","weight",63.3
"Female","bmi",22.4
"Female","height",169
"Female","weight",72.2
"Female","bmi",25.3
"Female","height",162
"Female","weight",64.6
"Female","bmi",24.6
"Female","height",161
"Female","weight",58.6
"Female","bmi",22.6
"Female","height",170
"Female","weight",71.9
"Female","bmi",24.9
"Female","height",169
"Female","weight",73.8
"Female","bmi",25.8
"Female","height",171
"Female","weight",70.3
"Female","bmi",24
"Female","height",163
"Female","weight",61.8
"Female","bmi",23.3
"Female","height",160
"Female","weight",55.4
"Female","bmi",21.6
"Female","height",155
"Female","weight",51.3
"Female","bmi",21.4
"Female","height",158
"Female","weight",61.8
"Female","bmi",24.8
"Female","height",159
"Female","weight",55.2
"Female","bmi",21.8
"Female","height",163
"Female","weight",61.7
"Female","bmi",23.2
"Female","height",162
"Female","weight",66
"Female","bmi",25.1
"Female","height",161
"Female","weight",60.3
"Female","bmi",23.3
"Female","height",160
"Female","weight",63.3
"Female","bmi",24.7
"Female","height",179
"Female","weight",82.1
"Female","bmi",25.6
"Female","height",176
"Female","weight",74.3
"Female","bmi",24
"Female","height",163
"Female","weight",64.7
"Female","bmi",24.4
"Female","height",165
"Female","weight",68.3
"Female","bmi",25.1
"Female","height",166
"Female","weight",66.1
"Female","bmi",24
"Female","height",175
"Female","weight",79.8
"Female","bmi",26.1
"Female","height",165
"Female","weight",68
"Female","bmi",25
"Female","height",166
"Female","weight",65.1
"Female","bmi",23.6
"Female","height",156
"Female","weight",58.8
"Female","bmi",24.2
"Female","height",170
"Female","weight",78.4
"Female","bmi",27.1
"Female","height",157
"Female","weight",57.4
"Female","bmi",23.3
"Female","height",160
"Female","weight",63.2
"Female","bmi",24.7
"Female","height",146
"Female","weight",44.5
"Female","bmi",20.9
"Female","height",167
"Female","weight",64.8
"Female","bmi",23.2
"Female","height",157
"Female","weight",62.2
"Female","bmi",25.2
"Female","height",163
"Female","weight",56.7
"Female","bmi",21.3
"Female","height",164
"Female","weight",61.4
"Female","bmi",22.8
"Female","height",146
"Female","weight",40.6
"Female","bmi",19
"Female","height",157
"Female","weight",46.5
"Female","bmi",18.9
"Female","height",153
"Female","weight",51.9
"Female","bmi",22.2
"Female","height",163
"Female","weight",63.3
"Female","bmi",23.8
"Female","height",172
"Female","weight",71.8
"Female","bmi",24.3
"Female","height",169
"Female","weight",73.9
"Female","bmi",25.9
"Female","height",152
"Female","weight",53.4
"Female","bmi",23.1
"Female","height",154
"Female","weight",55.6
"Female","bmi",23.4
"Female","height",160
"Female","weight",56.4
"Female","bmi",22
"Female","height",175
"Female","weight",78.6
"Female","bmi",25.7
"Female","height",174
"Female","weight",76.9
"Female","bmi",25.4
"Female","height",152
"Female","weight",53.7
"Female","bmi",23.2
"Female","height",164
"Female","weight",58.2
"Female","bmi",21.6
"Female","height",160
"Female","weight",62.1
"Female","bmi",24.3
"Female","height",171
"Female","weight",73.6
"Female","bmi",25.2
"Female","height",183
"Female","weight",87.3
"Female","bmi",26.1
"Female","height",163
"Female","weight",63.2
"Female","bmi",23.8
"Female","height",164
"Female","weight",61.5
"Female","bmi",22.9
"Female","height",159
"Female","weight",57.1
"Female","bmi",22.6
"Female","height",168
"Female","weight",62.4
"Female","bmi",22.1
"Female","height",160
"Female","weight",67.5
"Female","bmi",26.4
"Female","height",163
"Female","weight",62.3
"Female","bmi",23.4
"Female","height",162
"Female","weight",58.6
"Female","bmi",22.3
"Female","height",158
"Female","weight",49.1
"Female","bmi",19.7
"Female","height",164
"Female","weight",64.1
"Female","bmi",23.8
"Female","height",157
"Female","weight",62
"Female","bmi",25.2
"Female","height",158
"Female","weight",66.6
"Female","bmi",26.7
"Female","height",158
"Female","weight",59.9
"Female","bmi",24
"Female","height",155
"Female","weight",49.6
"Female","bmi",20.6
"Female","height",161
"Female","weight",64
"Female","bmi",24.7
"Female","height",148
"Female","weight",50
"Female","bmi",22.8
"Female","height",155
"Female","weight",51.2
"Female","bmi",21.3
"Female","height",152
"Female","weight",46.8
"Female","bmi",20.3
"Female","height",154
"Female","weight",62
"Female","bmi",26.1
"Female","height",168
"Female","weight",69.2
"Female","bmi",24.5
"Female","height",176
"Female","weight",76.3
"Female","bmi",24.6
"Female","height",169
"Female","weight",69.4
"Female","bmi",24.3
"Female","height",159
"Female","weight",57.4
"Female","bmi",22.7
"Female","height",163
"Female","weight",60.2
"Female","bmi",22.7
"Female","height",174
"Female","weight",74
"Female","bmi",24.4
"Female","height",159
"Female","weight",53.1
"Female","bmi",21
"Female","height",168
"Female","weight",66.5
"Female","bmi",23.6
"Female","height",151
"Female","weight",52.3
"Female","bmi",22.9
"Female","height",160
"Female","weight",59.7
"Female","bmi",23.3
"Female","height",160
"Female","weight",61.5
"Female","bmi",24
"Female","height",176
"Female","weight",68.6
"Female","bmi",22.1
"Female","height",160
"Female","weight",59.9
"Female","bmi",23.4
"Female","height",158
"Female","weight",46.8
"Female","bmi",18.7
"Female","height",158
"Female","weight",56.6
"Female","bmi",22.7
"Female","height",162
"Female","weight",57.8
"Female","bmi",22
"Female","height",163
"Female","weight",60.9
"Female","bmi",22.9
"Female","height",162
"Female","weight",66
"Female","bmi",25.1
"Female","height",171
"Female","weight",68.3
"Female","bmi",23.4
"Female","height",158
"Female","weight",45.9
"Female","bmi",18.4
"Female","height",153
"Female","weight",50.5
"Female","bmi",21.6
"Female","height",164
"Female","weight",57.8
"Female","bmi",21.5
"Female","height",164
"Female","weight",65.5
"Female","bmi",24.4
"Female","height",155
"Female","weight",63.2
"Female","bmi",26.3
"Female","height",169
"Female","weight",69.4
"Female","bmi",24.3
"Female","height",176
"Female","weight",78.1
"Female","bmi",25.2
"Female","height",158
"Female","weight",59.4
"Female","bmi",23.8
"Female","height",157
"Female","weight",52.8
"Female","bmi",21.4
"Female","height",164
"Female","weight",63
"Female","bmi",23.4
"Female","height",168
"Female","weight",74.3
"Female","bmi",26.3
"Female","height",168
"Female","weight",58.2
"Female","bmi",20.6
"Female","height",155
"Female","weight",59.1
"Female","bmi",24.6
"Female","height",162
"Female","weight",66.4
"Female","bmi",25.3
"Female","height",160
"Female","weight",57.2
"Female","bmi",22.3
"Female","height",162
"Female","weight",57.6
"Female","bmi",21.9
"Female","height",158
"Female","weight",53.8
"Female","bmi",21.6
"Female","height",160
"Female","weight",59.8
"Female","bmi",23.4
"Female","height",154
"Female","weight",54.1
"Female","bmi",22.8
"Female","height",141
"Female","weight",38.8
"Female","bmi",19.5
"Female","height",165
"Female","weight",66.5
"Female","bmi",24.4
"Female","height",156
"Female","weight",56.9
"Female","bmi",23.4
"Female","height",154
"Female","weight",52.4
"Female","bmi",22.1
"Female","height",156
"Female","weight",57.9
"Female","bmi",23.8
"Female","height",172
"Female","weight",71.5
"Female","bmi",24.2
"Female","height",170
"Female","weight",71.5
"Female","bmi",24.7
"Female","height",167
"Female","weight",66.8
"Female","bmi",24
"Female","height",161
"Female","weight",62
"Female","bmi",23.9
"Female","height",170
"Female","weight",73.8
"Female","bmi",25.5
"Female","height",165
"Female","weight",67.9
"Female","bmi",24.9
"Female","height",168
"Female","weight",66.2
"Female","bmi",23.5
"Female","height",164
"Female","weight",59.7
"Female","bmi",22.2
"Female","height",169
"Female","weight",69.9
"Female","bmi",24.5
"Female","height",159
"Female","weight",59.8
"Female","bmi",23.7
"Female","height",154
"Female","weight",54.7
"Female","bmi",23.1
"Female","height",160
"Female","weight",58.3
"Female","bmi",22.8
"Female","height",172
"Female","weight",70.7
"Female","bmi",23.9
"Female","height",168
"Female","weight",75.6
"Female","bmi",26.8
"Female","height",159
"Female","weight",56.6
"Female","bmi",22.4
"Female","height",162
"Female","weight",66.5
"Female","bmi",25.3
"Female","height",168
"Female","weight",70.5
"Female","bmi",25
"Female","height",157
"Female","weight",52.9
"Female","bmi",21.5
"Female","height",154
"Female","weight",51.9
"Female","bmi",21.9
"Female","height",164
"Female","weight",58.4
"Female","bmi",21.7
"Female","height",168
"Female","weight",64
"Female","bmi",22.7
"Female","height",153
"Female","weight",46.4
"Female","bmi",19.8
"Female","height",172
"Female","weight",72.2
"Female","bmi",24.4
"Female","height",168
"Female","weight",71
"Female","bmi",25.2
"Female","height",171
"Female","weight",77.2
"Female","bmi",26.4
"Female","height",165
"Female","weight",71.1
"Female","bmi",26.1
"Female","height",157
"Female","weight",61.1
"Female","bmi",24.8
"Female","height",168
"Female","weight",70.3
"Female","bmi",24.9
"Female","height",168
"Female","weight",63.4
"Female","bmi",22.5
"Female","height",164
"Female","weight",65.3
"Female","bmi",24.3
"Female","height",163
"Female","weight",62.9
"Female","bmi",23.7
"Female","height",163
"Female","weight",53
"Female","bmi",19.9
"Female","height",167
"Female","weight",67.3
"Female","bmi",24.1
"Female","height",164
"Female","weight",60.5
"Female","bmi",22.5
"Female","height",151
"Female","weight",52.7
"Female","bmi",23.1
"Female","height",180
"Female","weight",83.9
"Female","bmi",25.9
"Female","height",169
"Female","weight",71
"Female","bmi",24.9
"Female","height",160
"Female","weight",55.7
"Female","bmi",21.8
"Female","height",156
"Female","weight",53.8
"Female","bmi",22.1
"Female","height",180
"Female","weight",87.6
"Female","bmi",27
"Female","height",165
"Female","weight",60.1
"Female","bmi",22.1
"Female","height",161
"Female","weight",64.9
"Female","bmi",25
"Female","height",170
"Female","weight",72.1
"Female","bmi",24.9
"Female","height",159
"Female","weight",62.3
"Female","bmi",24.6
"Female","height",154
"Female","weight",53.6
"Female","bmi",22.6
"Female","height",155
"Female","weight",46.3
"Female","bmi",19.3
"Female","height",170
"Female","weight",66.9
"Female","bmi",23.1
"Female","height",163
"Female","weight",65.9
"Female","bmi",24.8
"Female","height",170
"Female","weight",69.7
"Female","bmi",24.1
"Female","height",156
"Female","weight",67.3
"Female","bmi",27.7
"Female","height",176
"Female","weight",76.7
"Female","bmi",24.8
"Female","height",180
"Female","weight",88
"Female","bmi",27.2
"Female","height",158
"Female","weight",55.1
"Female","bmi",22.1
"Female","height",159
"Female","weight",55.7
"Female","bmi",22
"Female","height",163
"Female","weight",63
"Female","bmi",23.7
"Female","height",160
"Female","weight",66.9
"Female","bmi",26.1
"Female","height",164
"Female","weight",61.5
"Female","bmi",22.9
"Female","height",155
"Female","weight",59.8
"Female","bmi",24.9
"Female","height",159
"Female","weight",56.5
"Female","bmi",22.3
"Female","height",154
"Female","weight",51.3
"Female","bmi",21.6
"Female","height",170
"Female","weight",69.5
"Female","bmi",24
"Female","height",161
"Female","weight",58.3
"Female","bmi",22.5
"Female","height",167
"Female","weight",63.3
"Female","bmi",22.7
"Female","height",172
"Female","weight",71.3
"Female","bmi",24.1
"Female","height",156
"Female","weight",53.2
"Female","bmi",21.9
"Female","height",167
"Female","weight",64.9
"Female","bmi",23.3
"Female","height",160
"Female","weight",54.4
"Female","bmi",21.2
"Female","height",165
"Female","weight",54.9
"Female","bmi",20.2
"Female","height",174
"Female","weight",74.2
"Female","bmi",24.5
"Female","height",171
"Female","weight",75.6
"Female","bmi",25.9
"Female","height",148
"Female","weight",41.7
"Female","bmi",19
"Female","height",172
"Female","weight",72.6
"Female","bmi",24.5
"Female","height",173
"Female","weight",81.1
"Female","bmi",27.1
"Female","height",170
"Female","weight",64.8
"Female","bmi",22.4
"Female","height",158
"Female","weight",62.9
"Female","bmi",25.2
"Female","height",161
"Female","weight",55.4
"Female","bmi",21.4
"Female","height",169
"Female","weight",71.6
"Female","bmi",25.1
"Female","height",155
"Female","weight",54.2
"Female","bmi",22.6
"Female","height",169
"Female","weight",67.3
"Female","bmi",23.6
"Female","height",154
"Female","weight",52.6
"Female","bmi",22.2
"Female","height",161
"Female","weight",67.6
"Female","bmi",26.1
"Female","height",166
"Female","weight",65.3
"Female","bmi",23.7
"Female","height",169
"Female","weight",66.8
"Female","bmi",23.4
"Female","height",159
"Female","weight",56.1
"Female","bmi",22.2
"Female","height",156
"Female","weight",59.5
"Female","bmi",24.4
"Female","height",165
"Female","weight",66.6
"Female","bmi",24.5
"Female","height",159
"Female","weight",59
"Female","bmi",23.3
"Female","height",167
"Female","weight",58.6
"Female","bmi",21
"Female","height",156
"Female","weight",44.6
"Female","bmi",18.3
"Female","height",162
"Female","weight",66.4
"Female","bmi",25.3
"Female","height",155
"Female","weight",47
"Female","bmi",19.6
"Female","height",164
"Female","weight",66.9
"Female","bmi",24.9
"Female","height",164
"Female","weight",69.5
"Female","bmi",25.8
"Female","height",155
"Female","weight",50
"Female","bmi",20.8
"Female","height",171
"Female","weight",70.1
"Female","bmi",24
"Female","height",158
"Female","weight",57.9
"Female","bmi",23.2
"Female","height",157
"Female","weight",58.3
"Female","bmi",23.7
"Female","height",160
"Female","weight",67.1
"Female","bmi",26.2
"Female","height",169
"Female","weight",68.8
"Female","bmi",24.1
"Female","height",158
"Female","weight",60.3
"Female","bmi",24.2
"Female","height",166
"Female","weight",55
"Female","bmi",20
"Female","height",161
"Female","weight",56.5
"Female","bmi",21.8
"Female","height",158
"Female","weight",49.9
"Female","bmi",20
"Female","height",161
"Female","weight",54.4
"Female","bmi",21
"Female","height",157
"Female","weight",58.2
"Female","bmi",23.6
"Female","height",151
"Female","weight",44.8
"Female","bmi",19.6
"Female","height",155
"Female","weight",56.7
"Female","bmi",23.6
"Female","height",154
"Female","weight",54
"Female","bmi",22.8
"Female","height",164
"Female","weight",64.3
"Female","bmi",23.9
"Female","height",167
"Female","weight",68.4
"Female","bmi",24.5
"Female","height",155
"Female","weight",47.3
"Female","bmi",19.7
"Female","height",160
"Female","weight",64
"Female","bmi",25
"Female","height",162
"Female","weight",69.7
"Female","bmi",26.6
"Female","height",159
"Female","weight",56.6
"Female","bmi",22.4
"Female","height",149
"Female","weight",53.2
"Female","bmi",24
"Female","height",167
"Female","weight",63.5
"Female","bmi",22.8
"Female","height",159
"Female","weight",61.8
"Female","bmi",24.4
"Female","height",162
"Female","weight",64.3
"Female","bmi",24.5
"Female","height",169
"Female","weight",68
"Female","bmi",23.8
"Female","height",160
"Female","weight",63
"Female","bmi",24.6
"Female","height",154
"Female","weight",54.1
"Female","bmi",22.8
"Female","height",155
"Female","weight",59.2
"Female","bmi",24.6
"Female","height",147
"Female","weight",37.7
"Female","bmi",17.4
"Female","height",163
"Female","weight",63.4
"Female","bmi",23.9
"Female","height",163
"Female","weight",58.3
"Female","bmi",21.9
"Female","height",169
"Female","weight",72.3
"Female","bmi",25.3
"Female","height",169
"Female","weight",69
"Female","bmi",24.2
"Female","height",160
"Female","weight",55.6
"Female","bmi",21.7
"Female","height",161
"Female","weight",52.6
"Female","bmi",20.3
"Female","height",163
"Female","weight",56.7
"Female","bmi",21.3
"Female","height",162
"Female","weight",62.2
"Female","bmi",23.7
"Female","height",164
"Female","weight",61.1
"Female","bmi",22.7
"Female","height",166
"Female","weight",67.3
"Female","bmi",24.4
"Female","height",165
"Female","weight",66.1
"Female","bmi",24.3
"Female","height",153
"Female","weight",56.9
"Female","bmi",24.3
"Female","height",157
"Female","weight",58.7
"Female","bmi",23.8
"Female","height",161
"Female","weight",56.5
"Female","bmi",21.8
"Female","height",158
"Female","weight",65.7
"Female","bmi",26.3
"Female","height",160
"Female","weight",62.3
"Female","bmi",24.3
"Female","height",165
"Female","weight",64.6
"Female","bmi",23.7
"Female","height",160
"Female","weight",60.5
"Female","bmi",23.6
"Female","height",168
"Female","weight",66.8
"Female","bmi",23.7
"Female","height",153
"Female","weight",57.5
"Female","bmi",24.6
"Female","height",166
"Female","weight",66
"Female","bmi",24
"Female","height",148
"Female","weight",52.1
"Female","bmi",23.8
"Female","height",165
"Female","weight",68.9
"Female","bmi",25.3
"Female","height",168
"Female","weight",73.1
"Female","bmi",25.9
"Female","height",154
"Female","weight",47
"Female","bmi",19.8
"Female","height",154
"Female","weight",52.2
"Female","bmi",22
"Female","height",155
"Female","weight",59
"Female","bmi",24.6
"Female","height",160
"Female","weight",65.3
"Female","bmi",25.5
"Female","height",168
"Female","weight",59.5
"Female","bmi",21.1
"Female","height",165
"Female","weight",78.3
"Female","bmi",28.8
"Female","height",173
"Female","weight",76.7
"Female","bmi",25.6
"Female","height",157
"Female","weight",53.2
"Female","bmi",21.6
"Female","height",163
"Female","weight",53
"Female","bmi",19.9
"Female","height",144
"Female","weight",41.2
"Female","bmi",19.9
"Female","height",167
"Female","weight",71.1
"Female","bmi",25.5
"Female","height",159
"Female","weight",57.6
"Female","bmi",22.8
"Female","height",165
"Female","weight",65.7
"Female","bmi",24.1
"Female","height",160
"Female","weight",59.6
"Female","bmi",23.3
"Female","height",152
"Female","weight",48.8
"Female","bmi",21.1
"Female","height",152
"Female","weight",58.7
"Female","bmi",25.4
"Female","height",167
"Female","weight",63.3
"Female","bmi",22.7
"Female","height",171
"Female","weight",69.9
"Female","bmi",23.9
"Female","height",161
"Female","weight",63.1
"Female","bmi",24.3
"Female","height",165
"Female","weight",62.8
"Female","bmi",23.1
"Female","height",160
"Female","weight",56
"Female","bmi",21.9
"Female","height",165
"Female","weight",66.2
"Female","bmi",24.3
"Female","height",155
"Female","weight",64.6
"Female","bmi",26.9
"Female","height",165
"Female","weight",62.4
"Female","bmi",22.9
"Female","height",160
"Female","weight",63.7
"Female","bmi",24.9
"Female","height",169
"Female","weight",70.1
"Female","bmi",24.5
"Female","height",166
"Female","weight",68.9
"Female","bmi",25
"Female","height",163
"Female","weight",63.6
"Female","bmi",23.9
"Female","height",157
"Female","weight",56.2
"Female","bmi",22.8
"Female","height",162
"Female","weight",61.8
"Female","bmi",23.5
"Female","height",156
"Female","weight",46.6
"Female","bmi",19.1
"Female","height",170
"Female","weight",72.8
"Female","bmi",25.2
"Female","height",151
"Female","weight",49.5
"Female","bmi",21.7
"Female","height",153
"Female","weight",56.9
"Female","bmi",24.3
"Female","height",153
"Female","weight",59.9
"Female","bmi",25.6
"Female","height",164
"Female","weight",65.7
"Female","bmi",24.4
"Female","height",173
"Female","weight",76
"Female","bmi",25.4
"Female","height",176
"Female","weight",70.7
"Female","bmi",22.8
"Female","height",174
"Female","weight",75.4
"Female","bmi",24.9
"Female","height",163
"Female","weight",64
"Female","bmi",24.1
"Female","height",167
"Female","weight",67.8
"Female","bmi",24.3
"Female","height",172
"Female","weight",68.9
"Female","bmi",23.3
"Female","height",167
"Female","weight",61.9
"Female","bmi",22.2
"Female","height",158
"Female","weight",55.1
"Female","bmi",22.1
"Female","height",161
"Female","weight",66.7
"Female","bmi",25.7
"Female","height",157
"Female","weight",60.5
"Female","bmi",24.5
"Female","height",162
"Female","weight",64
"Female","bmi",24.4
"Female","height",163
"Female","weight",64.1
"Female","bmi",24.1
"Female","height",169
"Female","weight",65.8
"Female","bmi",23
"Female","height",172
"Female","weight",74.1
"Female","bmi",25
"Female","height",167
"Female","weight",67
"Female","bmi",24
"Female","height",169
"Female","weight",73.1
"Female","bmi",25.6
"Female","height",159
"Female","weight",52.1
"Female","bmi",20.6
"Female","height",163
"Female","weight",63.8
"Female","bmi",24
"Female","height",157
"Female","weight",57.5
"Female","bmi",23.3
"Female","height",156
"Female","weight",56.8
"Female","bmi",23.3
"Female","height",156
"Female","weight",64.6
"Female","bmi",26.5
"Female","height",168
"Female","weight",70.8
"Female","bmi",25.1
"Female","height",151
"Female","weight",51.4
"Female","bmi",22.5
"Female","height",169
"Female","weight",71.2
"Female","bmi",24.9
"Female","height",153
"Female","weight",51
"Female","bmi",21.8
"Female","height",149
"Female","weight",46.4
"Female","bmi",20.9
"Female","height",159
"Female","weight",58.9
"Female","bmi",23.3
"Female","height",154
"Female","weight",49.3
"Female","bmi",20.8
"Female","height",167
"Female","weight",62.4
"Female","bmi",22.4
"Female","height",163
"Female","weight",58
"Female","bmi",21.8
"Female","height",168
"Female","weight",72.5
"Female","bmi",25.7
"Female","height",164
"Female","weight",58
"Female","bmi",21.6
"Female","height",160
"Female","weight",51.3
"Female","bmi",20
"Female","height",158
"Female","weight",53.5
"Female","bmi",21.4
"Female","height",156
"Female","weight",53.9
"Female","bmi",22.1
"Female","height",168
"Female","weight",65.6
"Female","bmi",23.2
"Female","height",159
"Female","weight",53.3
"Female","bmi",21.1
"Female","height",177
"Female","weight",76.1
"Female","bmi",24.3
"Female","height",166
"Female","weight",66
"Female","bmi",24
"Female","height",158
"Female","weight",66.4
"Female","bmi",26.6
"Female","height",172
"Female","weight",73
"Female","bmi",24.7
"Female","height",152
"Female","weight",43.4
"Female","bmi",18.8
"Female","height",171
"Female","weight",69.9
"Female","bmi",23.9
"Female","height",149
"Female","weight",46.5
"Female","bmi",20.9
"Female","height",165
"Female","weight",67.6
"Female","bmi",24.8
"Female","height",167
"Female","weight",76.6
"Female","bmi",27.5
"Female","height",164
"Female","weight",62.4
"Female","bmi",23.2
"Female","height",164
"Female","weight",56.9
"Female","bmi",21.2
"Female","height",170
"Female","weight",71.5
"Female","bmi",24.7
"Female","height",165
"Female","weight",64.1
"Female","bmi",23.5
"Female","height",158
"Female","weight",55.2
"Female","bmi",22.1
"Female","height",161
"Female","weight",75.1
"Female","bmi",29
"Female","height",162
"Female","weight",60.9
"Female","bmi",23.2
"Female","height",160
"Female","weight",63.4
"Female","bmi",24.8
"Female","height",173
"Female","weight",70
"Female","bmi",23.4
"Female","height",168
"Female","weight",64.2
"Female","bmi",22.7
"Female","height",155
"Female","weight",46.4
"Female","bmi",19.3
"Female","height",158
"Female","weight",56.2
"Female","bmi",22.5
"Female","height",176
"Female","weight",81.2
"Female","bmi",26.2
"Female","height",155
"Female","weight",52.4
"Female","bmi",21.8
"Female","height",174
"Female","weight",78.3
"Female","bmi",25.9
"Female","height",156
"Female","weight",60
"Female","bmi",24.7
"Female","height",156
"Female","weight",56.9
"Female","bmi",23.4
"Female","height",161
"Female","weight",58.5
"Female","bmi",22.6
"Female","height",171
"Female","weight",76.3
"Female","bmi",26.1
"Female","height",156
"Female","weight",55.2
"Female","bmi",22.7
"Female","height",172
"Female","weight",79.3
"Female","bmi",26.8
"Female","height",173
"Female","weight",70.2
"Female","bmi",23.5
"Female","height",168
"Female","weight",71.2
"Female","bmi",25.2
"Female","height",168
"Female","weight",75.1
"Female","bmi",26.6
"Female","height",168
"Female","weight",59.4
"Female","bmi",21
"Female","height",156
"Female","weight",60
"Female","bmi",24.7
"Female","height",149
"Female","weight",51.8
"Female","bmi",23.3
"Female","height",157
"Female","weight",58.2
"Female","bmi",23.6
"Female","height",157
"Female","weight",62.3
"Female","bmi",25.3
"Female","height",157
"Female","weight",56.3
"Female","bmi",22.8
"Female","height",169
"Female","weight",68.7
"Female","bmi",24.1
"Female","height",159
"Female","weight",53.2
"Female","bmi",21
"Female","height",167
"Female","weight",61.8
"Female","bmi",22.2
"Female","height",166
"Female","weight",69.3
"Female","bmi",25.1
"Female","height",171
"Female","weight",65.8
"Female","bmi",22.5
"Female","height",173
"Female","weight",78
"Female","bmi",26.1
"Female","height",149
"Female","weight",46.9
"Female","bmi",21.1
"Female","height",163
"Female","weight",73.4
"Female","bmi",27.6
"Female","height",165
"Female","weight",67
"Female","bmi",24.6
"Female","height",159
"Female","weight",59.2
"Female","bmi",23.4
"Female","height",163
"Female","weight",62
"Female","bmi",23.3
"Female","height",167
"Female","weight",63.3
"Female","bmi",22.7
"Female","height",150
"Female","weight",48.7
"Female","bmi",21.6
"Female","height",164
"Female","weight",64.9
"Female","bmi",24.1
"Female","height",161
"Female","weight",68.3
"Female","bmi",26.3
"Female","height",149
"Female","weight",53.4
"Female","bmi",24.1
"Female","height",163
"Female","weight",60.7
"Female","bmi",22.8
"Female","height",151
"Female","weight",49.9
"Female","bmi",21.9
"Female","height",165
"Female","weight",61.6
"Female","bmi",22.6
"Female","height",160
"Female","weight",68.2
"Female","bmi",26.6
"Female","height",161
"Female","weight",63.6
"Female","bmi",24.5
"Female","height",159
"Female","weight",64.7
"Female","bmi",25.6
"Female","height",171
"Female","weight",74.9
"Female","bmi",25.6
"Female","height",160
"Female","weight",58.7
"Female","bmi",22.9
"Female","height",167
"Female","weight",72.1
"Female","bmi",25.9
"Female","height",159
"Female","weight",53.6
"Female","bmi",21.2
"Female","height",160
"Female","weight",57
"Female","bmi",22.3
"Female","height",178
"Female","weight",83.6
"Female","bmi",26.4
"Female","height",160
"Female","weight",56.5
"Female","bmi",22.1
"Female","height",170
"Female","weight",67.3
"Female","bmi",23.3
"Female","height",153
"Female","weight",45.6
"Female","bmi",19.5
"Female","height",167
"Female","weight",74.5
"Female","bmi",26.7
"Female","height",169
"Female","weight",56.9
"Female","bmi",19.9
"Female","height",162
"Female","weight",66.5
"Female","bmi",25.3
"Female","height",159
"Female","weight",57.8
"Female","bmi",22.9
"Female","height",162
"Female","weight",59.6
"Female","bmi",22.7
"Female","height",163
"Female","weight",56.2
"Female","bmi",21.2
"Female","height",172
"Female","weight",83.3
"Female","bmi",28.2
"Female","height",158
"Female","weight",54
"Female","bmi",21.6
"Female","height",156
"Female","weight",60.3
"Female","bmi",24.8
"Female","height",159
"Female","weight",55.2
"Female","bmi",21.8
"Female","height",168
"Female","weight",78.6
"Female","bmi",27.8
"Female","height",174
"Female","weight",68.6
"Female","bmi",22.7
"Female","height",161
"Female","weight",62.6
"Female","bmi",24.2
"Female","height",149
"Female","weight",48.9
"Female","bmi",22
"Female","height",153
"Female","weight",50.4
"Female","bmi",21.5
"Female","height",156
"Female","weight",44
"Female","bmi",18.1
"Female","height",166
"Female","weight",70.1
"Female","bmi",25.4
"Female","height",154
"Female","weight",55.2
"Female","bmi",23.3
"Female","height",157
"Female","weight",53.1
"Female","bmi",21.5
"Female","height",152
"Female","weight",51.9
"Female","bmi",22.5
"Female","height",162
"Female","weight",56.6
"Female","bmi",21.6
"Female","height",160
"Female","weight",60.2
"Female","bmi",23.5
"Female","height",169
"Female","weight",73.1
"Female","bmi",25.6
"Female","height",159
"Female","weight",51.5
"Female","bmi",20.4
"Female","height",177
"Female","weight",75.7
"Female","bmi",24.2
"Female","height",158
"Female","weight",55.2
"Female","bmi",22.1
"Female","height",159
"Female","weight",51.4
"Female","bmi",20.3
"Female","height",169
"Female","weight",62.5
"Female","bmi",21.9
"Female","height",157
"Female","weight",51.2
"Female","bmi",20.8
"Female","height",152
"Female","weight",49.5
"Female","bmi",21.4
"Female","height",164
"Female","weight",64.9
"Female","bmi",24.1
"Female","height",152
"Female","weight",51.8
"Female","bmi",22.4
"Female","height",165
"Female","weight",70.3
"Female","bmi",25.8
"Female","height",170
"Female","weight",74.7
"Female","bmi",25.8
"Female","height",164
"Female","weight",63.2
"Female","bmi",23.5
"Female","height",159
"Female","weight",62
"Female","bmi",24.5
"Female","height",150
"Female","weight",43.1
"Female","bmi",19.2
"Female","height",162
"Female","weight",66.4
"Female","bmi",25.3
"Female","height",172
"Female","weight",77
"Female","bmi",26
"Female","height",163
"Female","weight",63.3
"Female","bmi",23.8
"Female","height",152
"Female","weight",44.6
"Female","bmi",19.3
"Female","height",167
"Female","weight",73.4
"Female","bmi",26.3
"Female","height",163
"Female","weight",65.1
"Female","bmi",24.5
"Female","height",161
"Female","weight",60.2
"Female","bmi",23.2
"Female","height",165
"Female","weight",63.5
"Female","bmi",23.3
"Female","height",163
"Female","weight",58.6
"Female","bmi",22.1
"Female","height",171
"Female","weight",81.2
"Female","bmi",27.8
"Female","height",148
"Female","weight",50
"Female","bmi",22.8
"Female","height",162
"Female","weight",60.3
"Female","bmi",23
"Female","height",164
"Female","weight",64
"Female","bmi",23.8
"Female","height",157
"Female","weight",48.7
"Female","bmi",19.8
"Female","height",162
"Female","weight",54
"Female","bmi",20.6
"Female","height",170
"Female","weight",70.6
"Female","bmi",24.4
"Female","height",161
"Female","weight",55
"Female","bmi",21.2
"Female","height",156
"Female","weight",57.5
"Female","bmi",23.6
"Female","height",161
"Female","weight",59.7
"Female","bmi",23
"Female","height",158
"Female","weight",60.7
"Female","bmi",24.3
"Female","height",162
"Female","weight",59.5
"Female","bmi",22.7
"Female","height",168
"Female","weight",72.6
"Female","bmi",25.7
"Female","height",165
"Female","weight",67.9
"Female","bmi",24.9
"Female","height",155
"Female","weight",58.9
"Female","bmi",24.5
"Female","height",167
"Female","weight",70.2
"Female","bmi",25.2
"Female","height",164
"Female","weight",68.9
"Female","bmi",25.6
"Female","height",155
"Female","weight",51.9
"Female","bmi",21.6
"Female","height",152
"Female","weight",55.3
"Female","bmi",23.9
"Female","height",162
"Female","weight",59.7
"Female","bmi",22.7
"Female","height",169
"Female","weight",68.6
"Female","bmi",24
"Female","height",154
"Female","weight",58.1
"Female","bmi",24.5
"Female","height",164
"Female","weight",62.8
"Female","bmi",23.3
"Female","height",160
"Female","weight",57.6
"Female","bmi",22.5
"Female","height",154
"Female","weight",56.7
"Female","bmi",23.9
"Female","height",144
"Female","weight",46.3
"Female","bmi",22.3
"Female","height",176
"Female","weight",76.9
"Female","bmi",24.8
"Female","height",158
"Female","weight",63
"Female","bmi",25.2
"Female","height",167
"Female","weight",73.7
"Female","bmi",26.4
"Female","height",158
"Female","weight",62.5
"Female","bmi",25
"Female","height",164
"Female","weight",68.7
"Female","bmi",25.5
"Female","height",169
"Female","weight",72.4
"Female","bmi",25.3
"Female","height",174
"Female","weight",76.4
"Female","bmi",25.2
"Female","height",164
"Female","weight",59.7
"Female","bmi",22.2
"Female","height",163
"Female","weight",64.2
"Female","bmi",24.2
"Female","height",171
"Female","weight",68
"Female","bmi",23.3
"Female","height",161
"Female","weight",58.5
"Female","bmi",22.6
"Female","height",155
"Female","weight",61.2
"Female","bmi",25.5
"Female","height",171
"Female","weight",66.1
"Female","bmi",22.6
"Female","height",170
"Female","weight",68.4
"Female","bmi",23.7
"Female","height",176
"Female","weight",71.9
"Female","bmi",23.2
"Female","height",158
"Female","weight",65.4
"Female","bmi",26.2
"Female","height",166
"Female","weight",66.6
"Female","bmi",24.2
"Female","height",179
"Female","weight",78.9
"Female","bmi",24.6
"Female","height",162
"Female","weight",64.8
"Female","bmi",24.7
"Female","height",156
"Female","weight",46.7
"Female","bmi",19.2
"Female","height",155
"Female","weight",55.2
"Female","bmi",23
"Female","height",170
"Female","weight",76.2
"Female","bmi",26.4
"Female","height",172
"Female","weight",63.5
"Female","bmi",21.5
"Female","height",161
"Female","weight",62.5
"Female","bmi",24.1
"Female","height",151
"Female","weight",46.3
"Female","bmi",20.3
"Female","height",167
"Female","weight",62.6
"Female","bmi",22.4
"Female","height",165
"Female","weight",68.5
"Female","bmi",25.2
"Female","height",163
"Female","weight",63.4
"Female","bmi",23.9
"Female","height",154
"Female","weight",55.7
"Female","bmi",23.5
"Female","height",165
"Female","weight",64.6
"Female","bmi",23.7
"Female","height",169
"Female","weight",73.6
"Female","bmi",25.8
"Female","height",158
"Female","weight",60.8
"Female","bmi",24.4
"Female","height",165
"Female","weight",71.2
"Female","bmi",26.2
"Female","height",153
"Female","weight",48.1
"Female","bmi",20.5
"Female","height",154
"Female","weight",50.3
"Female","bmi",21.2
"Female","height",158
"Female","weight",62.2
"Female","bmi",24.9
"Female","height",168
"Female","weight",63.9
"Female","bmi",22.6
"Female","height",167
"Female","weight",68
"Female","bmi",24.4
"Female","height",157
"Female","weight",64.8
"Female","bmi",26.3
"Female","height",157
"Female","weight",59.1
"Female","bmi",24
"Female","height",158
"Female","weight",61
"Female","bmi",24.4
"Female","height",160
"Female","weight",55.1
"Female","bmi",21.5
"Female","height",162
"Female","weight",65.2
"Female","bmi",24.8
"Female","height",164
"Female","weight",59.3
"Female","bmi",22
"Female","height",157
"Female","weight",58.4
"Female","bmi",23.7
"Female","height",151
"Female","weight",55.4
"Female","bmi",24.3
"Female","height",166
"Female","weight",68.2
"Female","bmi",24.7
"Female","height",169
"Female","weight",60.2
"Female","bmi",21.1
"Female","height",165
"Female","weight",71.4
"Female","bmi",26.2
"Female","height",162
"Female","weight",58.7
"Female","bmi",22.4
"Female","height",150
"Female","weight",49.5
"Female","bmi",22
"Female","height",160
"Female","weight",60.3
"Female","bmi",23.6
"Female","height",164
"Female","weight",64.9
"Female","bmi",24.1
"Female","height",158
"Female","weight",54
"Female","bmi",21.6
"Female","height",170
"Female","weight",78.2
"Female","bmi",27.1
"Female","height",163
"Female","weight",66.6
"Female","bmi",25.1
"Female","height",171
"Female","weight",70.9
"Female","bmi",24.2
"Female","height",166
"Female","weight",60.4
"Female","bmi",21.9
"Female","height",158
"Female","weight",62.1
"Female","bmi",24.9
"Female","height",164
"Female","weight",66.2
"Female","bmi",24.6
"Female","height",172
"Female","weight",78.3
"Female","bmi",26.5
"Female","height",166
"Female","weight",59.2
"Female","bmi",21.5
"Female","height",154
"Female","weight",56.4
"Female","bmi",23.8
"Female","height",157
"Female","weight",57.8
"Female","bmi",23.4
"Female","height",170
"Female","weight",73.5
"Female","bmi",25.4
"Female","height",162
"Female","weight",65.6
"Female","bmi",25
"Female","height",167
"Female","weight",66.4
"Female","bmi",23.8
"Female","height",167
"Female","weight",69.3
"Female","bmi",24.8
"Female","height",162
"Female","weight",60.7
"Female","bmi",23.1
"Female","height",167
"Female","weight",54.1
"Female","bmi",19.4
"Female","height",168
"Female","weight",63.1
"Female","bmi",22.4
"Female","height",161
"Female","weight",67
"Female","bmi",25.8
"Female","height",165
"Female","weight",56.5
"Female","bmi",20.8
"Female","height",162
"Female","weight",67.7
"Female","bmi",25.8
"Female","height",164
"Female","weight",59.2
"Female","bmi",22
"Female","height",160
"Female","weight",57.5
"Female","bmi",22.5
"Female","height",165
"Female","weight",57.7
"Female","bmi",21.2
"Female","height",166
"Female","weight",67.1
"Female","bmi",24.4
"Female","height",155
"Female","weight",54
"Female","bmi",22.5
"Female","height",161
"Female","weight",62.5
"Female","bmi",24.1
"Female","height",155
"Female","weight",51.1
"Female","bmi",21.3
"Female","height",163
"Female","weight",57.2
"Female","bmi",21.5
"Female","height",168
"Female","weight",72.2
"Female","bmi",25.6
"Female","height",155
"Female","weight",57.4
"Female","bmi",23.9
"Female","height",172
"Female","weight",68.9
"Female","bmi",23.3
"Female","height",161
"Female","weight",68.1
"Female","bmi",26.3
"Female","height",168
"Female","weight",69
"Female","bmi",24.4
"Female","height",160
"Female","weight",63.2
"Female","bmi",24.7
"Female","height",167
"Female","weight",68.9
"Female","bmi",24.7
"Female","height",166
"Female","weight",68
"Female","bmi",24.7
"Female","height",166
"Female","weight",64.6
"Female","bmi",23.4
"Female","height",167
"Female","weight",70.2
"Female","bmi",25.2
"Female","height",162
"Female","weight",63.8
"Female","bmi",24.3
"Female","height",158
"Female","weight",57.3
"Female","bmi",23
"Female","height",163
"Female","weight",65.3
"Female","bmi",24.6
"Female","height",165
"Female","weight",64.5
"Female","bmi",23.7
"Female","height",163
"Female","weight",64.1
"Female","bmi",24.1
"Female","height",170
"Female","weight",67.6
"Female","bmi",23.4
"Female","height",164
"Female","weight",66.2
"Female","bmi",24.6
"Female","height",165
"Female","weight",70.1
"Female","bmi",25.7
"Female","height",155
"Female","weight",47.5
"Female","bmi",19.8
"Female","height",159
"Female","weight",58.1
"Female","bmi",23
"Female","height",162
"Female","weight",61.1
"Female","bmi",23.3
"Female","height",160
"Female","weight",60.5
"Female","bmi",23.6
"Female","height",149
"Female","weight",51.3
"Female","bmi",23.1
"Female","height",164
"Female","weight",59.1
"Female","bmi",22
"Female","height",166
"Female","weight",70.1
"Female","bmi",25.4
"Female","height",159
"Female","weight",56.5
"Female","bmi",22.3
"Female","height",170
"Female","weight",68.7
"Female","bmi",23.8
"Female","height",164
"Female","weight",69.3
"Female","bmi",25.8
"Female","height",164
"Female","weight",67.6
"Female","bmi",25.1
"Female","height",158
"Female","weight",60.9
"Female","bmi",24.4
"Female","height",157
"Female","weight",58.3
"Female","bmi",23.7
"Female","height",163
"Female","weight",60
"Female","bmi",22.6
"Female","height",161
"Female","weight",60.9
"Female","bmi",23.5
"Female","height",170
"Female","weight",71
"Female","bmi",24.6
"Female","height",158
"Female","weight",54.6
"Female","bmi",21.9
"Female","height",162
"Female","weight",62.9
"Female","bmi",24
"Female","height",164
"Female","weight",62.6
"Female","bmi",23.3
"Female","height",166
"Female","weight",62.4
"Female","bmi",22.6
"Female","height",148
"Female","weight",51.5
"Female","bmi",23.5
"Female","height",175
"Female","weight",82.2
"Female","bmi",26.8
"Female","height",172
"Female","weight",74.9
"Female","bmi",25.3
"Female","height",165
"Female","weight",61.3
"Female","bmi",22.5
"Female","height",163
"Female","weight",68
"Female","bmi",25.6
"Female","height",154
"Female","weight",53.8
"Female","bmi",22.7
"Female","height",157
"Female","weight",62.9
"Female","bmi",25.5
"Female","height",170
"Female","weight",76.4
"Female","bmi",26.4
"Female","height",167
"Female","weight",73
"Female","bmi",26.2
"Female","height",155
"Female","weight",50.7
"Female","bmi",21.1
"Female","height",165
"Female","weight",63.4
"Female","bmi",23.3
"Female","height",157
"Female","weight",56.7
"Female","bmi",23
"Female","height",169
"Female","weight",67
"Female","bmi",23.5
"Female","height",164
"Female","weight",74.4
"Female","bmi",27.7
"Female","height",154
"Female","weight",57.5
"Female","bmi",24.2
"Female","height",155
"Female","weight",61.1
"Female","bmi",25.4
"Female","height",158
"Female","weight",51
"Female","bmi",20.4
"Female","height",162
"Female","weight",59.2
"Female","bmi",22.6
"Female","height",163
"Female","weight",59.7
"Female","bmi",22.5
"Female","height",174
"Female","weight",75.6
"Female","bmi",25
"Female","height",154
"Female","weight",62.1
"Female","bmi",26.2
"Female","height",162
"Female","weight",58.5
"Female","bmi",22.3
"Female","height",160
"Female","weight",56.4
"Female","bmi",22
"Female","height",166
"Female","weight",61.2
"Female","bmi",22.2
"Female","height",162
"Female","weight",59.7
"Female","bmi",22.7
"Female","height",163
"Female","weight",62.5
"Female","bmi",23.5
"Female","height",160
"Female","weight",60.3
"Female","bmi",23.6
"Female","height",155
"Female","weight",52.7
"Female","bmi",21.9
"Female","height",167
"Female","weight",59.2
"Female","bmi",21.2
"Female","height",155
"Female","weight",59.5
"Female","bmi",24.8
"Female","height",164
"Female","weight",59.4
"Female","bmi",22.1
"Female","height",156
"Female","weight",52.2
"Female","bmi",21.4
"Female","height",158
"Female","weight",68.5
"Female","bmi",27.4
"Female","height",167
"Female","weight",69.4
"Female","bmi",24.9
"Female","height",163
"Female","weight",66
"Female","bmi",24.8
"Female","height",162
"Female","weight",60.4
"Female","bmi",23
"Female","height",169
"Female","weight",66.4
"Female","bmi",23.2
"Female","height",153
"Female","weight",44.5
"Female","bmi",19
"Female","height",169
"Female","weight",68.6
"Female","bmi",24
"Female","height",164
"Female","weight",71.2
"Female","bmi",26.5
"Female","height",168
"Female","weight",65.9
"Female","bmi",23.3
"Female","height",175
"Female","weight",76.4
"Female","bmi",24.9
"Female","height",167
"Female","weight",63.2
"Female","bmi",22.7
"Female","height",166
"Female","weight",54.3
"Female","bmi",19.7
"Female","height",163
"Female","weight",60.4
"Female","bmi",22.7
"Female","height",163
"Female","weight",62.4
"Female","bmi",23.5
"Female","height",153
"Female","weight",44.1
"Female","bmi",18.8
"Female","height",161
"Female","weight",55.1
"Female","bmi",21.3
"Female","height",161
"Female","weight",61.7
"Female","bmi",23.8
"Female","height",161
"Female","weight",55.6
"Female","bmi",21.4
"Female","height",154
"Female","weight",49.8
"Female","bmi",21
"Female","height",157
"Female","weight",55.3
"Female","bmi",22.4
"Female","height",170
"Female","weight",59.7
"Female","bmi",20.7
"Female","height",158
"Female","weight",52.1
"Female","bmi",20.9
"Female","height",159
"Female","weight",65.1
"Female","bmi",25.8
"Female","height",161
"Female","weight",62.6
"Female","bmi",24.2
"Female","height",170
"Female","weight",68.5
"Female","bmi",23.7
"Female","height",161
"Female","weight",61.7
"Female","bmi",23.8
"Female","height",162
"Female","weight",62.2
"Female","bmi",23.7
"Female","height",165
"Female","weight",59.7
"Female","bmi",21.9
"Female","height",167
"Female","weight",69.6
"Female","bmi",25
"Female","height",150
"Female","weight",45
"Female","bmi",20
"Female","height",172
"Female","weight",65.7
"Female","bmi",22.2
"Female","height",170
"Female","weight",75.4
"Female","bmi",26.1
"Female","height",155
"Female","weight",55.8
"Female","bmi",23.2
"Female","height",161
"Female","weight",61.2
"Female","bmi",23.6
"Female","height",155
"Female","weight",58.1
"Female","bmi",24.2
"Female","height",155
"Female","weight",64.6
"Female","bmi",26.9
"Female","height",173
"Female","weight",75.6
"Female","bmi",25.3
"Female","height",164
"Female","weight",56.3
"Female","bmi",20.9
"Female","height",158
"Female","weight",60.5
"Female","bmi",24.2
"Female","height",159
"Female","weight",59.2
"Female","bmi",23.4
"Female","height",165
"Female","weight",65.4
"Female","bmi",24
"Female","height",157
"Female","weight",59.3
"Female","bmi",24.1
"Female","height",165
"Female","weight",64.5
"Female","bmi",23.7
"Female","height",156
"Female","weight",54.7
"Female","bmi",22.5
"Female","height",159
"Female","weight",58.1
"Female","bmi",23
"Female","height",158
"Female","weight",63.1
"Female","bmi",25.3
"Female","height",148
"Female","weight",45.8
"Female","bmi",20.9
"Female","height",155
"Female","weight",50.2
"Female","bmi",20.9
"Female","height",161
"Female","weight",61.2
"Female","bmi",23.6
"Female","height",172
"Female","weight",64.7
"Female","bmi",21.9
"Female","height",163
"Female","weight",61.9
"Female","bmi",23.3
"Female","height",167
"Female","weight",59.7
"Female","bmi",21.4
"Female","height",162
"Female","weight",66
"Female","bmi",25.1
"Female","height",166
"Female","weight",60
"Female","bmi",21.8
"Female","height",152
"Female","weight",49.1
"Female","bmi",21.3
"Female","height",167
"Female","weight",70.1
"Female","bmi",25.1
"Female","height",159
"Female","weight",66.4
"Female","bmi",26.3
"Female","height",163
"Female","weight",67.3
"Female","bmi",25.3
"Female","height",159
"Female","weight",60.8
"Female","bmi",24
"Female","height",152
"Female","weight",45.3
"Female","bmi",19.6
"Female","height",162
"Female","weight",62
"Female","bmi",23.6
"Female","height",165
"Female","weight",65.6
"Female","bmi",24.1
"Female","height",165
"Female","weight",68.7
"Female","bmi",25.2
"Female","height",169
"Female","weight",60
"Female","bmi",21
"Female","height",162
"Female","weight",71.1
"Female","bmi",27.1
"Female","height",164
"Female","weight",75
"Female","bmi",27.9
"Female","height",165
"Female","weight",60.5
"Female","bmi",22.2
"Female","height",156
"Female","weight",52.1
"Female","bmi",21.4
"Female","height",167
"Female","weight",72.7
"Female","bmi",26.1
"Female","height",164
"Female","weight",70.2
"Female","bmi",26.1
"Female","height",157
"Female","weight",62.1
"Female","bmi",25.2
"Female","height",167
"Female","weight",71.6
"Female","bmi",25.7
"Female","height",163
"Female","weight",68.7
"Female","bmi",25.9
"Female","height",165
"Female","weight",68.6
"Female","bmi",25.2
"Female","height",138
"Female","weight",29.3
"Female","bmi",15.4
"Female","height",163
"Female","weight",73.3
"Female","bmi",27.6
"Female","height",163
"Female","weight",56.9
"Female","bmi",21.4
"Female","height",156
"Female","weight",54.3
"Female","bmi",22.3
"Female","height",160
"Female","weight",62.8
"Female","bmi",24.5
"Female","height",171
"Female","weight",68
"Female","bmi",23.3
"Female","height",158
"Female","weight",66.3
"Female","bmi",26.6
"Female","height",158
"Female","weight",55.1
"Female","bmi",22.1
"Female","height",169
"Female","weight",61.7
"Female","bmi",21.6
"Female","height",162
"Female","weight",62.1
"Female","bmi",23.7
"Female","height",154
"Female","weight",55.1
"Female","bmi",23.2
"Female","height",165
"Female","weight",70.8
"Female","bmi",26
"Female","height",158
"Female","weight",58.7
"Female","bmi",23.5
"Female","height",164
"Female","weight",64.9
"Female","bmi",24.1
"Female","height",168
"Female","weight",65.7
"Female","bmi",23.3
"Female","height",160
"Female","weight",67.9
"Female","bmi",26.5
"Female","height",158
"Female","weight",59.2
"Female","bmi",23.7
"Female","height",158
"Female","weight",54
"Female","bmi",21.6
"Female","height",154
"Female","weight",48.4
"Female","bmi",20.4
"Female","height",161
"Female","weight",62.9
"Female","bmi",24.3
"Female","height",161
"Female","weight",58
"Female","bmi",22.4
"Female","height",155
"Female","weight",54.7
"Female","bmi",22.8
"Female","height",162
"Female","weight",55.5
"Female","bmi",21.1
"Female","height",160
"Female","weight",55.3
"Female","bmi",21.6
"Female","height",152
"Female","weight",42.3
"Female","bmi",18.3
"Female","height",173
"Female","weight",85.7
"Female","bmi",28.6
"Female","height",145
"Female","weight",48.1
"Female","bmi",22.9
"Female","height",168
"Female","weight",65.2
"Female","bmi",23.1
"Female","height",160
"Female","weight",55.9
"Female","bmi",21.8
"Female","height",162
"Female","weight",58.8
"Female","bmi",22.4
"Female","height",164
"Female","weight",68.8
"Female","bmi",25.6
"Female","height",159
"Female","weight",56.4
"Female","bmi",22.3
"Female","height",162
"Female","weight",58.5
"Female","bmi",22.3
"Female","height",147
"Female","weight",51
"Female","bmi",23.6
"Female","height",162
"Female","weight",62.6
"Female","bmi",23.9
"Female","height",157
"Female","weight",67.7
"Female","bmi",27.5
"Female","height",158
"Female","weight",53
"Female","bmi",21.2
"Female","height",161
"Female","weight",59.1
"Female","bmi",22.8
"Female","height",158
"Female","weight",59.8
"Female","bmi",24
"Female","height",165
"Female","weight",67.3
"Female","bmi",24.7
"Female","height",155
"Female","weight",55.1
"Female","bmi",22.9
"Female","height",170
"Female","weight",65.2
"Female","bmi",22.6
"Female","height",162
"Female","weight",60.6
"Female","bmi",23.1
"Female","height",164
"Female","weight",56.8
"Female","bmi",21.1
"Female","height",162
"Female","weight",68.8
"Female","bmi",26.2
"Female","height",157
"Female","weight",59.8
"Female","bmi",24.3
"Female","height",163
"Female","weight",67.7
"Female","bmi",25.5
"Female","height",163
"Female","weight",64.1
"Female","bmi",24.1
"Female","height",165
"Female","weight",64.1
"Female","bmi",23.5
"Female","height",161
"Female","weight",58.1
"Female","bmi",22.4
"Female","height",170
"Female","weight",68.4
"Female","bmi",23.7
"Female","height",164
"Female","weight",65.6
"Female","bmi",24.4
"Female","height",159
"Female","weight",63.9
"Female","bmi",25.3
"Female","height",179
"Female","weight",72
"Female","bmi",22.5
"Female","height",170
"Female","weight",76.5
"Female","bmi",26.5
"Female","height",160
"Female","weight",73
"Female","bmi",28.5
"Female","height",164
"Female","weight",68.4
"Female","bmi",25.4
"Female","height",163
"Female","weight",69.5
"Female","bmi",26.2
"Female","height",158
"Female","weight",53.1
"Female","bmi",21.3
"Female","height",158
"Female","weight",62.9
"Female","bmi",25.2
"Female","height",172
"Female","weight",67.9
"Female","bmi",23
"Female","height",161
"Female","weight",60.1
"Female","bmi",23.2
"Female","height",168
"Female","weight",63.7
"Female","bmi",22.6
"Female","height",157
"Female","weight",54.9
"Female","bmi",22.3
"Female","height",165
"Female","weight",63.7
"Female","bmi",23.4
"Female","height",154
"Female","weight",50.8
"Female","bmi",21.4
"Female","height",154
"Female","weight",46.1
"Female","bmi",19.4
"Female","height",161
"Female","weight",57.4
"Female","bmi",22.1
"Female","height",156
"Female","weight",58.9
"Female","bmi",24.2
"Female","height",164
"Female","weight",59.2
"Female","bmi",22
"Female","height",164
"Female","weight",67.6
"Female","bmi",25.1
"Female","height",154
"Female","weight",51.8
"Female","bmi",21.8
"Female","height",154
"Female","weight",45.5
"Female","bmi",19.2
"Female","height",170
"Female","weight",76.2
"Female","bmi",26.4
"Female","height",154
"Female","weight",52.7
"Female","bmi",22.2
"Female","height",157
"Female","weight",61.9
"Female","bmi",25.1
"Female","height",163
"Female","weight",65.3
"Female","bmi",24.6
"Female","height",168
"Female","weight",67.6
"Female","bmi",24
"Female","height",159
"Female","weight",55.4
"Female","bmi",21.9
"Female","height",153
"Female","weight",49.6
"Female","bmi",21.2
"Female","height",154
"Female","weight",54.7
"Female","bmi",23.1
"Female","height",162
"Female","weight",59.6
"Female","bmi",22.7
"Female","height",158
"Female","weight",51.5
"Female","bmi",20.6
"Female","height",159
"Female","weight",65.9
"Female","bmi",26.1
"Female","height",164
"Female","weight",67.6
"Female","bmi",25.1
"Female","height",155
"Female","weight",51.5
"Female","bmi",21.4
"Female","height",157
"Female","weight",58.8
"Female","bmi",23.9
"Female","height",163
"Female","weight",55.8
"Female","bmi",21
"Female","height",157
"Female","weight",50.8
"Female","bmi",20.6
"Female","height",164
"Female","weight",65.7
"Female","bmi",24.4
"Female","height",154
"Female","weight",55.6
"Female","bmi",23.4
"Female","height",163
"Female","weight",63.7
"Female","bmi",24
"Female","height",154
"Female","weight",54
"Female","bmi",22.8
"Female","height",165
"Female","weight",67.8
"Female","bmi",24.9
"Female","height",164
"Female","weight",63.9
"Female","bmi",23.8
"Female","height",158
"Female","weight",60.7
"Female","bmi",24.3
"Female","height",156
"Female","weight",60
"Female","bmi",24.7
"Female","height",160
"Female","weight",51.2
"Female","bmi",20
"Female","height",150
"Female","weight",48.9
"Female","bmi",21.7
"Female","height",162
"Female","weight",56.6
"Female","bmi",21.6
"Female","height",161
"Female","weight",65.6
"Female","bmi",25.3
"Female","height",159
"Female","weight",48.1
"Female","bmi",19
"Female","height",160
"Female","weight",64
"Female","bmi",25
"Female","height",164
"Female","weight",70.9
"Female","bmi",26.4
"Female","height",166
"Female","weight",67.6
"Female","bmi",24.5
"Female","height",164
"Female","weight",67.1
"Female","bmi",24.9
"Female","height",166
"Female","weight",66.1
"Female","bmi",24
"Female","height",165
"Female","weight",65.6
"Female","bmi",24.1
"Female","height",163
"Female","weight",68.7
"Female","bmi",25.9
"Female","height",164
"Female","weight",62.6
"Female","bmi",23.3
"Female","height",173
"Female","weight",75.7
"Female","bmi",25.3
"Female","height",168
"Female","weight",66
"Female","bmi",23.4
"Female","height",160
"Female","weight",66.3
"Female","bmi",25.9
"Female","height",160
"Female","weight",65
"Female","bmi",25.4
"Female","height",167
"Female","weight",68
"Female","bmi",24.4
"Female","height",171
"Female","weight",74.5
"Female","bmi",25.5
"Female","height",159
"Female","weight",63
"Female","bmi",24.9
"Female","height",164
"Female","weight",62.4
"Female","bmi",23.2
"Female","height",158
"Female","weight",60.8
"Female","bmi",24.4
"Female","height",158
"Female","weight",60.4
"Female","bmi",24.2
"Female","height",173
"Female","weight",66.6
"Female","bmi",22.3
"Female","height",149
"Female","weight",44.7
"Female","bmi",20.1
"Female","height",168
"Female","weight",66.7
"Female","bmi",23.6
"Female","height",165
"Female","weight",61.8
"Female","bmi",22.7
"Female","height",157
"Female","weight",54.7
"Female","bmi",22.2
"Female","height",164
"Female","weight",65.9
"Female","bmi",24.5
"Female","height",169
"Female","weight",71.1
"Female","bmi",24.9
"Female","height",172
"Female","weight",69.5
"Female","bmi",23.5
"Female","height",162
"Female","weight",60.7
"Female","bmi",23.1
"Female","height",158
"Female","weight",49.2
"Female","bmi",19.7
"Female","height",161
"Female","weight",61.2
"Female","bmi",23.6
"Female","height",153
"Female","weight",49.5
"Female","bmi",21.1
"Female","height",167
"Female","weight",68.2
"Female","bmi",24.5
"Female","height",167
"Female","weight",62.5
"Female","bmi",22.4
"Female","height",154
"Female","weight",58.7
"Female","bmi",24.8
"Female","height",165
"Female","weight",60.8
"Female","bmi",22.3
"Female","height",161
"Female","weight",55.8
"Female","bmi",21.5
"Female","height",167
"Female","weight",71.4
"Female","bmi",25.6
"Female","height",161
"Female","weight",62.5
"Female","bmi",24.1
"Female","height",181
"Female","weight",79.9
"Female","bmi",24.4
"Female","height",161
"Female","weight",64.4
"Female","bmi",24.8
"Female","height",151
"Female","weight",57.8
"Female","bmi",25.3
"Female","height",154
"Female","weight",52.7
"Female","bmi",22.2
"Female","height",159
"Female","weight",60.1
"Female","bmi",23.8
"Female","height",154
"Female","weight",52.8
"Female","bmi",22.3
"Female","height",168
"Female","weight",72.8
"Female","bmi",25.8
"Female","height",172
"Female","weight",70.7
"Female","bmi",23.9
"Female","height",154
"Female","weight",54.7
"Female","bmi",23.1
"Female","height",176
"Female","weight",84
"Female","bmi",27.1
"Female","height",163
"Female","weight",60.9
"Female","bmi",22.9
"Female","height",165
"Female","weight",65.6
"Female","bmi",24.1
"Female","height",161
"Female","weight",59.8
"Female","bmi",23.1
"Female","height",161
"Female","weight",60.3
"Female","bmi",23.3
"Female","height",172
"Female","weight",68.9
"Female","bmi",23.3
"Female","height",159
"Female","weight",65.2
"Female","bmi",25.8
"Female","height",174
"Female","weight",67.7
"Female","bmi",22.4
"Female","height",156
"Female","weight",56.1
"Female","bmi",23.1
"Female","height",164
"Female","weight",67.6
"Female","bmi",25.1
"Female","height",170
"Female","weight",78.1
"Female","bmi",27
"Female","height",162
"Female","weight",59.9
"Female","bmi",22.8
"Female","height",156
"Female","weight",58.1
"Female","bmi",23.9
"Female","height",154
"Female","weight",54.2
"Female","bmi",22.9
"Female","height",168
"Female","weight",70
"Female","bmi",24.8
"Female","height",158
"Female","weight",48.2
"Female","bmi",19.3
"Female","height",160
"Female","weight",60.6
"Female","bmi",23.7
"Female","height",159
"Female","weight",64.7
"Female","bmi",25.6
"Female","height",161
"Female","weight",60.4
"Female","bmi",23.3
"Female","height",167
"Female","weight",63.6
"Female","bmi",22.8
"Female","height",155
"Female","weight",57.8
"Female","bmi",24.1
"Female","height",169
"Female","weight",72.1
"Female","bmi",25.2
"Female","height",161
"Female","weight",59.4
"Female","bmi",22.9
"Female","height",173
"Female","weight",77.7
"Female","bmi",26
"Female","height",158
"Female","weight",63.4
"Female","bmi",25.4
"Female","height",167
"Female","weight",76.1
"Female","bmi",27.3
"Female","height",159
"Female","weight",66.8
"Female","bmi",26.4
"Female","height",161
"Female","weight",63.6
"Female","bmi",24.5
"Female","height",163
"Female","weight",62.7
"Female","bmi",23.6
"Female","height",145
"Female","weight",38.3
"Female","bmi",18.2
"Female","height",164
"Female","weight",63.3
"Female","bmi",23.5
"Female","height",156
"Female","weight",46.8
"Female","bmi",19.2
"Female","height",157
"Female","weight",50.1
"Female","bmi",20.3
"Female","height",164
"Female","weight",62.3
"Female","bmi",23.2
"Female","height",160
"Female","weight",55.5
"Female","bmi",21.7
"Female","height",150
"Female","weight",56.7
"Female","bmi",25.2
"Female","height",174
"Female","weight",71.6
"Female","bmi",23.6
"Female","height",172
"Female","weight",73.3
"Female","bmi",24.8
"Female","height",159
"Female","weight",57.4
"Female","bmi",22.7
"Female","height",160
"Female","weight",61.6
"Female","bmi",24.1
"Female","height",160
"Female","weight",64.4
"Female","bmi",25.2
"Female","height",167
"Female","weight",64.9
"Female","bmi",23.3
"Female","height",166
"Female","weight",63.3
"Female","bmi",23
"Female","height",160
"Female","weight",58.2
"Female","bmi",22.7
"Female","height",166
"Female","weight",64.5
"Female","bmi",23.4
"Female","height",159
"Female","weight",55.8
"Female","bmi",22.1
"Female","height",164
"Female","weight",61.6
"Female","bmi",22.9
"Female","height",158
"Female","weight",55.4
"Female","bmi",22.2
"Female","height",172
"Female","weight",70
"Female","bmi",23.7
"Female","height",157
"Female","weight",51.2
"Female","bmi",20.8
"Female","height",158
"Female","weight",51.9
"Female","bmi",20.8
"Female","height",166
"Female","weight",67.7
"Female","bmi",24.6
"Female","height",165
"Female","weight",59.2
"Female","bmi",21.7
"Female","height",152
"Female","weight",51.6
"Female","bmi",22.3
"Female","height",162
"Female","weight",58.6
"Female","bmi",22.3
"Female","height",162
"Female","weight",64.6
"Female","bmi",24.6
"Female","height",152
"Female","weight",51.3
"Female","bmi",22.2
"Female","height",167
"Female","weight",67.8
"Female","bmi",24.3
"Female","height",158
"Female","weight",61.1
"Female","bmi",24.5
"Female","height",147
"Female","weight",44
"Female","bmi",20.4
"Female","height",172
"Female","weight",73.6
"Female","bmi",24.9
"Female","height",157
"Female","weight",56.4
"Female","bmi",22.9
"Female","height",152
"Female","weight",50.5
"Female","bmi",21.9
"Female","height",159
"Female","weight",53.4
"Female","bmi",21.1
"Female","height",153
"Female","weight",56.3
"Female","bmi",24.1
"Female","height",168
"Female","weight",71.5
"Female","bmi",25.3
"Female","height",170
"Female","weight",69.9
"Female","bmi",24.2
"Female","height",167
"Female","weight",57.1
"Female","bmi",20.5
"Female","height",157
"Female","weight",52.1
"Female","bmi",21.1
"Female","height",152
"Female","weight",52.4
"Female","bmi",22.7
"Female","height",167
"Female","weight",65.3
"Female","bmi",23.4
"Female","height",167
"Female","weight",60.7
"Female","bmi",21.8
"Female","height",152
"Female","weight",46.9
"Female","bmi",20.3
"Female","height",162
"Female","weight",58
"Female","bmi",22.1
"Female","height",147
"Female","weight",48.5
"Female","bmi",22.4
"Female","height",160
"Female","weight",54.4
"Female","bmi",21.2
"Female","height",154
"Female","weight",40.9
"Female","bmi",17.2
"Female","height",155
"Female","weight",47.8
"Female","bmi",19.9
"Female","height",152
"Female","weight",55.4
"Female","bmi",24
"Female","height",162
"Female","weight",66.1
"Female","bmi",25.2
"Female","height",166
"Female","weight",67.4
"Female","bmi",24.5
"Female","height",161
"Female","weight",67.8
"Female","bmi",26.2
"Female","height",162
"Female","weight",61
"Female","bmi",23.2
"Female","height",159
"Female","weight",63.1
"Female","bmi",25
"Female","height",158
"Female","weight",59.1
"Female","bmi",23.7
"Female","height",166
"Female","weight",66.3
"Female","bmi",24.1
"Female","height",162
"Female","weight",67.2
"Female","bmi",25.6
"Female","height",162
"Female","weight",61.8
"Female","bmi",23.5
"Female","height",160
"Female","weight",65.5
"Female","bmi",25.6
"Female","height",166
"Female","weight",62.3
"Female","bmi",22.6
"Female","height",159
"Female","weight",48.9
"Female","bmi",19.3
"Female","height",169
"Female","weight",67.3
"Female","bmi",23.6
"Female","height",159
"Female","weight",65.6
"Female","bmi",25.9
"Female","height",153
"Female","weight",47.4
"Female","bmi",20.2
"Female","height",168
"Female","weight",73.4
"Female","bmi",26
"Female","height",169
"Female","weight",66.1
"Female","bmi",23.1
"Female","height",162
"Female","weight",63.9
"Female","bmi",24.3
"Female","height",153
"Female","weight",47.6
"Female","bmi",20.3
"Female","height",160
"Female","weight",55.4
"Female","bmi",21.6
"Female","height",155
"Female","weight",47.6
"Female","bmi",19.8
"Female","height",161
"Female","weight",58.9
"Female","bmi",22.7
"Female","height",166
"Female","weight",55
"Female","bmi",20
"Female","height",156
"Female","weight",56.7
"Female","bmi",23.3
"Female","height",159
"Female","weight",60.4
"Female","bmi",23.9
"Female","height",153
"Female","weight",52.4
"Female","bmi",22.4
"Female","height",165
"Female","weight",68.5
"Female","bmi",25.2
"Female","height",178
"Female","weight",79.7
"Female","bmi",25.2
"Female","height",159
"Female","weight",61.9
"Female","bmi",24.5
"Female","height",155
"Female","weight",58.5
"Female","bmi",24.3
"Female","height",154
"Female","weight",51.8
"Female","bmi",21.8
"Female","height",162
"Female","weight",59.1
"Female","bmi",22.5
"Female","height",161
"Female","weight",62.2
"Female","bmi",24
"Female","height",159
"Female","weight",57
"Female","bmi",22.5
"Female","height",167
"Female","weight",74.6
"Female","bmi",26.7
"Female","height",149
"Female","weight",49.9
"Female","bmi",22.5
"Female","height",172
"Female","weight",74.2
"Female","bmi",25.1
"Female","height",168
"Female","weight",69.1
"Female","bmi",24.5
"Female","height",161
"Female","weight",59.2
"Female","bmi",22.8
"Female","height",168
"Female","weight",68.4
"Female","bmi",24.2
"Female","height",163
"Female","weight",66.1
"Female","bmi",24.9
"Female","height",168
"Female","weight",65.1
"Female","bmi",23.1
"Female","height",160
"Female","weight",61
"Female","bmi",23.8
"Female","height",158
"Female","weight",57.6
"Female","bmi",23.1
"Female","height",151
"Female","weight",45
"Female","bmi",19.7
"Female","height",166
"Female","weight",63
"Female","bmi",22.9
"Female","height",170
"Female","weight",74.4
"Female","bmi",25.7
"Female","height",163
"Female","weight",58.8
"Female","bmi",22.1
"Female","height",165
"Female","weight",68.9
"Female","bmi",25.3
"Female","height",162
"Female","weight",76.4
"Female","bmi",29.1
"Female","height",158
"Female","weight",61.9
"Female","bmi",24.8
"Female","height",163
"Female","weight",64
"Female","bmi",24.1
"Female","height",149
"Female","weight",43.8
"Female","bmi",19.7
"Female","height",171
"Female","weight",68.5
"Female","bmi",23.4
"Female","height",146
"Female","weight",33
"Female","bmi",15.5
"Female","height",162
"Female","weight",57.9
"Female","bmi",22.1
"Female","height",161
"Female","weight",57.3
"Female","bmi",22.1
"Female","height",152
"Female","weight",50.3
"Female","bmi",21.8
"Female","height",173
"Female","weight",71.9
"Female","bmi",24
"Female","height",165
"Female","weight",66.5
"Female","bmi",24.4
"Female","height",161
"Female","weight",60.8
"Female","bmi",23.5
"Female","height",169
"Female","weight",72.8
"Female","bmi",25.5
"Female","height",168
"Female","weight",70.2
"Female","bmi",24.9
"Female","height",150
"Female","weight",47.8
"Female","bmi",21.2
"Female","height",168
"Female","weight",74.2
"Female","bmi",26.3
"Female","height",159
"Female","weight",60.7
"Female","bmi",24
"Female","height",176
"Female","weight",77.4
"Female","bmi",25
"Female","height",162
"Female","weight",58.9
"Female","bmi",22.4
"Female","height",175
"Female","weight",73.3
"Female","bmi",23.9
"Female","height",167
"Female","weight",60.5
"Female","bmi",21.7
"Female","height",159
"Female","weight",55.9
"Female","bmi",22.1
"Female","height",165
"Female","weight",63.2
"Female","bmi",23.2
"Female","height",156
"Female","weight",55.6
"Female","bmi",22.8
"Female","height",167
"Female","weight",60.8
"Female","bmi",21.8
"Female","height",167
"Female","weight",71.6
"Female","bmi",25.7
"Female","height",153
"Female","weight",50.4
"Female","bmi",21.5
"Female","height",153
"Female","weight",56.9
"Female","bmi",24.3
"Female","height",169
"Female","weight",75.5
"Female","bmi",26.4
"Female","height",152
"Female","weight",54.3
"Female","bmi",23.5
"Female","height",172
"Female","weight",73.5
"Female","bmi",24.8
"Female","height",159
"Female","weight",63.3
"Female","bmi",25
"Female","height",151
"Female","weight",47.1
"Female","bmi",20.7
"Female","height",168
"Female","weight",72.9
"Female","bmi",25.8
"Female","height",171
"Female","weight",76.6
"Female","bmi",26.2
"Female","height",161
"Female","weight",62.7
"Female","bmi",24.2
"Female","height",159
"Female","weight",61.8
"Female","bmi",24.4
"Female","height",164
"Female","weight",63.3
"Female","bmi",23.5
"Female","height",159
"Female","weight",55.6
"Female","bmi",22
"Female","height",166
"Female","weight",71.2
"Female","bmi",25.8
"Female","height",157
"Female","weight",67.1
"Female","bmi",27.2
"Female","height",163
"Female","weight",58
"Female","bmi",21.8
"Female","height",166
"Female","weight",63.8
"Female","bmi",23.2
"Female","height",165
"Female","weight",54.8
"Female","bmi",20.1
"Female","height",161
"Female","weight",65.9
"Female","bmi",25.4
"Female","height",151
"Female","weight",56.4
"Female","bmi",24.7
"Female","height",156
"Female","weight",57.4
"Female","bmi",23.6
"Female","height",160
"Female","weight",60.5
"Female","bmi",23.6
"Female","height",169
"Female","weight",62.4
"Female","bmi",21.8
"Female","height",156
"Female","weight",59.6
"Female","bmi",24.5
"Female","height",166
"Female","weight",72.9
"Female","bmi",26.5
"Female","height",160
"Female","weight",61.5
"Female","bmi",24
"Female","height",149
"Female","weight",51.7
"Female","bmi",23.3
"Female","height",163
"Female","weight",65.8
"Female","bmi",24.8
"Female","height",157
"Female","weight",59.4
"Female","bmi",24.1
"Female","height",156
"Female","weight",56.4
"Female","bmi",23.2
"Female","height",164
"Female","weight",61.5
"Female","bmi",22.9
"Female","height",159
"Female","weight",57.7
"Female","bmi",22.8
"Female","height",164
"Female","weight",64.2
"Female","bmi",23.9
"Female","height",170
"Female","weight",65.7
"Female","bmi",22.7
"Female","height",158
"Female","weight",66
"Female","bmi",26.4
"Female","height",171
"Female","weight",62.4
"Female","bmi",21.3
"Female","height",167
"Female","weight",70.8
"Female","bmi",25.4
"Female","height",165
"Female","weight",71.2
"Female","bmi",26.2
"Female","height",147
"Female","weight",42.1
"Female","bmi",19.5
"Female","height",164
"Female","weight",66.4
"Female","bmi",24.7
"Female","height",155
"Female","weight",57.7
"Female","bmi",24
"Female","height",165
"Female","weight",64.7
"Female","bmi",23.8
"Female","height",149
"Female","weight",52.6
"Female","bmi",23.7
"Female","height",169
"Female","weight",74.6
"Female","bmi",26.1
"Female","height",171
"Female","weight",73
"Female","bmi",25
"Female","height",150
"Female","weight",49
"Female","bmi",21.8
"Female","height",179
"Female","weight",91.7
"Female","bmi",28.6
"Female","height",167
"Female","weight",64.9
"Female","bmi",23.3
"Female","height",161
"Female","weight",63.1
"Female","bmi",24.3
"Female","height",167
"Female","weight",73.8
"Female","bmi",26.5
"Female","height",159
"Female","weight",55.3
"Female","bmi",21.9
"Female","height",162
"Female","weight",59.2
"Female","bmi",22.6
"Female","height",159
"Female","weight",64.3
"Female","bmi",25.4
"Female","height",169
"Female","weight",62.9
"Female","bmi",22
"Female","height",167
"Female","weight",73.4
"Female","bmi",26.3
"Female","height",172
"Female","weight",81.2
"Female","bmi",27.4
"Female","height",148
"Female","weight",52.5
"Female","bmi",24
"Female","height",154
"Female","weight",52.7
"Female","bmi",22.2
"Female","height",165
"Female","weight",69.6
"Female","bmi",25.6
"Female","height",171
"Female","weight",67.6
"Female","bmi",23.1
"Female","height",157
"Female","weight",59.4
"Female","bmi",24.1
"Female","height",165
"Female","weight",62.4
"Female","bmi",22.9
"Female","height",162
"Female","weight",59.7
"Female","bmi",22.7
"Female","height",158
"Female","weight",58.3
"Female","bmi",23.4
"Female","height",164
"Female","weight",61.1
"Female","bmi",22.7
"Female","height",166
"Female","weight",70.9
"Female","bmi",25.7
"Female","height",171
"Female","weight",69
"Female","bmi",23.6
"Female","height",157
"Female","weight",61.5
"Female","bmi",25
"Female","height",170
"Female","weight",69.7
"Female","bmi",24.1
"Female","height",160
"Female","weight",62
"Female","bmi",24.2
"Female","height",163
"Female","weight",65.4
"Female","bmi",24.6
"Female","height",162
"Female","weight",58.7
"Female","bmi",22.4
"Female","height",159
"Female","weight",59.6
"Female","bmi",23.6
"Female","height",156
"Female","weight",53.6
"Female","bmi",22
"Female","height",164
"Female","weight",67.4
"Female","bmi",25.1
"Female","height",169
"Female","weight",59.4
"Female","bmi",20.8
"Female","height",164
"Female","weight",64.4
"Female","bmi",23.9
"Female","height",162
"Female","weight",70
"Female","bmi",26.7
"Female","height",155
"Female","weight",63.1
"Female","bmi",26.3
"Female","height",159
"Female","weight",58.6
"Female","bmi",23.2
"Female","height",154
"Female","weight",47.6
"Female","bmi",20.1
"Female","height",153
"Female","weight",49.1
"Female","bmi",21
"Female","height",155
"Female","weight",50.6
"Female","bmi",21.1
"Female","height",156
"Female","weight",52.5
"Female","bmi",21.6
"Female","height",159
"Female","weight",58.6
"Female","bmi",23.2
"Female","height",162
"Female","weight",66.6
"Female","bmi",25.4
"Female","height",154
"Female","weight",44.9
"Female","bmi",18.9
"Female","height",161
"Female","weight",55.3
"Female","bmi",21.3
"Female","height",166
"Female","weight",70.8
"Female","bmi",25.7
"Female","height",162
"Female","weight",73.5
"Female","bmi",28
"Female","height",162
"Female","weight",62.3
"Female","bmi",23.7
"Female","height",169
"Female","weight",72.7
"Female","bmi",25.5
"Female","height",156
"Female","weight",49.6
"Female","bmi",20.4
"Female","height",152
"Female","weight",49.8
"Female","bmi",21.6
"Female","height",164
"Female","weight",57.3
"Female","bmi",21.3
"Female","height",163
"Female","weight",63
"Female","bmi",23.7
"Female","height",172
"Female","weight",66.3
"Female","bmi",22.4
"Female","height",164
"Female","weight",70.9
"Female","bmi",26.4
"Female","height",166
"Female","weight",63.1
"Female","bmi",22.9
"Female","height",174
"Female","weight",72.8
"Female","bmi",24
"Female","height",171
"Female","weight",73.8
"Female","bmi",25.2
"Female","height",169
"Female","weight",65.1
"Female","bmi",22.8
"Female","height",167
"Female","weight",65.2
"Female","bmi",23.4
"Female","height",147
"Female","weight",43.5
"Female","bmi",20.1
"Female","height",155
"Female","weight",52.3
"Female","bmi",21.8
"Female","height",169
"Female","weight",74.8
"Female","bmi",26.2
"Female","height",163
"Female","weight",56.6
"Female","bmi",21.3
"Female","height",168
"Female","weight",64.8
"Female","bmi",23
"Female","height",152
"Female","weight",53.9
"Female","bmi",23.3
"Female","height",156
"Female","weight",46.9
"Female","bmi",19.3
"Female","height",164
"Female","weight",60.3
"Female","bmi",22.4
"Female","height",156
"Female","weight",55.5
"Female","bmi",22.8
"Female","height",159
"Female","weight",64.7
"Female","bmi",25.6
"Female","height",160
"Female","weight",68.7
"Female","bmi",26.8
"Female","height",161
"Female","weight",56.7
"Female","bmi",21.9
"Female","height",173
"Female","weight",75.9
"Female","bmi",25.4
"Female","height",160
"Female","weight",59.5
"Female","bmi",23.2
"Female","height",171
"Female","weight",72.4
"Female","bmi",24.8
"Female","height",166
"Female","weight",67.3
"Female","bmi",24.4
"Female","height",155
"Female","weight",47.5
"Female","bmi",19.8
"Female","height",165
"Female","weight",65.7
"Female","bmi",24.1
"Female","height",147
"Female","weight",41.8
"Female","bmi",19.3
"Female","height",158
"Female","weight",62.7
"Female","bmi",25.1
"Female","height",173
"Female","weight",74.6
"Female","bmi",24.9
"Female","height",169
"Female","weight",65.2
"Female","bmi",22.8
"Female","height",160
"Female","weight",65.3
"Female","bmi",25.5
"Female","height",172
"Female","weight",74
"Female","bmi",25
"Female","height",155
"Female","weight",58.3
"Female","bmi",24.3
"Female","height",170
"Female","weight",72.6
"Female","bmi",25.1
"Female","height",165
"Female","weight",64.9
"Female","bmi",23.8
"Female","height",169
"Female","weight",71.1
"Female","bmi",24.9
"Female","height",164
"Female","weight",64
"Female","bmi",23.8
"Female","height",156
"Female","weight",61.8
"Female","bmi",25.4
"Female","height",158
"Female","weight",57
"Female","bmi",22.8
"Female","height",167
"Female","weight",71.4
"Female","bmi",25.6
"Female","height",157
"Female","weight",65
"Female","bmi",26.4
"Female","height",157
"Female","weight",62.3
"Female","bmi",25.3
"Female","height",160
"Female","weight",57.9
"Female","bmi",22.6
"Female","height",171
"Female","weight",66.5
"Female","bmi",22.7
"Female","height",152
"Female","weight",58.2
"Female","bmi",25.2
"Female","height",165
"Female","weight",62.8
"Female","bmi",23.1
"Female","height",157
"Female","weight",52.8
"Female","bmi",21.4
"Female","height",160
"Female","weight",56.6
"Female","bmi",22.1
"Female","height",158
"Female","weight",59.1
"Female","bmi",23.7
"Female","height",162
"Female","weight",65.8
"Female","bmi",25.1
"Female","height",160
"Female","weight",62.8
"Female","bmi",24.5
"Female","height",168
"Female","weight",69.6
"Female","bmi",24.7
"Female","height",173
"Female","weight",68
"Female","bmi",22.7
"Female","height",169
"Female","weight",68.9
"Female","bmi",24.1
"Female","height",155
"Female","weight",53.9
"Female","bmi",22.4
"Female","height",168
"Female","weight",63.9
"Female","bmi",22.6
"Female","height",162
"Female","weight",65.8
"Female","bmi",25.1
"Female","height",151
"Female","weight",47
"Female","bmi",20.6
"Female","height",168
"Female","weight",66.4
"Female","bmi",23.5
"Female","height",149
"Female","weight",46.2
"Female","bmi",20.8
"Female","height",169
"Female","weight",70.7
"Female","bmi",24.8
"Female","height",169
"Female","weight",64.8
"Female","bmi",22.7
"Female","height",160
"Female","weight",59.8
"Female","bmi",23.4
"Female","height",167
"Female","weight",57.2
"Female","bmi",20.5
"Female","height",158
"Female","weight",52.4
"Female","bmi",21
"Female","height",171
"Female","weight",76.6
"Female","bmi",26.2
"Female","height",159
"Female","weight",54.4
"Female","bmi",21.5
"Female","height",173
"Female","weight",79.9
"Female","bmi",26.7
"Female","height",170
"Female","weight",62.4
"Female","bmi",21.6
"Female","height",167
"Female","weight",62.5
"Female","bmi",22.4
"Female","height",166
"Female","weight",66.5
"Female","bmi",24.1
"Female","height",156
"Female","weight",61.6
"Female","bmi",25.3
"Female","height",164
"Female","weight",60
"Female","bmi",22.3
"Female","height",163
"Female","weight",58.3
"Female","bmi",21.9
"Female","height",160
"Female","weight",62.9
"Female","bmi",24.6
"Female","height",162
"Female","weight",58.5
"Female","bmi",22.3
"Female","height",166
"Female","weight",71.9
"Female","bmi",26.1
"Female","height",165
"Female","weight",68.1
"Female","bmi",25
"Female","height",144
"Female","weight",44.3
"Female","bmi",21.4
"Female","height",145
"Female","weight",41
"Female","bmi",19.5
"Female","height",175
"Female","weight",71.8
"Female","bmi",23.4
"Female","height",162
"Female","weight",62.8
"Female","bmi",23.9
"Female","height",162
"Female","weight",64.3
"Female","bmi",24.5
"Female","height",155
"Female","weight",51.7
"Female","bmi",21.5
"Female","height",168
"Female","weight",72.1
"Female","bmi",25.5
"Female","height",152
"Female","weight",49
"Female","bmi",21.2
"Female","height",167
"Female","weight",65.3
"Female","bmi",23.4
"Female","height",156
"Female","weight",66.1
"Female","bmi",27.2
"Female","height",151
"Female","weight",50.6
"Female","bmi",22.2
"Female","height",156
"Female","weight",51.9
"Female","bmi",21.3
"Female","height",162
"Female","weight",69.5
"Female","bmi",26.5
"Female","height",166
"Female","weight",65.6
"Female","bmi",23.8
"Female","height",167
"Female","weight",50.1
"Female","bmi",18
"Female","height",152
"Female","weight",39.5
"Female","bmi",17.1
"Female","height",175
"Female","weight",74.1
"Female","bmi",24.2
"Female","height",159
"Female","weight",65.5
"Female","bmi",25.9
"Female","height",157
"Female","weight",53.2
"Female","bmi",21.6
"Female","height",164
"Female","weight",62.5
"Female","bmi",23.2
"Female","height",167
"Female","weight",63.3
"Female","bmi",22.7
"Female","height",169
"Female","weight",72.5
"Female","bmi",25.4
"Female","height",158
"Female","weight",58.9
"Female","bmi",23.6
"Female","height",156
"Female","weight",53
"Female","bmi",21.8
"Female","height",157
"Female","weight",59.7
"Female","bmi",24.2
"Female","height",159
"Female","weight",61.7
"Female","bmi",24.4
"Female","height",162
"Female","weight",58.2
"Female","bmi",22.2
"Female","height",154
"Female","weight",62.5
"Female","bmi",26.4
"Female","height",168
"Female","weight",72.7
"Female","bmi",25.8
"Female","height",166
"Female","weight",66.3
"Female","bmi",24.1
"Female","height",164
"Female","weight",62.6
"Female","bmi",23.3
"Female","height",164
"Female","weight",60.6
"Female","bmi",22.5
"Female","height",164
"Female","weight",61.8
"Female","bmi",23
"Female","height",171
"Female","weight",78.1
"Female","bmi",26.7
"Female","height",162
"Female","weight",67.7
"Female","bmi",25.8
"Female","height",156
"Female","weight",57.6
"Female","bmi",23.7
"Female","height",162
"Female","weight",64.9
"Female","bmi",24.7
"Female","height",155
"Female","weight",52.6
"Female","bmi",21.9
"Female","height",159
"Female","weight",62.8
"Female","bmi",24.8
"Female","height",169
"Female","weight",71.3
"Female","bmi",25
"Female","height",160
"Female","weight",58.2
"Female","bmi",22.7
"Female","height",156
"Female","weight",63.8
"Female","bmi",26.2
"Female","height",161
"Female","weight",62.6
"Female","bmi",24.2
"Female","height",156
"Female","weight",52
"Female","bmi",21.4
"Female","height",160
"Female","weight",54.7
"Female","bmi",21.4
"Female","height",163
"Female","weight",61.3
"Female","bmi",23.1
"Female","height",159
"Female","weight",59.7
"Female","bmi",23.6
"Female","height",168
"Female","weight",69.5
"Female","bmi",24.6
"Female","height",166
"Female","weight",69.4
"Female","bmi",25.2
"Female","height",148
"Female","weight",47.6
"Female","bmi",21.7
"Female","height",152
"Female","weight",57.4
"Female","bmi",24.8
"Female","height",162
"Female","weight",62.7
"Female","bmi",23.9
"Female","height",154
"Female","weight",61.3
"Female","bmi",25.8
"Female","height",164
"Female","weight",63.5
"Female","bmi",23.6
"Female","height",154
"Female","weight",56.1
"Female","bmi",23.7
"Female","height",156
"Female","weight",52.6
"Female","bmi",21.6
"Female","height",165
"Female","weight",71.1
"Female","bmi",26.1
"Female","height",163
"Female","weight",64.8
"Female","bmi",24.4
"Female","height",168
"Female","weight",70
"Female","bmi",24.8
"Female","height",167
"Female","weight",73
"Female","bmi",26.2
"Female","height",167
"Female","weight",73.4
"Female","bmi",26.3
"Female","height",161
"Female","weight",60.1
"Female","bmi",23.2
"Female","height",175
"Female","weight",73.9
"Female","bmi",24.1
"Female","height",162
"Female","weight",59.8
"Female","bmi",22.8
"Female","height",163
"Female","weight",64.7
"Female","bmi",24.4
"Female","height",142
"Female","weight",38.7
"Female","bmi",19.2
"Female","height",175
"Female","weight",81
"Female","bmi",26.4
"Female","height",155
"Female","weight",53.9
"Female","bmi",22.4
"Female","height",168
"Female","weight",68.3
"Female","bmi",24.2
"Female","height",165
"Female","weight",68.2
"Female","bmi",25.1
"Female","height",157
"Female","weight",56.8
"Female","bmi",23
"Female","height",160
"Female","weight",55
"Female","bmi",21.5
"Female","height",159
"Female","weight",60.7
"Female","bmi",24
"Female","height",158
"Female","weight",62.9
"Female","bmi",25.2
"Female","height",165
"Female","weight",66.8
"Female","bmi",24.5
"Female","height",169
"Female","weight",66.9
"Female","bmi",23.4
"Female","height",165
"Female","weight",71.8
"Female","bmi",26.4
"Female","height",150
"Female","weight",49.3
"Female","bmi",21.9
"Female","height",161
"Female","weight",57.4
"Female","bmi",22.1
"Female","height",165
"Female","weight",63
"Female","bmi",23.1
"Female","height",168
"Female","weight",78
"Female","bmi",27.6
"Female","height",165
"Female","weight",68.1
"Female","bmi",25
"Female","height",169
"Female","weight",67.2
"Female","bmi",23.5
"Female","height",155
"Female","weight",57.6
"Female","bmi",24
"Female","height",165
"Female","weight",60.7
"Female","bmi",22.3
"Female","height",158
"Female","weight",62
"Female","bmi",24.8
"Female","height",180
"Female","weight",87.4
"Female","bmi",27
"Female","height",164
"Female","weight",67.8
"Female","bmi",25.2
"Female","height",161
"Female","weight",60.5
"Female","bmi",23.3
"Female","height",176
"Female","weight",81.4
"Female","bmi",26.3
"Female","height",157
"Female","weight",60.7
"Female","bmi",24.6
"Female","height",155
"Female","weight",54.5
"Female","bmi",22.7
"Female","height",166
"Female","weight",61.4
"Female","bmi",22.3
"Female","height",168
"Female","weight",62.4
"Female","bmi",22.1
"Female","height",164
"Female","weight",73.8
"Female","bmi",27.4
"Female","height",173
"Female","weight",79.2
"Female","bmi",26.5
"Female","height",156
"Female","weight",52.1
"Female","bmi",21.4
"Female","height",163
"Female","weight",57.5
"Female","bmi",21.6
"Female","height",168
"Female","weight",68.5
"Female","bmi",24.3
"Female","height",173
"Female","weight",76.3
"Female","bmi",25.5
"Female","height",167
"Female","weight",58.8
"Female","bmi",21.1
"Female","height",161
"Female","weight",67.3
"Female","bmi",26
"Female","height",157
"Female","weight",53.9
"Female","bmi",21.9
"Female","height",159
"Female","weight",59.9
"Female","bmi",23.7
"Female","height",152
"Female","weight",59.5
"Female","bmi",25.8
"Female","height",164
"Female","weight",63.8
"Female","bmi",23.7
"Female","height",161
"Female","weight",59.6
"Female","bmi",23
"Female","height",167
"Female","weight",68.7
"Female","bmi",24.6
"Female","height",163
"Female","weight",61.1
"Female","bmi",23
"Female","height",166
"Female","weight",61.4
"Female","bmi",22.3
"Female","height",151
"Female","weight",51.4
"Female","bmi",22.5
"Female","height",170
"Female","weight",65
"Female","bmi",22.5
"Female","height",165
"Female","weight",56.9
"Female","bmi",20.9
"Female","height",162
"Female","weight",60.2
"Female","bmi",22.9
"Female","height",164
"Female","weight",58.1
"Female","bmi",21.6
"Female","height",154
"Female","weight",54.7
"Female","bmi",23.1
"Female","height",175
"Female","weight",75.3
"Female","bmi",24.6
"Female","height",155
"Female","weight",50.9
"Female","bmi",21.2
"Female","height",154
"Female","weight",60.5
"Female","bmi",25.5
"Female","height",157
"Female","weight",56.7
"Female","bmi",23
"Female","height",167
"Female","weight",63.4
"Female","bmi",22.7
"Female","height",152
"Female","weight",48.2
"Female","bmi",20.9
"Female","height",170
"Female","weight",68.3
"Female","bmi",23.6
"Female","height",154
"Female","weight",51.8
"Female","bmi",21.8
"Female","height",157
"Female","weight",55
"Female","bmi",22.3
"Female","height",159
"Female","weight",64.6
"Female","bmi",25.6
"Female","height",155
"Female","weight",54.4
"Female","bmi",22.6
"Female","height",170
"Female","weight",68.4
"Female","bmi",23.7
"Female","height",165
"Female","weight",67.9
"Female","bmi",24.9
"Female","height",155
"Female","weight",51.5
"Female","bmi",21.4
"Female","height",165
"Female","weight",64.8
"Female","bmi",23.8
"Female","height",170
"Female","weight",73.8
"Female","bmi",25.5
"Female","height",155
"Female","weight",57.8
"Female","bmi",24.1
"Female","height",168
"Female","weight",61.6
"Female","bmi",21.8
"Female","height",156
"Female","weight",65.5
"Female","bmi",26.9
"Female","height",147
"Female","weight",42.5
"Female","bmi",19.7
"Female","height",159
"Female","weight",64.5
"Female","bmi",25.5
"Female","height",154
"Female","weight",55.9
"Female","bmi",23.6
"Female","height",159
"Female","weight",60
"Female","bmi",23.7
"Female","height",168
"Female","weight",72.1
"Female","bmi",25.5
"Female","height",167
"Female","weight",66.7
"Female","bmi",23.9
"Female","height",167
"Female","weight",68
"Female","bmi",24.4
"Female","height",166
"Female","weight",56.1
"Female","bmi",20.4
"Female","height",170
"Female","weight",71.2
"Female","bmi",24.6
"Female","height",145
"Female","weight",45.9
"Female","bmi",21.8
"Female","height",154
"Female","weight",55.7
"Female","bmi",23.5
"Female","height",161
"Female","weight",54.9
"Female","bmi",21.2
"Female","height",158
"Female","weight",60
"Female","bmi",24
"Female","height",166
"Female","weight",59.9
"Female","bmi",21.7
"Female","height",160
"Female","weight",64.6
"Female","bmi",25.2
"Female","height",151
"Female","weight",50.7
"Female","bmi",22.2
"Female","height",161
"Female","weight",68.9
"Female","bmi",26.6
"Female","height",170
"Female","weight",67
"Female","bmi",23.2
"Female","height",148
"Female","weight",50
"Female","bmi",22.8
"Female","height",165
"Female","weight",69.4
"Female","bmi",25.5
"Female","height",153
"Female","weight",46.7
"Female","bmi",19.9
"Female","height",169
"Female","weight",73.2
"Female","bmi",25.6
"Female","height",171
"Female","weight",65.3
"Female","bmi",22.3
"Female","height",168
"Female","weight",68.3
"Female","bmi",24.2
"Female","height",170
"Female","weight",58.7
"Female","bmi",20.3
"Female","height",166
"Female","weight",67.1
"Female","bmi",24.4
"Female","height",171
"Female","weight",75.6
"Female","bmi",25.9
"Female","height",149
"Female","weight",48.5
"Female","bmi",21.8
"Female","height",158
"Female","weight",59.9
"Female","bmi",24
"Female","height",160
"Female","weight",56.6
"Female","bmi",22.1
"Female","height",166
"Female","weight",62.2
"Female","bmi",22.6
"Female","height",160
"Female","weight",64.7
"Female","bmi",25.3
"Female","height",161
"Female","weight",70.1
"Female","bmi",27
"Female","height",158
"Female","weight",50.5
"Female","bmi",20.2
"Female","height",151
"Female","weight",49.6
"Female","bmi",21.8
"Female","height",174
"Female","weight",67.5
"Female","bmi",22.3
"Female","height",160
"Female","weight",59.4
"Female","bmi",23.2
"Female","height",158
"Female","weight",58.7
"Female","bmi",23.5
"Female","height",162
"Female","weight",66.8
"Female","bmi",25.5
"Female","height",173
"Female","weight",79
"Female","bmi",26.4
"Female","height",163
"Female","weight",57
"Female","bmi",21.5
"Female","height",165
"Female","weight",62.6
"Female","bmi",23
"Female","height",160
"Female","weight",55.1
"Female","bmi",21.5
"Female","height",155
"Female","weight",54.7
"Female","bmi",22.8
"Female","height",152
"Female","weight",52.8
"Female","bmi",22.9
"Female","height",162
"Female","weight",66.5
"Female","bmi",25.3
"Female","height",157
"Female","weight",56.5
"Female","bmi",22.9
"Female","height",168
"Female","weight",63.6
"Female","bmi",22.5
"Female","height",158
"Female","weight",61.7
"Female","bmi",24.7
"Female","height",154
"Female","weight",52.4
"Female","bmi",22.1
"Female","height",157
"Female","weight",56.2
"Female","bmi",22.8
"Female","height",169
"Female","weight",68
"Female","bmi",23.8
"Female","height",150
"Female","weight",56.2
"Female","bmi",25
"Female","height",165
"Female","weight",62.8
"Female","bmi",23.1
"Female","height",163
"Female","weight",60.6
"Female","bmi",22.8
"Female","height",155
"Female","weight",56
"Female","bmi",23.3
"Female","height",163
"Female","weight",62.9
"Female","bmi",23.7
"Female","height",160
"Female","weight",60.8
"Female","bmi",23.7
"Female","height",156
"Female","weight",60.1
"Female","bmi",24.7
"Female","height",152
"Female","weight",50.4
"Female","bmi",21.8
"Female","height",166
"Female","weight",64.3
"Female","bmi",23.3
"Female","height",160
"Female","weight",63.6
"Female","bmi",24.8
"Female","height",160
"Female","weight",65.3
"Female","bmi",25.5
"Female","height",160
"Female","weight",57.2
"Female","bmi",22.3
"Female","height",173
"Female","weight",73.2
"Female","bmi",24.5
"Female","height",166
"Female","weight",68.3
"Female","bmi",24.8
"Female","height",170
"Female","weight",73.5
"Female","bmi",25.4
"Female","height",167
"Female","weight",69.1
"Female","bmi",24.8
"Female","height",157
"Female","weight",63.5
"Female","bmi",25.8
"Female","height",159
"Female","weight",54.6
"Female","bmi",21.6
"Female","height",166
"Female","weight",61.6
"Female","bmi",22.4
"Female","height",157
"Female","weight",57.6
"Female","bmi",23.4
"Female","height",165
"Female","weight",70.8
"Female","bmi",26
"Female","height",163
"Female","weight",70.6
"Female","bmi",26.6
"Female","height",173
"Female","weight",74.2
"Female","bmi",24.8
"Female","height",167
"Female","weight",68.7
"Female","bmi",24.6
"Female","height",164
"Female","weight",70.5
"Female","bmi",26.2
"Female","height",154
"Female","weight",55.8
"Female","bmi",23.5
"Female","height",154
"Female","weight",54.9
"Female","bmi",23.1
"Female","height",166
"Female","weight",64.9
"Female","bmi",23.6
"Female","height",168
"Female","weight",56.3
"Female","bmi",19.9
"Female","height",156
"Female","weight",55.1
"Female","bmi",22.6
"Female","height",164
"Female","weight",67.8
"Female","bmi",25.2
"Female","height",146
"Female","weight",51.8
"Female","bmi",24.3
"Female","height",158
"Female","weight",56.8
"Female","bmi",22.8
"Female","height",154
"Female","weight",50.2
"Female","bmi",21.2
"Female","height",154
"Female","weight",61.5
"Female","bmi",25.9
"Female","height",177
"Female","weight",80.7
"Female","bmi",25.8
"Female","height",167
"Female","weight",60.2
"Female","bmi",21.6
"Female","height",150
"Female","weight",50.7
"Female","bmi",22.5
"Female","height",173
"Female","weight",77.3
"Female","bmi",25.8
"Female","height",161
"Female","weight",64.4
"Female","bmi",24.8
"Female","height",167
"Female","weight",68.6
"Female","bmi",24.6
"Female","height",151
"Female","weight",55
"Female","bmi",24.1
"Female","height",155
"Female","weight",43.4
"Female","bmi",18.1
"Female","height",160
"Female","weight",64.1
"Female","bmi",25
"Female","height",159
"Female","weight",46.7
"Female","bmi",18.5
"Female","height",158
"Female","weight",62.9
"Female","bmi",25.2
"Female","height",152
"Female","weight",44.3
"Female","bmi",19.2
"Female","height",150
"Female","weight",50.1
"Female","bmi",22.3
"Female","height",168
"Female","weight",62
"Female","bmi",22
"Female","height",170
"Female","weight",77.5
"Female","bmi",26.8
"Female","height",162
"Female","weight",58.3
"Female","bmi",22.2
"Female","height",175
"Female","weight",74.3
"Female","bmi",24.3
"Female","height",157
"Female","weight",51.6
"Female","bmi",20.9
