"Currency","Hourly.wage","Price.per.small.cappuccino","Country","City","Urban.classification"
"DKK - Danish Krone","140.00","90.00","Denmark","Copenhagen","Urban"
"CNY - Yuan Renminbi","30.00","86.00","China","Shenzhen","Urban"
"USD - US dollar","17.88","12.00","USA","West Richland","Suburban"
"CHF - Swiss Franc","26.70","9.00","Switzerland","St. Moritz","Rural"
"DKK - Danish Krone","140.00","65.00","Denmark","Copenhagen","Urban"
"SGD - Singapore Dollar","19.31","11.90","Singapore","Singapore","Urban"
"EUR - Euro","15.00","8.00","France","Paris","Urban"
"CHF - Swiss Franc","23.00","6.80","Switzerland","Bern","Suburban"
"SAR - Saudi Riyal","21.00","32.00","Saudi Arabia","Jeddah","Urban"
"DKK - Danish Krone","189.50","55.00","Denmark","Copenhagen","Urban"
"DKK - Danish Krone","140.00","54.00","Denmark","Copenhagen","Urban"
"CHF - Swiss Franc","27.00","6.50","Switzerland","Geneva","Urban"
"CHF - Swiss Franc","24.55","6.50","Switzerland","Geneva","Urban"
"EUR - Euro","14.00","7.00","France","Paris","Urban"
"DKK - Danish Krone","160.00","52.00","Denmark","Aalborg","Urban"
"DKK - Danish Krone","135.00","52.00","Denmark","Copenhagen","Urban"
"GBP - Pound Sterling","13.00","6.00","UK","Cambridge","Urban"
"USD - US dollar","13.12","8.00","USA","Holland","Suburban"
"GBP - Pound Sterling","15.00","5.80","UK","Montclair","Suburban"
"DKK - Danish Krone","125.00","50.00","Denmark","Copenhagen","Urban"
"DKK - Danish Krone","140.00","50.00","Denmark","Copenhagen","Urban"
"DKK - Danish Krone","145.00","50.00","Denmark","Copenhagen","Urban"
"DKK - Danish Krone","165.00","50.00","Denmark","Copenhagen","Urban"
"GBP - Pound Sterling","13.00","5.68","UK","London","Urban"
"CHF - Swiss Franc","28.00","6.00","Switzerland","Zürich","Urban"
"CHF - Swiss Franc","27.00","6.00","Switzerland","Zürich","Urban"
"DKK - Danish Krone","218.00","49.00","Denmark","Copenhagen","Suburban"
"CHF - Swiss Franc","20.00","5.90","Switzerland","Zürich","Urban"
"DKK - Danish Krone","140.00","48.00","Denmark","Copenhagen","Urban"
"DKK - Danish Krone","150.00","48.00","Denmark","Copenhagen","Urban"
"DKK - Danish Krone","155.00","48.00","Denmark","Vedbæk","Suburban"
"GBP - Pound Sterling","12.21","5.50","UK","Newcastle","Urban"
"CHF - Swiss Franc","20.70","5.80","Switzerland","Olten","Urban"
"USD - US dollar","16.00","7.33","USA","","Suburban"
"CHF - Swiss Franc","25.00","5.70","Switzerland","Zürich","Urban"
"DKK - Danish Krone","145.00","46.00","Denmark","Copenhagen","Urban"
"DKK - Danish Krone","145.00","46.00","Denmark","Copenhagen","Urban"
"DKK - Danish Krone","165.00","46.00","Denmark","Copenhagen","Urban"
"CHF - Swiss Franc","26.00","5.60","Switzerland","Bern","Urban"
"CHF - Swiss Franc","23.76","5.60","Switzerland","Zürich","Urban"
"ISK - Iceland Krona","2,828.00","880.00","Iceland","Reykjavik","Urban"
"USD - US dollar","18.00","7.00","USA","Waikiki","Urban"
"USD - US dollar","27.00","7.00","USA","Catskill, NY","Rural"
"USD - US dollar","17.50","7.00","USA","Los Angeles","Urban"
"USD - US dollar","21.00","7.00","USA","Seattle","Urban"
"USD - US dollar","20.00","7.00","USA","New York City","Urban"
"USD - US dollar","30.00","7.00","USA","New York City","Urban"
"USD - US dollar","13.00","7.00","USA","Dallas","Urban"
"USD - US dollar","12.00","7.00","USA","Austin","Urban"
"USD - US dollar","19.50","7.00","USA","New York City","Urban"
"USD - US dollar","25.00","7.00","USA","San Francisco","Urban"
"USD - US dollar","25.00","7.00","USA","Prescott","Urban"
"DKK - Danish Krone","83.00","45.00","Denmark","Aarhus","Urban"
"DKK - Danish Krone","90.00","45.00","Denmark","Copenhagen","Urban"
"DKK - Danish Krone","145.00","45.00","Denmark","Copenhagen","Urban"
"DKK - Danish Krone","150.00","45.00","Denmark","Copenhagen","Urban"
"DKK - Danish Krone","130.00","45.00","Denmark","Svendborg","Suburban"
"DKK - Danish Krone","150.00","45.00","Denmark","Copenhagen","Suburban"
"DKK - Danish Krone","145.00","45.00","Denmark","Copenhagen","Urban"
"CHF - Swiss Franc","25.00","5.50","Switzerland","Aarau","Urban, Suburban"
"CHF - Swiss Franc","21.00","5.50","Switzerland","Zürich","Urban"
"CHF - Swiss Franc","26.90","5.50","Switzerland","St.Gallen","Urban"
"EUR - Euro","15.64","6.00","Finland","Helsinki","Urban"
"EUR - Euro","50.00","6.00","Germany","Stuttgart","Urban"
"EUR - Euro","13.00","6.00","France","Toulouse","Suburban"
"USD - US dollar","16.37","6.87","USA","Saint Paul, MN","Urban"
"QAR - Qatari Rial","8.00","25.00","Qatar","Doha","Urban"
"CHF - Swiss Franc","23.00","5.40","Switzerland","Lausanne","Urban"
"ISK - Iceland Krona","1,900.00","850.00","Iceland","Akureyri","Urban"
"RUB - Russian Ruble","300.00","550.00","Russia","Moscow","Urban"
"AED - UAE Dirham","20.00","25.00","UAE","Abu Dhabi","Urban"
"AED - UAE Dirham","15.00","25.00","UAE","Umm al quwain","Rural"
"EUR - Euro","15.00","5.80","Finland","Helsinki","Urban"
"GBP - Pound Sterling","14.00","5.00","UK","London","Urban"
"DKK - Danish Krone","142.00","43.00","Denmark","Copenhagen","Urban"
"USD - US dollar","23.00","6.62","USA","Seattle","Urban"
"GBP - Pound Sterling","17.50","4.90","UK","London","Urban"
"GBP - Pound Sterling","14.00","4.90","UK","London","Urban"
"USD - US dollar","15.75","6.55","USA","League City, TX","Suburban"
"TRY - Turkish Lira","55.50","290.00","Turkey","Istanbul","Urban"
"DKK - Danish Krone","173.00","42.00","Denmark","Aarhus","Urban"
"DKK - Danish Krone","135.00","42.00","Denmark","Ebeltoft","Suburban"
"DKK - Danish Krone","180.00","42.00","Denmark","Copenhagen","Urban"
"DKK - Danish Krone","140.00","42.00","Denmark","","Urban"
"DKK - Danish Krone","140.00","42.00","Denmark","Aarhus","Urban"
"DKK - Danish Krone","150.00","42.00","Denmark","Copenhagen","Urban"
"USD - US dollar","20.00","6.50","USA","New York City","Urban"
"USD - US dollar","12.00","6.50","USA","Colorado Springs","Urban"
"USD - US dollar","22.00","6.50","USA","","Rural"
"USD - US dollar","17.13","6.50","USA","Wenatchee","Suburban"
"USD - US dollar","12.00","6.50","USA","New York City","Urban"
"USD - US dollar","22.50","6.50","USA","Berkeley","Urban"
"USD - US dollar","20.00","6.50","USA","Los Angeles","Urban"
"USD - US dollar","18.00","6.50","USA","New York City","Urban"
"USD - US dollar","20.25","6.50","USA","San Francisco","Urban"
"NOK - Norwegian Krone","170.00","63.00","Norway","Bergen","Urban, Suburban"
"GBP - Pound Sterling","12.21","4.80","UK","Sheffield","Urban"
"GBP - Pound Sterling","15.00","4.80","UK","London","Urban"
"GBP - Pound Sterling","14.00","4.80","UK","","Rural"
"SEK - Swedish Krona","170.00","60.00","Sweden","Malmö","Urban"
"SEK - Swedish Krona","117.00","60.00","Sweden","Stockholm","Suburban"
"SEK - Swedish Krona","161.00","60.00","Sweden","Malmö","Urban"
"SEK - Swedish Krona","163.00","60.00","Sweden","Malmö","Urban"
"CZK - Czech Koruna","160.00","135.00","Czechia","Prague","Urban"
"USD - US dollar","15.00","6.38","USA","Fort Myers, FL","Suburban"
"EUR - Euro","15.00","5.50","France","Paris","Urban"
"EUR - Euro","14.40","5.50","Netherlands","Rotterdam","Urban, Suburban"
"EUR - Euro","22.50","5.50","Netherlands","Rotterdam","Urban"
"EUR - Euro","8.00","5.50","France","Versailles","Urban"
"EUR - Euro","12.02","5.50","France","Paris","Urban"
"EUR - Euro","13.00","5.50","France","Paris","Urban"
"USD - US dollar","20.00","6.35","USA","Los Angeles","Urban"
"CHF - Swiss Franc","26.50","5.00","Switzerland","Nyon","Urban"
"CHF - Swiss Franc","25.00","5.00","Switzerland","Lausanne","Urban"
"GBP - Pound Sterling","18.50","4.70","UK","London","Urban"
"GBP - Pound Sterling","14.70","4.70","UK","London","Urban"
"TWD - New Taiwan Dollar","220.00","200.00","Taiwan","Taichung","Urban"
"USD - US dollar","22.00","6.25","USA","Los Angeles","Urban"
"USD - US dollar","15.25","6.25","USA","Long Island, NY","Suburban"
"USD - US dollar","19.00","6.25","USA","Boston","Urban"
"USD - US dollar","21.57","6.25","USA","San Francisco","Urban"
"USD - US dollar","17.94","6.25","USA","Westlake Village","Suburban"
"USD - US dollar","20.00","6.25","USA","Los Angeles","Urban"
"DKK - Danish Krone","150.00","40.00","Denmark","Copenhagen","Urban"
"DKK - Danish Krone","130.00","40.00","Denmark","Copenhagen","Urban"
"EUR - Euro","10.00","5.35","France","Lyon","Urban"
"NOK - Norwegian Krone","204.79","60.00","Norway","Stavanger","Urban"
"NOK - Norwegian Krone","205.00","60.00","Norway","Bergen","Urban"
"UYU - Peso Uruguayo","160.00","250.00","Uruguay","Salto","Urban"
"USD - US dollar","19.00","6.16","USA","Kirkland Washington","Urban"
"GBP - Pound Sterling","14.83","4.60","UK","Lincoln","Urban"
"GBP - Pound Sterling","12.41","4.60","UK","Liverpool","Urban"
"GBP - Pound Sterling","12.70","4.60","UK","Liverpool","Urban"
"GBP - Pound Sterling","16.00","4.60","UK","London","Urban"
"EUR - Euro","15.21","5.30","Belgium","Leuven","Urban"
"TRY - Turkish Lira","130.00","270.00","Turkey","Istanbul","Urban"
"NOK - Norwegian Krone","187.50","59.00","Norway","Sandnes","Urban"
"NOK - Norwegian Krone","204.79","59.00","Norway","Bodø","Urban"
"EUR - Euro","18.50","5.25","Netherlands","Tilburg","Urban"
"CHF - Swiss Franc","23.00","4.80","Switzerland","Lucerne","Suburban"
"USD - US dollar","16.90","6.06","USA","Sacramento","Urban"
"DKK - Danish Krone","140.00","39.00","Denmark","Vejle","Urban"
"USD - US dollar","10.00","6.04","USA","Nashville, TN","Urban"
"USD - US dollar","13.00","6.04","USA","Nashville, Tn","Urban"
"EUR - Euro","14.05","5.20","Ireland","Waterford","Urban"
"GBP - Pound Sterling","12.21","4.50","UK","Leeds","Urban"
"GBP - Pound Sterling","13.50","4.50","UK","Near York","Rural"
"GBP - Pound Sterling","13.50","4.50","UK","London","Urban"
"GBP - Pound Sterling","15.00","4.50","UK","Glasgow","Suburban"
"GBP - Pound Sterling","12.25","4.50","UK","","Rural"
"GBP - Pound Sterling","14.25","4.50","UK","London","Urban"
"GBP - Pound Sterling","16.75","4.50","UK","London","Urban"
"GBP - Pound Sterling","17.00","4.50","UK","London","Urban"
"GBP - Pound Sterling","13.50","4.50","UK","London","Urban"
"GBP - Pound Sterling","19.80","4.50","UK","London","Urban"
"GBP - Pound Sterling","13.50","4.50","UK","London","Urban"
"GBP - Pound Sterling","14.00","4.50","UK","London","Urban"
"GBP - Pound Sterling","13.75","4.50","UK","","Rural"
"GBP - Pound Sterling","15.00","4.50","UK","Ballymena","Suburban"
"GBP - Pound Sterling","13.50","4.50","UK","Bristol","Urban"
"GBP - Pound Sterling","13.85","4.50","UK","London","Urban"
"USD - US dollar","15.00","6.00","USA","Dripping Springs, Texas","Suburban"
"USD - US dollar","24.00","6.00","USA","Renton","Suburban"
"USD - US dollar","16.90","6.00","USA","Napa, Ca","Urban"
"USD - US dollar","6.25","6.00","USA","San Marcos, TX","Urban"
"USD - US dollar","13.00","6.00","USA","Phoenix","Suburban"
"USD - US dollar","23.30","6.00","USA","West Hollywood, CA","Urban"
"USD - US dollar","15.97","6.00","USA","Minneapolis","Urban"
"USD - US dollar","16.00","6.00","USA","Salt Lake City","Urban"
"USD - US dollar","16.80","6.00","USA","Houghton","Rural"
"USD - US dollar","16.15","6.00","USA","Houghton, MI","Rural"
"USD - US dollar","19.00","6.00","USA","Speedway, Indiana","Suburban"
"USD - US dollar","18.00","6.00","USA","Staunton, VA","Urban"
"USD - US dollar","24.50","6.00","USA","San Francisco","Urban"
"USD - US dollar","16.00","6.00","USA","Tulsa, OK","Urban"
"USD - US dollar","21.00","6.00","USA","Nashville","Urban"
"USD - US dollar","21.00","6.00","USA","New York City","Urban"
"USD - US dollar","18.00","6.00","USA","Aurora IL","Suburban"
"USD - US dollar","12.00","6.00","USA","Fayetteville, Ar","Urban"
"USD - US dollar","20.00","6.00","USA","New York City","Urban"
"USD - US dollar","20.00","6.00","USA","San Luis Obispo","Suburban"
"USD - US dollar","21.00","6.00","USA","Los Angeles","Urban"
"USD - US dollar","12.50","6.00","USA","Wilmington, DE","Suburban"
"USD - US dollar","19.00","6.00","USA","Boston","Urban"
"USD - US dollar","17.00","6.00","USA","Washington DC","Urban"
"USD - US dollar","15.00","6.00","USA","Dallas","Urban"
"USD - US dollar","17.00","6.00","USA","","Urban"
"USD - US dollar","20.00","6.00","USA","Alexandria Virginia","Suburban"
"USD - US dollar","18.00","6.00","USA","","Suburban"
"USD - US dollar","33.00","6.00","USA","Nashville","Suburban"
"USD - US dollar","11.00","6.00","USA","","Rural"
"USD - US dollar","18.00","6.00","USA","New York City","Urban"
"USD - US dollar","18.00","6.00","USA","Los Angeles","Suburban"
"USD - US dollar","18.00","6.00","USA","Nashville, TN","Urban"
"USD - US dollar","16.50","6.00","USA","","Suburban"
"USD - US dollar","18.50","5.99","USA","New York City","Urban"
"USD - US dollar","14.00","5.99","USA","New York City","Urban"
"NOK - Norwegian Krone","220.00","58.00","Norway","Oslo","Urban"
"NOK - Norwegian Krone","200.00","58.00","Norway","Oslo","Urban"
"PLN - Zloty","44.00","22.00","Poland","Warsaw","Urban"
"USD - US dollar","11.50","5.95","USA","Boston","Urban"
"USD - US dollar","16.00","5.95","USA","Branson","Urban, Suburban"
"USD - US dollar","17.00","5.95","USA","Los Angeles","Urban"
"USD - US dollar","24.00","5.94","USA","Burlingame","Urban"
"USD - US dollar","31.25","5.92","USA","Milwaukee, WI","Urban"
"EUR - Euro","24.00","5.10","Finland","Helsinki","Suburban"
"EUR - Euro","17.00","5.10","Austria","Salzburg","Urban"
"USD - US dollar","12.00","5.89","USA","Hollywood, FL","Urban"
"DKK - Danish Krone","140.00","38.00","Denmark","Silkeborg","Urban"
"GBP - Pound Sterling","14.85","4.40","UK","London","Urban"
"GBP - Pound Sterling","13.50","4.40","UK","London","Urban"
"GBP - Pound Sterling","14.30","4.40","UK","Falmouth","Suburban, Rural"
"GBP - Pound Sterling","12.03","4.40","UK","Derby","Urban"
"GBP - Pound Sterling","13.30","4.40","UK","Edinburgh","Urban"
"GBP - Pound Sterling","12.80","4.40","UK","Doncaster","Suburban"
"GBP - Pound Sterling","13.70","4.40","UK","","Suburban"
"GBP - Pound Sterling","12.21","4.40","UK","London","Urban"
"GBP - Pound Sterling","12.21","4.40","UK","Cambridge","Urban"
"GBP - Pound Sterling","13.00","4.40","UK","Edinburgh","Urban"
"GBP - Pound Sterling","16.50","4.40","UK","London","Urban"
"GBP - Pound Sterling","12.30","4.40","UK","London","Urban"
"GBP - Pound Sterling","17.10","4.40","UK","London","Urban"
"GBP - Pound Sterling","12.39","4.40","UK","Southampton","Urban"
"GBP - Pound Sterling","12.40","4.40","UK","","Urban"
"GBP - Pound Sterling","12.50","4.40","UK","Southampton","Urban"
"GBP - Pound Sterling","12.50","4.40","UK","Edinburgh","Urban"
"SEK - Swedish Krona","155.00","55.00","Sweden","Malmö","Urban"
"SEK - Swedish Krona","149.00","55.00","Sweden","Sundsvall","Urban"
"HKD - Hong Kong Dollar","80.00","46.00","China","Hong Kong","Urban"
"NOK - Norwegian Krone","217.00","57.00","Norway","Bergen","Urban"
"NOK - Norwegian Krone","204.00","57.00","Norway","Trondheim","Urban"
"USD - US dollar","17.00","5.82","USA","New York City","Urban"
"CAD - Canadian Dollar","18.00","8.00","Canada","Calgary","Urban"
"USD - US dollar","20.76","5.79","USA","Seattle","Urban"
"EUR - Euro","11.50","5.00","France","Paris","Urban"
"EUR - Euro","12.00","5.00","France","Paris","Urban"
"EUR - Euro","15.00","5.00","Germany","Berlin","Urban"
"EUR - Euro","8.00","5.00","Lithuania","Vilnius","Urban"
"EUR - Euro","6.00","5.00","Greece","Athens","Urban"
"EUR - Euro","12.60","5.00","France","Paris","Urban"
"EUR - Euro","25.00","5.00","France","Paris","Urban"
"EUR - Euro","32.00","5.00","Germany","Hamburg","Urban"
"EUR - Euro","16.00","5.00","Finland","Helsinki","Urban"
"EUR - Euro","20.00","5.00","Germany","Dortmund","Urban"
"EUR - Euro","2.00","5.00","Greece","Athens","Urban"
"EUR - Euro","11.83","5.00","France","Paris","Urban"
"EUR - Euro","23.00","5.00","Netherlands","Amsterdam","Urban"
"USD - US dollar","20.00","5.75","USA","Los Angeles","Urban"
"USD - US dollar","18.00","5.75","USA","Santa Barbara, CA","Urban"
"USD - US dollar","20.17","5.75","USA","Seatac","Urban"
"USD - US dollar","16.50","5.75","USA","Gresham Oregon","Suburban"
"USD - US dollar","16.90","5.75","USA","Merced, CA","Urban, Rural"
"USD - US dollar","18.04","5.75","USA","Pasadena, CA","Suburban"
"GBP - Pound Sterling","13.85","4.30","UK","London","Urban"
"GBP - Pound Sterling","17.00","4.30","UK","London","Urban"
"GBP - Pound Sterling","15.50","4.30","UK","London","Urban"
"GBP - Pound Sterling","13.50","4.30","UK","Bath","Urban"
"GBP - Pound Sterling","12.90","4.30","UK","London","Urban"
"GBP - Pound Sterling","16.00","4.30","UK","London","Urban"
"GBP - Pound Sterling","12.44","4.30","UK","Belfast","Urban"
"GBP - Pound Sterling","15.50","4.30","UK","London","Urban"
"GBP - Pound Sterling","17.00","4.30","UK","London","Urban"
"HKD - Hong Kong Dollar","75.00","45.00","China","Hong Kong","Urban"
"AED - UAE Dirham","72.00","21.00","UAE","Dubai","Urban"
"USD - US dollar","21.30","5.70","USA","Seattle","Urban"
"USD - US dollar","10.00","5.69","USA","Bowing Green Ohio","Rural"
"GBP - Pound Sterling","13.00","4.25","UK","Edinburgh","Urban"
"GBP - Pound Sterling","12.21","4.25","UK","Manchester","Urban"
"GBP - Pound Sterling","17.50","4.25","UK","","Urban"
"USD - US dollar","18.80","5.68","USA","Austin","Urban"
"EUR - Euro","15.00","4.90","Germany","Hamburg","Urban"
"EUR - Euro","13.90","4.90","Germany","Oldenburg","Urban"
"EUR - Euro","14.70","4.90","Netherlands","Amsterdam","Urban"
"EUR - Euro","9.55","4.90","France","Paris","Urban"
"EUR - Euro","15.00","4.90","France","Paris","Urban"
"USD - US dollar","18.00","5.67","USA","Boston","Urban, Suburban"
"NOK - Norwegian Krone","250.00","55.00","Norway","Oslo","Urban"
"NOK - Norwegian Krone","195.00","55.00","Norway","Stavanger","Urban"
"NOK - Norwegian Krone","230.00","55.00","Norway","Bergen","Urban"
"USD - US dollar","23.00","5.65","USA","Santa Clara","Suburban"
"USD - US dollar","15.25","5.65","USA","Near Denver CO","Suburban"
"USD - US dollar","21.80","5.65","USA","Seattle","Urban"
"USD - US dollar","14.00","5.64","USA","Phoenix","Urban"
"USD - US dollar","17.50","5.63","USA","Thousand Oaks","Suburban"
"GBP - Pound Sterling","13.00","4.20","UK","Portsmouth","Suburban"
"GBP - Pound Sterling","12.50","4.20","UK","Bath","Urban"
"GBP - Pound Sterling","12.21","4.20","UK","London","Urban"
"GBP - Pound Sterling","12.21","4.20","UK","Liverpool","Suburban"
"GBP - Pound Sterling","13.50","4.20","UK","Lewes","Suburban"
"GBP - Pound Sterling","14.00","4.20","UK","Bristol","Urban"
"GBP - Pound Sterling","16.00","4.20","UK","London","Suburban"
"GBP - Pound Sterling","12.21","4.20","UK","Hastings","Urban"
"GBP - Pound Sterling","13.85","4.20","UK","London","Urban"
"GBP - Pound Sterling","13.00","4.20","UK","Bristol","Urban"
"GBP - Pound Sterling","12.71","4.20","UK","Glasgow","Urban"
"GBP - Pound Sterling","14.00","4.20","UK","London","Urban"
"GBP - Pound Sterling","14.00","4.20","UK","London","Urban"
"GBP - Pound Sterling","7.55","4.20","UK","Poole","Suburban"
"GBP - Pound Sterling","12.21","4.20","UK","Newcastle Upon Tyne","Urban"
"GBP - Pound Sterling","12.80","4.20","UK","Edinburgh","Urban"
"GBP - Pound Sterling","12.64","4.20","UK","Manchester","Urban"
"GBP - Pound Sterling","19.23","4.20","UK","London","Urban"
"GBP - Pound Sterling","17.00","4.20","UK","London","Urban"
"GBP - Pound Sterling","12.21","4.20","UK","Leeds","Urban, Suburban"
"GBP - Pound Sterling","13.20","4.20","UK","Cambridge","Suburban"
"GBP - Pound Sterling","13.44","4.20","UK","","Rural"
"GBP - Pound Sterling","12.50","4.20","UK","London","Urban"
"GBP - Pound Sterling","14.80","4.20","UK","London","Urban"
"GBP - Pound Sterling","14.70","4.20","UK","London","Urban"
"GBP - Pound Sterling","15.00","4.20","UK","London","Urban"
"GBP - Pound Sterling","12.21","4.20","UK","Belfast","Urban"
"GBP - Pound Sterling","14.40","4.20","UK","Farnham","Suburban"
"GBP - Pound Sterling","12.21","4.20","UK","Bristol","Urban"
"GBP - Pound Sterling","15.00","4.20","UK","London","Urban"
"GBP - Pound Sterling","12.21","4.20","UK","Cardiff","Urban, Suburban"
"GBP - Pound Sterling","13.00","4.20","UK","Aberdeen","Urban"
"GBP - Pound Sterling","14.50","4.20","UK","London","Urban"
"GBP - Pound Sterling","13.00","4.20","UK","Edinburgh","Urban"
"GBP - Pound Sterling","12.50","4.20","UK","Bristol","Urban"
"GBP - Pound Sterling","13.50","4.20","UK","Cambridge","Suburban"
"GBP - Pound Sterling","12.95","4.20","UK","London","Urban"
"GBP - Pound Sterling","12.30","4.20","UK","Birmingham","Urban"
"GBP - Pound Sterling","12.21","4.20","UK","London","Urban"
"USD - US dollar","13.50","5.61","USA","Washington DC","Urban"
"NOK - Norwegian Krone","250.00","54.00","Norway","Oslo","Suburban"
"NOK - Norwegian Krone","220.00","54.00","Norway","Bergen","Suburban"
"NOK - Norwegian Krone","198.00","54.00","Norway","Oslo","Urban"
"NOK - Norwegian Krone","231.00","54.00","Norway","Oslo","Urban"
"SEK - Swedish Krona","167.00","52.00","Sweden","Stockholm","Urban"
"SEK - Swedish Krona","161.00","52.00","Sweden","Skövde","Urban"
"SEK - Swedish Krona","166.00","52.00","Sweden","Stora Höga","Suburban"
"EUR - Euro","18.70","4.80","Austria","Vienna","Urban"
"EUR - Euro","13.32","4.80","Netherlands","Eindhoven","Urban"
"EUR - Euro","11.00","4.80","Austria","Vienna","Urban"
"EUR - Euro","18.40","4.80","Germany","Hamburg","Urban"
"EUR - Euro","13.90","4.80","Germany","Hamburg","Urban"
"EUR - Euro","18.00","4.80","Ireland","Dublin","Suburban"
"EUR - Euro","16.40","4.80","Netherlands","Utrecht","Urban"
"EUR - Euro","12.50","4.80","Germany","Luebeck","Suburban"
"GBP - Pound Sterling","12.71","4.15","UK","Liverpool","Urban"
"USD - US dollar","21.70","5.51","USA","Seattle","Urban"
"USD - US dollar","15.00","5.50","USA","Deland","Urban"
"USD - US dollar","17.00","5.50","USA","New York City","Urban"
"USD - US dollar","21.00","5.50","USA","Berkeley","Urban"
"USD - US dollar","20.00","5.50","USA","Charleston","Urban"
"USD - US dollar","15.00","5.50","USA","Fairfax","Suburban"
"USD - US dollar","15.00","5.50","USA","Austin","Urban"
"USD - US dollar","18.50","5.50","USA","San José","Urban"
"USD - US dollar","17.00","5.50","USA","New York City","Urban"
"USD - US dollar","16.50","5.50","USA","Chicago","Urban"
"USD - US dollar","14.00","5.50","USA","Normal, IL","Urban, Suburban"
"USD - US dollar","27.00","5.50","USA","Santa Barbara, CA","Urban"
"USD - US dollar","17.80","5.50","USA","Los Angeles","Urban"
"USD - US dollar","21.30","5.50","USA","Seattle","Urban"
"USD - US dollar","20.00","5.50","USA","Detroit","Urban"
"USD - US dollar","15.00","5.50","USA","Washington DC","Urban"
"USD - US dollar","20.00","5.50","USA","Los Angeles","Urban"
"USD - US dollar","21.00","5.50","USA","Seattle","Urban"
"USD - US dollar","23.00","5.50","USA","Menlo Park","Suburban"
"USD - US dollar","15.50","5.50","USA","New York City","Urban"
"USD - US dollar","13.00","5.50","USA","Biloxi","Suburban"
"USD - US dollar","14.85","5.50","USA","Nashville","Urban"
"USD - US dollar","19.90","5.50","USA","Venice","Suburban"
"USD - US dollar","15.50","5.50","USA","Uxbridge, MA","Suburban"
"USD - US dollar","20.00","5.50","USA","Newport Beach","Suburban"
"USD - US dollar","16.00","5.50","USA","","Suburban"
"USD - US dollar","25.00","5.50","USA","Dearborn Heights","Suburban"
"USD - US dollar","21.00","5.50","USA","New York City","Urban"
"USD - US dollar","17.00","5.50","USA","Indianapolis","Urban"
"USD - US dollar","22.00","5.50","USA","Dana Point","Suburban"
"USD - US dollar","16.40","5.50","USA","Minneapolis","Urban"
"USD - US dollar","20.00","5.50","USA","Glendale, CA","Suburban"
"USD - US dollar","23.00","5.50","USA","Seattle","Urban"
"USD - US dollar","17.00","5.50","USA","New York City","Urban"
"USD - US dollar","10.00","5.50","USA","Dallas","Suburban"
"USD - US dollar","11.00","5.50","USA","Saint Louis, MO","Urban"
"USD - US dollar","11.25","5.50","USA","San Antonio","Urban"
"USD - US dollar","19.00","5.50","USA","Washington DC","Urban"
"USD - US dollar","17.50","5.50","USA","Baltimore","Urban"
"USD - US dollar","16.50","5.50","USA","Huntington Beach, California","Suburban"
"USD - US dollar","13.50","5.50","USA","Richmond, VA","Urban"
"USD - US dollar","17.50","5.50","USA","Huntington Beach","Suburban"
"USD - US dollar","11.00","5.50","USA","Atlanta","Urban"
"USD - US dollar","12.00","5.50","USA","Weatherford, Texas","Suburban"
"USD - US dollar","19.00","5.50","USA","Long Beach","Urban"
"USD - US dollar","26.00","5.50","USA","Philadelphia","Urban"
"USD - US dollar","12.00","5.50","USA","St. Louis","Urban"
"USD - US dollar","15.00","5.50","USA","New Orleans","Urban"
"USD - US dollar","16.66","5.50","USA","New York City","Urban"
"USD - US dollar","15.00","5.50","USA","Washington DC","Urban"
"USD - US dollar","16.00","5.50","USA","Princeton","Suburban"
"EUR - Euro","20.00","4.75","Netherlands","Rotterdam","Urban, Suburban"
"USD - US dollar","16.00","5.49","USA","","Suburban"
"USD - US dollar","10.00","5.49","USA","Germantown","Suburban"
"USD - US dollar","19.00","5.49","USA","Washington DC","Urban"
"USD - US dollar","20.00","5.49","USA","Los Angeles","Urban"
"GBP - Pound Sterling","14.50","4.10","UK","Reading","Urban, Suburban"
"GBP - Pound Sterling","12.21","4.10","UK","Stafford","Urban"
"GBP - Pound Sterling","12.40","4.10","UK","Edinburgh","Urban"
"GBP - Pound Sterling","14.50","4.10","UK","London","Urban"
"GBP - Pound Sterling","15.30","4.10","UK","Huddersfield","Rural"
"GBP - Pound Sterling","12.00","4.10","UK","London","Suburban"
"GBP - Pound Sterling","12.51","4.10","UK","Huddersfield","Urban"
"GBP - Pound Sterling","12.21","4.10","UK","Shrewsbury, Shropshire","Urban"
"GBP - Pound Sterling","12.40","4.10","UK","Bristol","Urban"
"GBP - Pound Sterling","10.50","4.10","UK","Eastbourne","Suburban"
"GBP - Pound Sterling","13.00","4.10","UK","Oxford","Urban"
"GBP - Pound Sterling","13.00","4.10","UK","Swansea","Urban"
"GBP - Pound Sterling","12.60","4.10","UK","Edinburgh","Urban"
"GBP - Pound Sterling","12.40","4.10","UK","Bath","Urban"
"GBP - Pound Sterling","12.60","4.10","UK","Cardiff","Urban"
"GBP - Pound Sterling","15.00","4.10","UK","London","Urban"
"GBP - Pound Sterling","12.21","4.10","UK","Leeds","Suburban"
"GBP - Pound Sterling","12.21","4.10","UK","Aberdeen","Suburban"
"GBP - Pound Sterling","12.30","4.10","UK","Bath","Urban"
"GBP - Pound Sterling","12.60","4.10","UK","Oxford","Urban, Suburban"
"GBP - Pound Sterling","13.00","4.10","UK","York","Urban"
"GBP - Pound Sterling","12.21","4.10","UK","Southampton","Urban"
"GBP - Pound Sterling","12.40","4.10","UK","Bath","Urban"
"GBP - Pound Sterling","12.75","4.10","UK","London","Suburban"
"GBP - Pound Sterling","12.60","4.10","UK","Edinburgh","Urban"
"GBP - Pound Sterling","13.15","4.10","UK","London","Urban"
"GBP - Pound Sterling","12.30","4.10","UK","Leeds","Urban"
"GBP - Pound Sterling","13.15","4.10","UK","London","Urban"
"GBP - Pound Sterling","12.50","4.10","UK","Leeds","Urban"
"GBP - Pound Sterling","12.40","4.10","UK","Bath","Urban"
"USD - US dollar","15.25","5.45","USA","Kalamazoo, MI","Urban, Suburban"
"USD - US dollar","16.50","5.45","USA","Chico, Ca","Suburban"
"USD - US dollar","20.25","5.45","USA","Newark, CA","Suburban"
"USD - US dollar","24.00","5.44","USA","Brooklyn","Urban"
"USD - US dollar","18.00","5.44","USA","Buffalo, NY","Urban"
"EUR - Euro","14.97","4.70","Germany","Kiel","Urban"
"EUR - Euro","14.00","4.70","France","Chamonix","Urban"
"EUR - Euro","14.00","4.70","Finland","Helsinki","Urban"
"EUR - Euro","15.00","4.70","Netherlands","Amsterdam","Urban"
"ILS - New Israeli Sheqel","45.00","17.00","Israel","Haifa","Urban"
"ILS - New Israeli Sheqel","42.00","17.00","Israel","Tel Aviv","Urban"
"USD - US dollar","12.00","5.43","USA","Oyster bay","Suburban"
"USD - US dollar","10.50","5.43","USA","San Antonio","Urban"
"DKK - Danish Krone","150.00","35.00","Denmark","Copenhagen","Urban"
"PLN - Zloty","35.00","20.00","Poland","Warsaw","Urban"
"USD - US dollar","24.50","5.40","USA","Boston","Urban"
"USD - US dollar","12.00","5.40","USA","Traverse City, Michigan","Suburban"
"USD - US dollar","21.33","5.40","USA","Seattle","Urban"
"USD - US dollar","15.50","5.38","USA","Albuquerque","Urban"
"USD - US dollar","14.25","5.38","USA","Tallahassee","Suburban"
"CRC - Costa Rican Colon","2,200.00","2,500.00","Costa Rica","Heredia","Urban"
"USD - US dollar","17.20","5.37","USA","St. Paul","Urban"
"HKD - Hong Kong Dollar","98.70","42.00","China","Hong Kong","Urban"
"HKD - Hong Kong Dollar","67.00","42.00","China","Hong Kong","Urban"
"USD - US dollar","16.50","5.35","USA","Portland","Suburban"
"USD - US dollar","17.50","5.35","USA","","Urban"
"USD - US dollar","24.10","5.35","USA","Asheville, NC","Urban"
"GBP - Pound Sterling","14.00","4.00","UK","London","Urban"
"GBP - Pound Sterling","12.50","4.00","UK","London","Urban"
"GBP - Pound Sterling","11.50","4.00","UK","Oxford","Urban"
"GBP - Pound Sterling","13.00","4.00","UK","Manchester","Suburban"
"GBP - Pound Sterling","14.90","4.00","UK","Teesside","Urban"
"GBP - Pound Sterling","12.38","4.00","UK","Bath","Urban"
"GBP - Pound Sterling","14.00","4.00","UK","London","Urban"
"GBP - Pound Sterling","14.00","4.00","UK","Frome, Somerset","Urban, Rural"
"GBP - Pound Sterling","13.50","4.00","UK","London","Urban"
"GBP - Pound Sterling","11.21","4.00","UK","Guildford","Suburban"
"GBP - Pound Sterling","13.00","4.00","UK","Glasgow","Urban"
"GBP - Pound Sterling","17.00","4.00","UK","London","Suburban"
"GBP - Pound Sterling","16.20","4.00","UK","Gatwick","Urban"
"GBP - Pound Sterling","12.60","4.00","UK","Preston","Suburban"
"GBP - Pound Sterling","12.00","4.00","UK","Edinburgh","Urban"
"GBP - Pound Sterling","13.00","4.00","UK","Bath","Urban"
"GBP - Pound Sterling","15.00","4.00","UK","London","Urban"
"GBP - Pound Sterling","12.50","4.00","UK","","Suburban"
"GBP - Pound Sterling","12.50","4.00","UK","Liverpool","Suburban"
"GBP - Pound Sterling","16.00","4.00","UK","London","Urban"
"GBP - Pound Sterling","14.00","4.00","UK","Liverpool","Urban"
"GBP - Pound Sterling","13.00","4.00","UK","Manchester","Urban"
"GBP - Pound Sterling","15.00","4.00","UK","London","Urban"
"GBP - Pound Sterling","13.00","4.00","UK","Manchester","Urban"
"GBP - Pound Sterling","12.21","4.00","UK","Hertfordshire","Suburban"
"GBP - Pound Sterling","15.00","4.00","UK","London","Urban"
"GBP - Pound Sterling","14.50","4.00","UK","St. James park ( westminster)","Urban"
"GBP - Pound Sterling","15.50","4.00","UK","London","Urban"
"GBP - Pound Sterling","13.00","4.00","UK","London","Rural"
"GBP - Pound Sterling","12.51","4.00","UK","Leicester","Urban"
"GBP - Pound Sterling","13.00","4.00","UK","Winchester","Suburban, Rural"
"GBP - Pound Sterling","13.60","4.00","UK","Manchester","Urban"
"GBP - Pound Sterling","12.21","4.00","UK","Edinburgh","Urban"
"GBP - Pound Sterling","13.50","4.00","UK","Leeds","Urban"
"GBP - Pound Sterling","13.00","4.00","UK","Wakefield","Suburban"
"GBP - Pound Sterling","14.85","4.00","UK","London","Urban"
"GBP - Pound Sterling","16.50","4.00","UK","London","Urban"
"GBP - Pound Sterling","14.00","4.00","UK","London","Urban"
"GBP - Pound Sterling","14.23","4.00","UK","Exeter","Urban"
"GBP - Pound Sterling","11.50","4.00","UK","Leeds","Urban"
"GBP - Pound Sterling","13.00","4.00","UK","Eastbourne","Urban"
"GBP - Pound Sterling","13.00","4.00","UK","Bournemouth","Urban"
"GBP - Pound Sterling","15.00","4.00","UK","London","Urban"
"GBP - Pound Sterling","12.30","4.00","UK","Birmingham","Urban"
"GBP - Pound Sterling","13.50","4.00","UK","Worcester","Suburban"
"GBP - Pound Sterling","13.50","4.00","UK","London","Urban"
"GBP - Pound Sterling","14.75","4.00","UK","London","Urban"
"GBP - Pound Sterling","13.00","4.00","UK","Birmingham","Urban"
"GBP - Pound Sterling","13.50","4.00","UK","Lyme Regis","Urban"
"GBP - Pound Sterling","14.00","4.00","UK","Bristol","Urban"
"GBP - Pound Sterling","13.50","4.00","UK","Bournemouth","Urban"
"GBP - Pound Sterling","14.00","4.00","UK","London","Urban"
"GBP - Pound Sterling","14.80","4.00","UK","London","Urban"
"GBP - Pound Sterling","13.50","4.00","UK","Edinburgh","Urban"
"GBP - Pound Sterling","12.42","4.00","UK","Edinburgh","Urban"
"GBP - Pound Sterling","14.80","4.00","UK","London","Urban"
"GBP - Pound Sterling","15.00","4.00","UK","London","Urban"
"GBP - Pound Sterling","14.20","4.00","UK","London","Urban"
"GBP - Pound Sterling","12.80","4.00","UK","Penryn","Suburban"
"GBP - Pound Sterling","13.60","4.00","UK","Manchester","Urban"
"SEK - Swedish Krona","168.00","50.00","Sweden","Stockholm","Urban"
"SEK - Swedish Krona","169.00","50.00","Sweden","Stockholm","Urban"
"GBP - Pound Sterling","15.00","3.99","UK","London","Urban"
"USD - US dollar","17.00","5.33","USA","Joplin, Missouri","Suburban"
"EUR - Euro","14.00","4.60","Germany","Frankfurt","Urban"
"EUR - Euro","19.00","4.60","Belgium","Brussels","Urban"
"GBP - Pound Sterling","12.21","3.95","UK","Milton Keynes","Suburban"
"GBP - Pound Sterling","12.44","3.95","UK","Manchester","Urban"
"GBP - Pound Sterling","11.58","3.95","UK","Nottingham","Urban"
"GBP - Pound Sterling","12.60","3.95","UK","Glasgow","Urban"
"GBP - Pound Sterling","13.50","3.95","UK","Exeter","Urban"
"GBP - Pound Sterling","13.00","3.95","UK","London","Suburban"
"GBP - Pound Sterling","12.21","3.95","UK","London","Urban"
"GBP - Pound Sterling","12.21","3.95","UK","Bangor","Suburban"
"GBP - Pound Sterling","14.00","3.95","UK","London","Urban"
"GBP - Pound Sterling","13.85","3.95","UK","London","Suburban"
"GBP - Pound Sterling","12.30","3.95","UK","","Suburban"
"GBP - Pound Sterling","13.60","3.95","UK","Lytham","Suburban"
"GBP - Pound Sterling","12.44","3.95","UK","","Rural"
"GBP - Pound Sterling","14.00","3.95","UK","London","Urban"
"USD - US dollar","15.00","5.26","USA","Atlanta","Urban"
"USD - US dollar","20.00","5.25","USA","Half Moon Bay","Suburban"
"USD - US dollar","18.84","5.25","USA","Portland, OR","Urban"
"USD - US dollar","16.30","5.25","USA","Portland","Urban"
"USD - US dollar","17.00","5.25","USA","Manhattan","Urban"
"USD - US dollar","21.00","5.25","USA","New York City","Urban"
"USD - US dollar","18.00","5.25","USA","Charlottesville, Virginia","Urban"
"USD - US dollar","21.50","5.25","USA","Miami","Urban"
"USD - US dollar","16.50","5.25","USA","Montclair, New Jersey","Suburban"
"USD - US dollar","13.70","5.25","USA","Charlotte, NC","Suburban"
"USD - US dollar","19.00","5.25","USA","Newport Beach, California","Urban"
"USD - US dollar","12.50","5.25","USA","Las Vegas","Urban"
"USD - US dollar","12.00","5.25","USA","Dunnellon","Suburban"
"USD - US dollar","15.50","5.25","USA","Houston, TX","Urban"
"USD - US dollar","27.00","5.25","USA","Santee","Suburban"
"USD - US dollar","17.35","5.25","USA","Sonoma, CA","Urban"
"USD - US dollar","16.27","5.25","USA","Denver","Urban"
"USD - US dollar","22.00","5.25","USA","New York City","Urban"
"BBD - Barbados Dollar","20.00","10.50","Barbados","","Urban"
"USD - US dollar","18.00","5.25","USA","Vancouver","Suburban"
"USD - US dollar","21.00","5.25","USA","Northern Virginia - Washington DC Metropolitan Statistical Area","Suburban"
"USD - US dollar","16.00","5.25","USA","Rochester, NY","Urban"
"USD - US dollar","11.00","5.25","USA","","Suburban"
"USD - US dollar","18.50","5.25","USA","Boston","Urban"
"USD - US dollar","20.00","5.25","USA","Los Angeles","Urban"
"USD - US dollar","19.00","5.25","USA","Los Angeles","Urban"
"USD - US dollar","19.00","5.25","USA","Los Angeles","Urban"
"USD - US dollar","15.00","5.25","USA","Lansing, MI","Urban"
"SEK - Swedish Krona","150.00","49.00","Sweden","Helsingborg","Urban"
"GBP - Pound Sterling","12.60","3.90","UK","","Rural"
"GBP - Pound Sterling","12.15","3.90","UK","","Suburban"
"GBP - Pound Sterling","13.00","3.90","UK","Great Malvern","Suburban"
"GBP - Pound Sterling","12.90","3.90","UK","Cardiff","Urban"
"GBP - Pound Sterling","12.30","3.90","UK","Aberdeen","Suburban"
"GBP - Pound Sterling","13.50","3.90","UK","Bath","Urban"
"GBP - Pound Sterling","12.82","3.90","UK","St Albans","Urban"
"GBP - Pound Sterling","12.12","3.90","UK","Aberdeen","Urban"
"GBP - Pound Sterling","17.00","3.90","UK","Macclesfield","Urban"
"GBP - Pound Sterling","12.00","3.90","UK","Canterbury","Suburban"
"GBP - Pound Sterling","12.71","3.90","UK","Glasgow","Urban"
"GBP - Pound Sterling","13.44","3.90","UK","Bristol","Urban"
"GBP - Pound Sterling","12.60","3.90","UK","Cardiff","Urban"
"GBP - Pound Sterling","12.60","3.90","UK","Sheffield","Suburban"
"GBP - Pound Sterling","12.21","3.90","UK","Knaresborough","Urban"
"GBP - Pound Sterling","12.50","3.90","UK","Winchester","Suburban, Rural"
"GBP - Pound Sterling","12.41","3.90","UK","Dundee","Urban"
"GBP - Pound Sterling","12.60","3.90","UK","Nottingham","Urban"
"GBP - Pound Sterling","13.00","3.90","UK","Belfast","Suburban"
"GBP - Pound Sterling","15.00","3.90","UK","London","Urban"
"GBP - Pound Sterling","13.15","3.90","UK","London","Urban"
"GBP - Pound Sterling","13.50","3.90","UK","London","Urban"
"GBP - Pound Sterling","13.00","3.90","UK","","Rural"
"GBP - Pound Sterling","12.90","3.90","UK","","Suburban"
"GBP - Pound Sterling","13.50","3.90","UK","Nottinghamshire","Suburban"
"GBP - Pound Sterling","12.21","3.90","UK","","Rural"
"GBP - Pound Sterling","12.60","3.90","UK","Cardiff","Urban"
"GBP - Pound Sterling","12.21","3.90","UK","Milngavie","Suburban"
"GBP - Pound Sterling","12.21","3.90","UK","","Suburban"
"GBP - Pound Sterling","13.00","3.90","UK","Sheffield","Urban"
"GBP - Pound Sterling","13.80","3.90","UK","Cardiff","Urban"
"GBP - Pound Sterling","14.10","3.90","UK","London","Urban"
"GBP - Pound Sterling","11.00","3.90","UK","Bournemouth","Urban"
"GBP - Pound Sterling","13.50","3.90","UK","Edinburgh","Urban"
"GBP - Pound Sterling","12.70","3.90","UK","Leeds","Urban"
"GBP - Pound Sterling","13.00","3.90","UK","Leeds","Urban"
"GBP - Pound Sterling","12.21","3.90","UK","Glasgow","Urban"
"GBP - Pound Sterling","13.00","3.90","UK","London","Urban"
"GBP - Pound Sterling","12.50","3.90","UK","","Rural"
"GBP - Pound Sterling","13.90","3.90","UK","","Urban"
"GBP - Pound Sterling","8.60","3.90","UK","Swansea","Suburban"
"GBP - Pound Sterling","13.00","3.90","UK","Canterbury","Urban"
"GBP - Pound Sterling","14.50","3.90","UK","London","Urban"
"GBP - Pound Sterling","13.21","3.90","UK","","Suburban"
"GBP - Pound Sterling","12.67","3.90","UK","London","Suburban"
"GBP - Pound Sterling","12.21","3.90","UK","","Rural"
"GBP - Pound Sterling","15.00","3.90","UK","London","Urban"
"GBP - Pound Sterling","12.21","3.90","UK","Edinburgh","Urban"
"GBP - Pound Sterling","14.30","3.90","UK","Exeter","Suburban"
"GBP - Pound Sterling","13.00","3.90","UK","","Suburban"
"GBP - Pound Sterling","12.70","3.90","UK","Nottingham","Urban"
"GBP - Pound Sterling","12.21","3.90","UK","Edinburgh","Urban"
"GBP - Pound Sterling","13.00","3.90","UK","Manchester","Suburban"
"AUD - Australian Dollar","31.19","7.50","Australia","Sydney","Urban"
"EUR - Euro","16.70","4.50","Belgium","Brussels","Urban"
"EUR - Euro","22.00","4.50","Finland","Helsinki","Urban"
"EUR - Euro","17.00","4.50","Finland","Helsinki","Urban"
"EUR - Euro","16.00","4.50","Germany","Berlin","Urban"
"EUR - Euro","14.15","4.50","Ireland","Limerick","Urban, Rural"
"EUR - Euro","17.00","4.50","Belgium","Ghent","Suburban"
"EUR - Euro","13.00","4.50","France","Paris","Urban"
"EUR - Euro","12.00","4.50","Germany","","Suburban"
"EUR - Euro","13.00","4.50","Germany","Hamburg","Urban"
"EUR - Euro","14.50","4.50","Ireland","","Rural"
"EUR - Euro","20.00","4.50","Netherlands","Amsterdam","Urban"
"EUR - Euro","13.00","4.50","Belgium","Brussels","Urban"
"EUR - Euro","15.50","4.50","Finland","Helsinki","Urban"
"EUR - Euro","13.00","4.50","Austria","Lake Attersee","Rural"
"EUR - Euro","16.70","4.50","Finland","Helsinki","Urban"
"EUR - Euro","13.00","4.50","Germany","Freiburg","Urban"
"EUR - Euro","14.00","4.50","Germany","Chemnitz","Suburban"
"EUR - Euro","14.00","4.50","Germany","Kassel","Urban"
"EUR - Euro","15.00","4.50","Germany","Hamburg","Urban"
"EUR - Euro","15.00","4.50","Ireland","Newcastle West","Suburban"
"EUR - Euro","14.90","4.50","Ireland","Kildare","Suburban"
"EUR - Euro","15.00","4.50","Netherlands","Amsterdam","Urban"
"EUR - Euro","14.00","4.50","Finland","Helsinki","Urban"
"EUR - Euro","13.52","4.50","Finland","Helsinki","Urban"
"EUR - Euro","14.88","4.50","Belgium","Brussels","Urban"
"EUR - Euro","22.00","4.50","Finland","Helsinki","Urban"
"EUR - Euro","12.00","4.50","Finland","Helsinki","Urban"
"EUR - Euro","12.72","4.50","France","Paris","Urban"
"EUR - Euro","13.50","4.50","France","Lyon","Urban"
"EUR - Euro","13.00","4.50","France","Paris","Urban"
"EUR - Euro","15.00","4.50","Germany","","Urban"
"EUR - Euro","14.50","4.50","Ireland","Limerick","Urban, Suburban"
"EUR - Euro","14.15","4.50","Ireland","Dublin","Urban"
"EUR - Euro","18.40","4.50","Netherlands","Amsterdam","Urban"
"EUR - Euro","10.00","4.50","Netherlands","Rotterdam","Urban"
"USD - US dollar","16.00","5.19","USA","Lawrence, Kansas","Suburban"
"USD - US dollar","13.00","5.19","USA","Norfolk","Urban"
"USD - US dollar","12.00","5.17","USA","Atlanta","Urban"
"USD - US dollar","26.00","5.17","USA","New York City","Urban"
"USD - US dollar","13.00","5.16","USA","Phoenix","Urban, Suburban"
"USD - US dollar","17.50","5.15","USA","Boston","Urban"
"USD - US dollar","10.00","5.15","USA","Tulsa, OK","Suburban"
"USD - US dollar","12.00","5.15","USA","Boca Raton, FL","Suburban"
"GBP - Pound Sterling","13.80","3.85","UK","Exeter","Rural"
"GBP - Pound Sterling","12.20","3.85","UK","Bath","Urban"
"GBP - Pound Sterling","12.60","3.85","UK","Halesowen","Urban"
"GBP - Pound Sterling","12.50","3.85","UK","Leeds","Urban"
"GBP - Pound Sterling","12.60","3.85","UK","Bristol","Urban"
"GBP - Pound Sterling","12.21","3.85","UK","London","Urban"
"GBP - Pound Sterling","12.21","3.85","UK","London","Urban"
"GBP - Pound Sterling","12.21","3.85","UK","Stratford-upon-Avon","Rural"
"GBP - Pound Sterling","12.50","3.85","UK","","Rural"
"GBP - Pound Sterling","7.55","3.85","UK","","Suburban"
"GBP - Pound Sterling","16.40","3.85","UK","London","Urban"
"GBP - Pound Sterling","12.50","3.85","UK","Pewsey, Wiltshire","Rural"
"PLN - Zloty","36.00","19.00","Poland","Kraków","Urban"
"PLN - Zloty","33.40","19.00","Poland","Warsaw","Urban"
"PLN - Zloty","23.94","19.00","Poland","Tychy","Urban"
"PLN - Zloty","30.00","19.00","Poland","Wrocław","Urban"
"PLN - Zloty","35.00","19.00","Poland","Warsaw","Urban"
"PLN - Zloty","31.40","19.00","Poland","Kraków","Urban, Suburban"
"PLN - Zloty","33.50","19.00","Poland","Warsaw","Urban"
"PLN - Zloty","33.00","19.00","Poland","Gdańsk","Urban"
"USD - US dollar","16.00","5.14","USA","Fort Worth","Urban"
"SEK - Swedish Krona","160.00","48.00","Sweden","Malmö","Urban"
"USD - US dollar","10.60","5.12","USA","Atlanta","Urban"
"USD - US dollar","19.35","5.12","USA","Bonney Lake","Suburban"
"ILS - New Israeli Sheqel","50.00","16.00","Israel","Tel Aviv","Urban"
"ILS - New Israeli Sheqel","60.00","16.00","Israel","Tel Aviv","Urban"
"ILS - New Israeli Sheqel","50.00","16.00","Israel","Tel Aviv","Urban"
"ILS - New Israeli Sheqel","45.00","16.00","Israel","Rishon lezion","Suburban"
"HKD - Hong Kong Dollar","75.00","40.00","China","Hong Kong","Urban"
"HKD - Hong Kong Dollar","75.00","40.00","China","Hong Kong","Urban"
"HKD - Hong Kong Dollar","70.00","40.00","China","Hong Kong","Urban"
"EUR - Euro","12.93","4.40","Austria","Linz","Urban"
"EUR - Euro","13.00","4.40","Finland","Helsinki","Urban"
"EUR - Euro","12.50","4.40","Germany","","Urban"
"EUR - Euro","17.00","4.40","Germany","Berlin","Urban"
"EUR - Euro","12.41","4.40","Germany","Cologne","Urban"
"CAD - Canadian Dollar","18.00","7.00","Canada","Toronto","Urban"
"CAD - Canadian Dollar","17.00","7.00","Canada","Toronto","Urban"
"USD - US dollar","15.00","5.09","USA","Traverse City","Suburban"
"GBP - Pound Sterling","14.00","3.80","UK","London","Urban"
"GBP - Pound Sterling","13.00","3.80","UK","Leeds","Urban"
"GBP - Pound Sterling","16.85","3.80","UK","London","Suburban"
"GBP - Pound Sterling","13.40","3.80","UK","","Rural"
"GBP - Pound Sterling","13.50","3.80","UK","Belfast","Suburban"
"GBP - Pound Sterling","13.00","3.80","UK","Taunton, Somerset","Urban"
"GBP - Pound Sterling","14.40","3.80","UK","London","Urban"
"GBP - Pound Sterling","12.50","3.80","UK","North Berwick","Suburban"
"GBP - Pound Sterling","13.25","3.80","UK","London","Urban"
"GBP - Pound Sterling","12.30","3.80","UK","York","Suburban"
"GBP - Pound Sterling","10.00","3.80","UK","","Suburban"
"GBP - Pound Sterling","12.75","3.80","UK","The Lake District","Rural"
"GBP - Pound Sterling","16.50","3.80","UK","Belfast","Urban"
"GBP - Pound Sterling","12.60","3.80","UK","London","Urban"
"GBP - Pound Sterling","13.10","3.80","UK","Oxford","Urban"
"GBP - Pound Sterling","12.00","3.80","UK","","Rural"
"GBP - Pound Sterling","14.15","3.80","UK","London","Urban"
"GBP - Pound Sterling","13.00","3.80","UK","","Rural"
"GBP - Pound Sterling","14.00","3.80","UK","London","Urban, Suburban"
"GBP - Pound Sterling","12.50","3.80","UK","Edinburgh","Urban"
"GBP - Pound Sterling","13.20","3.80","UK","Glasgow","Urban"
"GBP - Pound Sterling","12.80","3.80","UK","Chester","Urban"
"GBP - Pound Sterling","12.21","3.80","UK","Sutton","Suburban"
"GBP - Pound Sterling","12.74","3.80","UK","","Suburban"
"GBP - Pound Sterling","12.60","3.80","UK","St.Ives","Rural"
"GBP - Pound Sterling","13.00","3.80","UK","Salisbury","Urban"
"GBP - Pound Sterling","14.75","3.80","UK","Birmingham","Suburban"
"GBP - Pound Sterling","13.50","3.80","UK","Bangor","Suburban"
"GBP - Pound Sterling","12.41","3.80","UK","Edinburgh","Urban"
"GBP - Pound Sterling","12.35","3.80","UK","Manchester","Urban"
"GBP - Pound Sterling","14.00","3.80","UK","London","Urban"
"GBP - Pound Sterling","12.21","3.80","UK","Edinburgh","Urban"
"GBP - Pound Sterling","12.75","3.80","UK","Manchester","Urban"
"GBP - Pound Sterling","12.70","3.80","UK","","Suburban"
"GBP - Pound Sterling","12.41","3.80","UK","Sheffield","Urban"
"GBP - Pound Sterling","14.33","3.80","UK","Bristol","Urban"
"GBP - Pound Sterling","14.42","3.80","UK","Belfast","Urban"
"GBP - Pound Sterling","15.00","3.80","UK","Southampton","Suburban"
"GBP - Pound Sterling","13.00","3.80","UK","Belfast","Urban"
"GBP - Pound Sterling","12.60","3.80","UK","Newcastle upon tyne","Urban"
"GBP - Pound Sterling","12.50","3.80","UK","Manchester","Urban"
"GBP - Pound Sterling","12.31","3.80","UK","Sunderland","Urban"
"GBP - Pound Sterling","12.21","3.80","UK","","Suburban"
"GBP - Pound Sterling","12.80","3.80","UK","York","Suburban"
"GBP - Pound Sterling","16.50","3.80","UK","London","Urban"
"GBP - Pound Sterling","14.00","3.80","UK","Brighton","Urban"
"GBP - Pound Sterling","17.00","3.80","UK","London","Urban, Suburban"
"GBP - Pound Sterling","12.50","3.80","UK","London","Suburban"
"GBP - Pound Sterling","13.43","3.80","UK","Huddersfield","Urban"
"GBP - Pound Sterling","12.50","3.80","UK","Kinross","Rural"
"GBP - Pound Sterling","13.00","3.80","UK","Manchester","Suburban"
"GBP - Pound Sterling","14.80","3.80","UK","London","Urban"
"GBP - Pound Sterling","14.00","3.80","UK","London","Urban"
"GBP - Pound Sterling","13.00","3.80","UK","Birmingham","Urban"
"GBP - Pound Sterling","12.75","3.80","UK","Newcastle-under-Lyme","Urban"
"GBP - Pound Sterling","14.00","3.80","UK","Oxford","Urban"
"GBP - Pound Sterling","13.55","3.80","UK","Dundee","Urban"
"GBP - Pound Sterling","13.30","3.80","UK","Liverpool","Urban"
"GBP - Pound Sterling","14.00","3.80","UK","Bristol","Suburban"
"GBP - Pound Sterling","13.00","3.80","UK","London","Urban"
"GBP - Pound Sterling","15.60","3.80","UK","London","Urban"
"GBP - Pound Sterling","12.80","3.80","UK","Manchester","Suburban"
"GBP - Pound Sterling","12.21","3.80","UK","Glasgow","Urban"
"GBP - Pound Sterling","13.67","3.80","UK","Bristol","Urban, Suburban"
"GBP - Pound Sterling","12.35","3.80","UK","Leeds","Urban"
"GBP - Pound Sterling","12.42","3.80","UK","Colwyn Bay","Suburban"
"GBP - Pound Sterling","12.50","3.80","UK","Hitchin","Suburban"
"GBP - Pound Sterling","12.80","3.80","UK","Wrexham","Urban"
"GBP - Pound Sterling","12.00","3.80","UK","London","Urban"
"GBP - Pound Sterling","13.00","3.80","UK","London","Urban"
"GBP - Pound Sterling","12.71","3.80","UK","Plymouth","Urban"
"GBP - Pound Sterling","14.25","3.80","UK","Cheltenham","Suburban"
"GBP - Pound Sterling","12.50","3.80","UK","Glasgow","Urban"
"GBP - Pound Sterling","14.00","3.80","UK","Bristol","Urban"
"GBP - Pound Sterling","12.21","3.80","UK","Bristol","Urban"
"GBP - Pound Sterling","14.00","3.80","UK","London","Urban"
"GBP - Pound Sterling","13.77","3.80","UK","Birmingham","Urban"
"GBP - Pound Sterling","13.50","3.80","UK","Bristol","Urban"
"GBP - Pound Sterling","17.00","3.80","UK","London","Urban"
"GBP - Pound Sterling","15.00","3.80","UK","Liverpool","Urban"
"GBP - Pound Sterling","14.00","3.80","UK","London","Urban"
"GBP - Pound Sterling","15.00","3.80","UK","London","Urban"
"GBP - Pound Sterling","12.25","3.80","UK","Bristol","Urban"
"GBP - Pound Sterling","13.50","3.80","UK","Oxford","Urban"
"GBP - Pound Sterling","12.51","3.80","UK","London","Urban"
"GBP - Pound Sterling","13.00","3.80","UK","Glasgow","Urban"
"GBP - Pound Sterling","12.21","3.80","UK","","Suburban"
"GBP - Pound Sterling","14.50","3.80","UK","Harrogate","Suburban"
"GBP - Pound Sterling","12.00","3.80","UK","Glasgow","Urban"
"GBP - Pound Sterling","12.40","3.80","UK","Newcastle","Urban"
"GBP - Pound Sterling","12.70","3.80","UK","Leeds","Urban"
"GBP - Pound Sterling","13.00","3.80","UK","Derry closest","Rural"
"GBP - Pound Sterling","12.36","3.80","UK","Oxford","Urban"
"GBP - Pound Sterling","12.21","3.80","UK","Cheltenham","Urban"
"GBP - Pound Sterling","9.86","3.80","UK","London","Urban"
"USD - US dollar","15.00","5.08","USA","St. Petersburg, FL","Urban"
"SGD - Singapore Dollar","10.00","6.50","Singapore","","Urban"
"SGD - Singapore Dollar","18.00","6.50","Singapore","","Urban"
"SGD - Singapore Dollar","10.00","6.50","Singapore","","Urban"
"GBP - Pound Sterling","12.50","3.79","UK","Plymouth","Rural"
"GBP - Pound Sterling","12.50","3.79","UK","","Rural"
"USD - US dollar","14.00","5.05","USA","McKinney Texas","Suburban"
"USD - US dollar","11.00","5.05","USA","Austin","Urban"
"USD - US dollar","12.00","5.05","USA","","Rural"
"USD - US dollar","14.25","5.04","USA","Houston, TX","Suburban"
"JPY - Yen","1,200.00","800.00","Japan","Tokyo","Urban"
"MXN - Mexican Peso","41.25","90.00","Mexico","Ciudad de México","Urban"
"USD - US dollar","22.00","5.03","USA","Kansas City, Missouri","Urban"
"USD - US dollar","18.00","5.03","USA","Ocean city, Maryland","Rural"
"USD - US dollar","20.00","5.03","USA","Ypsilanti","Urban"
"SEK - Swedish Krona","87.50","47.00","Sweden","Stockholm","Urban"
"USD - US dollar","22.50","5.02","USA","Chicago","Urban"
"GBP - Pound Sterling","12.41","3.75","UK","Nottingham","Urban"
"GBP - Pound Sterling","12.60","3.75","UK","Norwich","Urban"
"GBP - Pound Sterling","12.50","3.75","UK","Belfast","Urban"
"GBP - Pound Sterling","13.00","3.75","UK","Cardiff","Urban"
"GBP - Pound Sterling","11.00","3.75","UK","Manchester","Suburban"
"GBP - Pound Sterling","16.20","3.75","UK","Brighton and Hove","Urban"
"GBP - Pound Sterling","14.85","3.75","UK","London","Urban"
"GBP - Pound Sterling","12.21","3.75","UK","Nottinghamshire","Suburban"
"GBP - Pound Sterling","12.25","3.75","UK","Ross-on-wye","Suburban"
"GBP - Pound Sterling","12.21","3.75","UK","","Rural"
"GBP - Pound Sterling","12.50","3.75","UK","Belfast","Urban"
"GBP - Pound Sterling","13.00","3.75","UK","","Rural"
"GBP - Pound Sterling","14.50","3.75","UK","","Rural"
"GBP - Pound Sterling","12.70","3.75","UK","Bristol","Urban"
"GBP - Pound Sterling","14.25","3.75","UK","Edinburgh","Urban"
"GBP - Pound Sterling","12.30","3.75","UK","Lancaster","Suburban"
"GBP - Pound Sterling","14.25","3.75","UK","Leeds","Suburban"
"GBP - Pound Sterling","13.50","3.75","UK","Topsham","Suburban, Rural"
"GBP - Pound Sterling","13.75","3.75","UK","Exeter","Urban, Suburban"
"GBP - Pound Sterling","12.80","3.75","UK","Blackpool","Urban"
"USD - US dollar","20.00","5.00","USA","Salt Lake City","Urban"
"USD - US dollar","25.00","5.00","USA","San Francisco","Urban"
"USD - US dollar","24.00","5.00","USA","Santa Barbara, CA","Urban"
"USD - US dollar","21.00","5.00","USA","Murfreesboro, TN","Suburban"
"USD - US dollar","25.00","5.00","USA","Olympia, WA","Suburban"
"USD - US dollar","12.00","5.00","USA","Atlanta","Urban"
"USD - US dollar","12.00","5.00","USA","Savannah","Urban"
"USD - US dollar","10.00","5.00","USA","Knoxville","Urban"
"USD - US dollar","14.50","5.00","USA","Traverse City","Suburban"
"USD - US dollar","21.50","5.00","USA","Chico","Urban, Rural"
"USD - US dollar","9.00","5.00","USA","Lexington, KY","Urban"
"USD - US dollar","21.00","5.00","USA","Las Vegas","Urban"
"USD - US dollar","13.00","5.00","USA","Duluth","Urban"
"USD - US dollar","18.00","5.00","USA","San Luis Obispo","Rural"
"USD - US dollar","21.00","5.00","USA","San Francisco","Urban"
"USD - US dollar","15.50","5.00","USA","Salem MA","Urban"
"USD - US dollar","16.50","5.00","USA","Santa Barbara, CA","Suburban"
"USD - US dollar","4.00","5.00","USA","Austin, Texas","Urban"
"USD - US dollar","22.00","5.00","USA","Los Angeles","Urban"
"USD - US dollar","16.00","5.00","USA","Boise","Urban"
"USD - US dollar","17.50","5.00","USA","New York City","Urban"
"USD - US dollar","14.00","5.00","USA","Pittsburgh","Urban"
"USD - US dollar","18.00","5.00","USA","New York City","Urban"
"USD - US dollar","13.00","5.00","USA","Lexington","Urban"
"USD - US dollar","15.00","5.00","USA","Denver","Urban"
"USD - US dollar","20.00","5.00","USA","Nashville, TN","Urban"
"USD - US dollar","19.00","5.00","USA","Los Angeles","Urban"
"USD - US dollar","20.00","5.00","USA","Boston","Suburban"
"USD - US dollar","18.00","5.00","USA","Eureka, CA","Urban"
"USD - US dollar","11.00","5.00","USA","New Orleans","Suburban"
"USD - US dollar","24.00","5.00","USA","Portland, ME","Urban"
"USD - US dollar","17.50","5.00","USA","Indianapolis","Urban"
"USD - US dollar","20.00","5.00","USA","Lancaster","Suburban"
"USD - US dollar","17.00","5.00","USA","Philadelphia, PA","Urban"
"USD - US dollar","14.00","5.00","USA","Madison, WI","Urban"
"USD - US dollar","18.50","5.00","USA","San José","Urban"
"USD - US dollar","13.50","5.00","USA","Huntsville, Alabama","Suburban"
"USD - US dollar","10.00","5.00","USA","Taylor, TX","Urban"
"USD - US dollar","14.00","5.00","USA","Memphis, TN","Urban"
"USD - US dollar","19.00","5.00","USA","Fullerton, CA & Orange, CA","Suburban"
"USD - US dollar","12.50","5.00","USA","Jersey City","Urban"
"USD - US dollar","16.00","5.00","USA","Roanoke","Suburban"
"USD - US dollar","11.00","5.00","USA","Fayetteville, AR","Suburban"
"USD - US dollar","12.25","5.00","USA","Dallas, TX","Urban"
"USD - US dollar","19.00","5.00","USA","Los Angeles","Urban"
"USD - US dollar","17.75","5.00","USA","Los Angeles","Urban"
"USD - US dollar","15.00","5.00","USA","Midland, TX","Suburban"
"USD - US dollar","18.00","5.00","USA","San Francisco","Urban"
"USD - US dollar","15.00","5.00","USA","San Antonio","Urban"
"USD - US dollar","15.15","5.00","USA","Phoenix","Urban"
"USD - US dollar","18.00","5.00","USA","Kansas City","Urban"
"USD - US dollar","20.00","5.00","USA","Chicago","Suburban"
"USD - US dollar","19.12","5.00","USA","Fontana","Suburban"
"USD - US dollar","16.00","5.00","USA","Portland, OR","Urban"
"USD - US dollar","25.00","5.00","USA","New York City","Urban"
"USD - US dollar","12.50","5.00","USA","Troy, New York","Urban, Suburban"
"USD - US dollar","12.50","5.00","USA","Toledo","Urban"
"USD - US dollar","18.00","5.00","USA","Sioux Falls","Rural"
"USD - US dollar","16.41","5.00","USA","Minneapolis","Urban"
"USD - US dollar","9.00","5.00","USA","Lexington, KY","Urban"
"USD - US dollar","9.00","5.00","USA","Lexington, KY","Urban"
"USD - US dollar","13.00","5.00","USA","Lexington, KY","Urban"
"USD - US dollar","33.00","5.00","USA","New York City","Urban"
"USD - US dollar","17.00","5.00","USA","New York City","Urban"
"USD - US dollar","19.00","5.00","USA","New York City","Urban"
"USD - US dollar","10.00","5.00","USA","Ogden","Suburban"
"USD - US dollar","12.00","5.00","USA","Selmer","Rural"
"USD - US dollar","13.75","5.00","USA","Lexington, KY","Suburban"
"USD - US dollar","19.00","5.00","USA","Tucson","Urban"
"USD - US dollar","13.50","5.00","USA","Lexington, KY","Suburban"
"USD - US dollar","17.00","5.00","USA","Ames, Iowa","Urban"
"USD - US dollar","16.50","5.00","USA","Aurora","Suburban"
"USD - US dollar","15.00","5.00","USA","Billings, MT","Suburban"
"USD - US dollar","15.00","5.00","USA","Atlanta, GA","Urban"
"USD - US dollar","20.00","5.00","USA","Santa Barbara, CA","Urban"
"USD - US dollar","17.50","5.00","USA","Olympia","Suburban"
"USD - US dollar","17.00","5.00","USA","Cincinnati, Ohio","Urban"
"USD - US dollar","15.00","5.00","USA","Omaha Nebraska","Urban"
"USD - US dollar","16.00","5.00","USA","Wallingford, Connecticut","Urban"
"USD - US dollar","17.00","5.00","USA","New York City","Urban"
"USD - US dollar","19.00","5.00","USA","Orange County","Suburban"
"USD - US dollar","16.00","5.00","USA","Miami","Urban"
"USD - US dollar","25.00","5.00","USA","Boston","Urban"
"USD - US dollar","21.00","5.00","USA","Minneapolis","Urban"
"USD - US dollar","25.00","5.00","USA","New York City","Urban"
"USD - US dollar","22.00","5.00","USA","Washington DC","Urban"
"USD - US dollar","17.50","5.00","USA","Beverly, MA","Suburban"
"USD - US dollar","23.00","5.00","USA","Madison, WI","Urban"
"USD - US dollar","22.00","5.00","USA","Austin","Urban"
"USD - US dollar","21.00","5.00","USA","New York City","Urban"
"USD - US dollar","22.50","5.00","USA","Madison, WI","Urban"
"USD - US dollar","9.00","5.00","USA","Boston","Urban"
"USD - US dollar","23.00","5.00","USA","San José","Suburban"
"USD - US dollar","14.00","5.00","USA","Portland","Urban"
"USD - US dollar","20.00","5.00","USA","Houston, TX","Urban"
"USD - US dollar","17.75","5.00","USA","San Diego","Urban"
"USD - US dollar","25.00","5.00","USA","Billings","Suburban"
"USD - US dollar","20.56","5.00","USA","Olympia","Suburban"
"USD - US dollar","16.78","4.98","USA","Columbia","Urban"
"EUR - Euro","14.00","4.30","Germany","Freiburg im Breisgau","Urban"
"EUR - Euro","14.50","4.30","Germany","Freiburg","Urban"
"EUR - Euro","21.00","4.30","Germany","Kiel","Urban"
"EUR - Euro","16.50","4.30","Germany","Kiel","Urban"
"EUR - Euro","14.00","4.30","Belgium","Tournai","Urban"
"EUR - Euro","9.50","4.30","Estonia","Tallinn","Urban"
"EUR - Euro","18.75","4.30","Germany","Frankfurt","Urban"
"EUR - Euro","14.80","4.30","Germany","Cologne","Urban"
"EUR - Euro","20.00","4.30","Germany","Dresden","Urban"
"EUR - Euro","14.00","4.30","Germany","Frankfurt","Urban"
"EUR - Euro","14.90","4.30","Ireland","Dublin","Urban"
"EUR - Euro","14.15","4.30","Ireland","Sligo","Urban"
"EUR - Euro","14.50","4.30","Ireland","Dublin","Suburban"
"EUR - Euro","15.75","4.30","Netherlands","Tilburg","Urban"
"TRY - Turkish Lira","145.00","220.00","Turkey","Çanakkale","Suburban"
"USD - US dollar","16.00","4.95","USA","Fairfax","Suburban"
"USD - US dollar","12.50","4.95","USA","Columbus","Suburban"
"GBP - Pound Sterling","13.50","3.70","UK","Conwy","Rural"
"GBP - Pound Sterling","12.60","3.70","UK","Sevenoaks","Suburban"
"GBP - Pound Sterling","13.00","3.70","UK","Bristol","Urban"
"GBP - Pound Sterling","12.50","3.70","UK","Brighton","Urban"
"GBP - Pound Sterling","12.21","3.70","UK","Dundee","Urban"
"GBP - Pound Sterling","14.00","3.70","UK","Ambleside","Rural"
"GBP - Pound Sterling","12.21","3.70","UK","Manchester","Urban"
"GBP - Pound Sterling","12.21","3.70","UK","Whitley Bay","Urban"
"GBP - Pound Sterling","12.00","3.70","UK","Alsager","Suburban"
"GBP - Pound Sterling","13.50","3.70","UK","Watford","Urban"
"GBP - Pound Sterling","12.21","3.70","UK","Bristol","Suburban"
"GBP - Pound Sterling","12.00","3.70","UK","Newcastle","Urban"
"GBP - Pound Sterling","12.45","3.70","UK","Sheffield","Suburban"
"GBP - Pound Sterling","12.25","3.70","UK","Aberdeen","Rural"
"GBP - Pound Sterling","13.50","3.70","UK","Bristol","Suburban"
"GBP - Pound Sterling","12.60","3.70","UK","Belfast","Urban"
"GBP - Pound Sterling","13.25","3.70","UK","Exeter","Urban"
"GBP - Pound Sterling","15.00","3.70","UK","","Rural"
"GBP - Pound Sterling","13.70","3.70","UK","London","Urban"
"GBP - Pound Sterling","15.50","3.70","UK","London","Urban"
"GBP - Pound Sterling","12.71","3.70","UK","Winchester","Urban"
"GBP - Pound Sterling","12.21","3.70","UK","Newcastle Upon Tyne","Urban"
"GBP - Pound Sterling","13.00","3.70","UK","belfast","Urban"
"GBP - Pound Sterling","13.00","3.70","UK","","Rural"
"GBP - Pound Sterling","12.21","3.70","UK","","Suburban"
"GBP - Pound Sterling","13.00","3.70","UK","Dorking","Suburban"
"GBP - Pound Sterling","12.50","3.70","UK","Sheffield","Urban"
"GBP - Pound Sterling","12.30","3.70","UK","","Rural"
"GBP - Pound Sterling","13.00","3.70","UK","York","Urban"
"GBP - Pound Sterling","13.00","3.70","UK","Leeds","Urban"
"GBP - Pound Sterling","13.50","3.70","UK","Bristol","Urban"
"GBP - Pound Sterling","12.50","3.70","UK","Newcastle upon Tyne","Suburban"
"GBP - Pound Sterling","12.70","3.70","UK","","Rural"
"GBP - Pound Sterling","12.25","3.70","UK","Oxford","Urban"
"GBP - Pound Sterling","12.51","3.70","UK","","Urban"
"GBP - Pound Sterling","13.75","3.70","UK","","Suburban"
"GBP - Pound Sterling","12.21","3.70","UK","Reading","Urban"
"GBP - Pound Sterling","13.88","3.70","UK","Llandudno","Suburban"
"GBP - Pound Sterling","12.50","3.70","UK","","Suburban"
"GBP - Pound Sterling","12.50","3.70","UK","","Suburban"
"GBP - Pound Sterling","12.60","3.70","UK","Surrey","Suburban"
"GBP - Pound Sterling","12.49","3.70","UK","Isle of Wight","Rural"
"GBP - Pound Sterling","13.00","3.70","UK","Bristol","Suburban"
"GBP - Pound Sterling","13.00","3.70","UK","London","Urban"
"GBP - Pound Sterling","12.28","3.70","UK","Edinburgh","Urban"
"GBP - Pound Sterling","13.50","3.70","UK","London","Urban"
"NOK - Norwegian Krone","258.00","48.00","Norway","Oslo","Urban"
"NOK - Norwegian Krone","199.00","48.00","Norway","Oslo","Urban"
"NOK - Norwegian Krone","226.00","48.00","Norway","Oslo","Urban"
"NOK - Norwegian Krone","204.00","48.00","Norway","Oslo","Urban"
"EUR - Euro","5.60","4.25","Greece","Athens","Urban"
"EUR - Euro","15.00","4.25","Netherlands","Amsterdam","Urban"
"EUR - Euro","15.30","4.25","Netherlands","Enschede","Suburban"
"OMR - Rial Omani","0.67","1.89","Oman","Muscat","Urban"
"USD - US dollar","16.50","4.90","USA","Atlanta","Urban"
"USD - US dollar","12.50","4.90","USA","Yemasse","Rural"
"USD - US dollar","17.00","4.90","USA","Indianapolis","Urban"
"USD - US dollar","10.00","4.90","USA","Anderson","Suburban"
"USD - US dollar","16.90","4.90","USA","Santa Cruz","Suburban"
"GBP - Pound Sterling","12.46","3.65","UK","Manchester","Urban"
"GBP - Pound Sterling","12.60","3.65","UK","","Suburban"
"GBP - Pound Sterling","13.53","3.65","UK","","Suburban"
"GBP - Pound Sterling","12.21","3.65","UK","North east Lincolnshire","Rural"
"GBP - Pound Sterling","12.93","3.65","UK","Glasgow","Urban"
"GBP - Pound Sterling","12.21","3.65","UK","Horsham","Urban"
"GBP - Pound Sterling","12.45","3.65","UK","","Rural"
"GBP - Pound Sterling","13.00","3.65","UK","","Rural"
"GBP - Pound Sterling","12.60","3.65","UK","Hamilton (Glasgow)","Urban, Suburban"
"GBP - Pound Sterling","15.00","3.65","UK","","Rural"
"PLN - Zloty","33.00","18.00","Poland","Wrocław","Urban"
"PLN - Zloty","34.00","18.00","Poland","Kraków","Suburban"
"PLN - Zloty","31.50","18.00","Poland","Kraków","Urban"
"PLN - Zloty","28.00","18.00","Poland","Kraków","Urban"
"PLN - Zloty","26.00","18.00","Poland","Kraków","Urban"
"PLN - Zloty","30.00","18.00","Poland","Warsaw","Urban"
"PLN - Zloty","31.40","18.00","Poland","Szczecin","Urban"
"PLN - Zloty","31.40","18.00","Poland","Warsaw","Urban"
"PLN - Zloty","30.50","18.00","Poland","Kraków","Urban"
"PLN - Zloty","36.00","18.00","Poland","Warsaw","Urban"
"PLN - Zloty","31.00","18.00","Poland","","Urban"
"PLN - Zloty","23.00","18.00","Poland","Bielsko-Biała","Suburban"
"PLN - Zloty","31.00","18.00","Poland","Gdańsk","Urban"
"PLN - Zloty","27.00","18.00","Poland","Kraków","Urban"
"PLN - Zloty","31.40","18.00","Poland","Kraków","Urban"
"USD - US dollar","8.75","4.87","USA","","Suburban"
"USD - US dollar","10.00","4.87","USA","Richardson, TX","Suburban"
"HUF - Forint","2,800.00","1,640.00","Hungary","Budapest","Urban"
"AUD - Australian Dollar","33.00","7.00","Australia","Melbourne","Urban"
"AUD - Australian Dollar","33.00","7.00","Australia","Melbourne","Urban"
"EUR - Euro","13.50","4.20","France","Paris","Urban"
"EUR - Euro","14.00","4.20","Germany","Mannheim","Urban"
"EUR - Euro","15.00","4.20","Germany","Braunschweig","Suburban"
"EUR - Euro","16.16","4.20","Germany","Osnabrück","Urban"
"EUR - Euro","28.00","4.20","Finland","Helsinki","Suburban"
"EUR - Euro","11.00","4.20","France","Montpellier","Urban"
"EUR - Euro","13.90","4.20","Germany","Berlin","Urban"
"EUR - Euro","18.00","4.20","Germany","Rosenheim","Urban"
"EUR - Euro","13.00","4.20","Germany","Berlin","Urban"
"EUR - Euro","16.00","4.20","Germany","Berlin","Urban"
"EUR - Euro","15.00","4.20","Germany","Munich","Urban"
"EUR - Euro","13.00","4.20","Germany","","Urban"
"EUR - Euro","13.90","4.20","Germany","Düsseldorf","Urban"
"EUR - Euro","7.60","4.20","Portugal","Lisbon","Urban"
"EUR - Euro","12.45","4.20","Germany","Hannover","Suburban"
"EUR - Euro","15.00","4.20","Germany","Cologne","Urban"
"EUR - Euro","13.90","4.20","Germany","Düsseldorf","Urban"
"EUR - Euro","7.00","4.20","Greece","Chania","Suburban"
"EUR - Euro","14.15","4.20","Ireland","Dublin","Urban"
"EUR - Euro","15.50","4.20","Ireland","Dublin","Urban"
"EUR - Euro","14.90","4.20","Ireland","Dublin","Urban"
"EUR - Euro","16.00","4.20","Netherlands","Amsterdam","Urban"
"EUR - Euro","16.00","4.20","Netherlands","Amsterdam","Urban"
"EUR - Euro","15.00","4.20","Germany","Mannheim","Urban"
"EUR - Euro","6.50","4.20","Lithuania","Vilnius","Urban"
"EUR - Euro","15.50","4.20","Germany","Berlin","Urban"
"EUR - Euro","13.00","4.20","Germany","Karlsruhe","Urban"
"EUR - Euro","12.00","4.20","Netherlands","Den Haag","Urban"
"EUR - Euro","16.00","4.20","Netherlands","Amsterdam","Urban"
"HKD - Hong Kong Dollar","70.00","38.00","China","Kowloon Bay","Urban"
"CAD - Canadian Dollar","15.96","6.67","Canada","Ottawa","Urban"
"USD - US dollar","16.00","4.85","USA","Princeton, NJ","Suburban"
"USD - US dollar","17.00","4.85","USA","St. Ives","Urban"
"USD - US dollar","16.40","4.85","USA","Dayton","Suburban"
"USD - US dollar","11.00","4.85","USA","Pittsburgh","Suburban"
"GBP - Pound Sterling","11.25","3.60","UK","Tynemouth","Suburban"
"GBP - Pound Sterling","12.71","3.60","UK","","Suburban"
"GBP - Pound Sterling","11.00","3.60","UK","Belfast","Urban"
"GBP - Pound Sterling","13.00","3.60","UK","Preston","Suburban"
"GBP - Pound Sterling","12.60","3.60","UK","","Urban"
"GBP - Pound Sterling","13.13","3.60","UK","Keswick","Rural"
"GBP - Pound Sterling","15.50","3.60","UK","London","Urban"
"GBP - Pound Sterling","12.50","3.60","UK","","Suburban"
"GBP - Pound Sterling","12.21","3.60","UK","Sunderland","Urban"
"GBP - Pound Sterling","12.40","3.60","UK","Yeovil, South Somerset","Urban"
"GBP - Pound Sterling","13.75","3.60","UK","Bristol","Urban"
"GBP - Pound Sterling","12.21","3.60","UK","Southend","Suburban"
"GBP - Pound Sterling","12.71","3.60","UK","Dundee","Urban"
"GBP - Pound Sterling","13.00","3.60","UK","Greater Manchester","Suburban"
"GBP - Pound Sterling","12.21","3.60","UK","London","Urban"
"GBP - Pound Sterling","12.75","3.60","UK","Aberdeen","Suburban"
"GBP - Pound Sterling","14.50","3.60","UK","Norwich","Urban"
"GBP - Pound Sterling","13.20","3.60","UK","Innerleithen","Rural"
"GBP - Pound Sterling","12.00","3.60","UK","Bristol","Urban"
"GBP - Pound Sterling","14.50","3.60","UK","Brighton","Urban"
"GBP - Pound Sterling","12.25","3.60","UK","Preston","Urban"
"GBP - Pound Sterling","12.21","3.60","UK","Bath","Urban"
"GBP - Pound Sterling","12.50","3.60","UK","Belfast","Urban"
"GBP - Pound Sterling","12.21","3.60","UK","Liverpool","Urban"
"GBP - Pound Sterling","14.00","3.60","UK","Belfast","Suburban"
"GBP - Pound Sterling","11.00","3.60","UK","London","Urban"
"GBP - Pound Sterling","12.50","3.60","UK","Newcastle Upon Tyne","Urban"
"GBP - Pound Sterling","12.50","3.60","UK","","Suburban"
"GBP - Pound Sterling","12.21","3.60","UK","Sheffield","Suburban"
"GBP - Pound Sterling","12.20","3.60","UK","Southampton","Suburban"
"GBP - Pound Sterling","13.50","3.60","UK","Marlow","Suburban"
"GBP - Pound Sterling","13.00","3.60","UK","Market Harborough","Suburban, Rural"
"GBP - Pound Sterling","13.50","3.60","UK","Margate","Urban"
"GBP - Pound Sterling","12.21","3.60","UK","Prestwich","Suburban"
"GBP - Pound Sterling","12.21","3.60","UK","Ayr","Urban"
"GBP - Pound Sterling","13.00","3.60","UK","Tonbridge","Suburban"
"GBP - Pound Sterling","10.00","3.60","UK","Newport","Rural"
"GBP - Pound Sterling","13.85","3.60","UK","","Suburban"
"GBP - Pound Sterling","14.40","3.60","UK","Glasgow","Urban"
"GBP - Pound Sterling","13.50","3.60","UK","Newcastle upon Tyne","Urban"
"GBP - Pound Sterling","13.00","3.60","UK","Sheffield","Urban"
"GBP - Pound Sterling","13.00","3.60","UK","","Rural"
"GBP - Pound Sterling","15.00","3.60","UK","London","Urban"
"SEK - Swedish Krona","145.00","45.00","Sweden","Lund","Urban"
"SEK - Swedish Krona","195.00","45.00","Sweden","Malmö","Suburban"
"SEK - Swedish Krona","198.00","45.00","Sweden","Malmö","Urban"
"INR - Indian Rupee","150.00","450.00","India","Hyderabad","Urban"
"ILS - New Israeli Sheqel","40.00","15.00","Israel","Tel Aviv","Urban"
"ILS - New Israeli Sheqel","45.00","15.00","Israel","Tel Aviv","Urban"
"ILS - New Israeli Sheqel","50.00","15.00","Israel","Tel Aviv","Urban"
"ILS - New Israeli Sheqel","55.00","15.00","Israel","Tel Aviv","Urban"
"USD - US dollar","19.00","4.77","USA","Detroit","Urban"
"USD - US dollar","11.75","4.77","USA","Rochester, MI","Suburban"
"USD - US dollar","24.00","4.77","USA","Philadelphia","Urban, Suburban"
"USD - US dollar","13.75","4.75","USA","Lexington, KY","Urban"
"USD - US dollar","17.50","4.75","USA","Rochester Hills, MI","Suburban"
"USD - US dollar","21.00","4.75","USA","Los Altos","Suburban"
"USD - US dollar","19.00","4.75","USA","","Urban"
"USD - US dollar","21.50","4.75","USA","Washington DC","Urban"
"USD - US dollar","14.00","4.75","USA","Austin, Texas","Urban"
"USD - US dollar","13.00","4.75","USA","Waco","Suburban"
"USD - US dollar","20.00","4.75","USA","Springdale, AR","Suburban"
"USD - US dollar","15.00","4.75","USA","Austin","Urban"
"USD - US dollar","22.50","4.75","USA","Cincinnati","Suburban"
"USD - US dollar","14.00","4.75","USA","Bannockburn","Suburban"
"USD - US dollar","15.00","4.75","USA","Indianapolis","Urban"
"USD - US dollar","18.00","4.75","USA","Portland, OR","Urban"
"USD - US dollar","12.00","4.75","USA","Southlake","Suburban"
"USD - US dollar","17.13","4.75","USA","Bellevue, WA","Suburban"
"USD - US dollar","14.00","4.75","USA","St. Petersburg, FL","Suburban"
"USD - US dollar","13.00","4.75","USA","Dallas","Urban, Suburban"
"USD - US dollar","17.05","4.75","USA","Hillsboro","Urban"
"USD - US dollar","10.00","4.75","USA","Fort Worth, Texas","Urban"
"USD - US dollar","7.25","4.75","USA","Norman","Urban"
"USD - US dollar","16.07","4.75","USA","Raleigh","Suburban"
"GBP - Pound Sterling","12.54","3.55","UK","","Urban"
"EUR - Euro","24.00","4.10","Ireland","Dublin","Urban"
"EUR - Euro","11.71","4.10","Austria","Graz","Urban"
"EUR - Euro","12.30","4.10","Austria","Vienna","Urban"
"EUR - Euro","15.00","4.10","Germany","Kiel","Urban, Suburban"
"EUR - Euro","15.00","4.10","Netherlands","Amsterdam","Urban"
"EUR - Euro","15.00","4.10","Germany","Kiel","Urban"
"EUR - Euro","14.93","4.10","Austria","Graz","Urban"
"EUR - Euro","13.90","4.10","Germany","Oldenburg","Urban"
"EUR - Euro","13.90","4.10","Germany","Bamberg","Urban"
"EUR - Euro","16.50","4.10","Ireland","Dublin","Suburban"
"EUR - Euro","15.00","4.10","Ireland","Tullamore","Urban"
"EUR - Euro","14.00","4.10","Slovakia","Trenčín","Urban"
"EUR - Euro","14.20","4.10","Ireland","Dublin","Urban"
"EUR - Euro","14.00","4.10","Germany","Jena","Urban"
"EUR - Euro","20.00","4.10","Ireland","Galway","Urban"
"EUR - Euro","14.71","4.10","Netherlands","Rotterdam","Urban"
"EUR - Euro","16.43","4.10","Netherlands","Amsterdam","Urban, Suburban"
"NOK - Norwegian Krone","176.00","46.00","Norway","Oslo","Urban"
"PLN - Zloty","33.50","17.50","Poland","Wrocław","Urban"
"PLN - Zloty","31.50","17.50","Poland","Toruń","Urban"
"PLN - Zloty","31.40","17.50","Poland","Warsaw","Urban"
"TRY - Turkish Lira","135.00","210.00","Turkey","Çanakkale","Urban"
"KWD - Kuwaiti Dinar","5.00","1.45","Kuwait","Kuwait city","Urban"
"CRC - Costa Rican Colon","3,000.00","2,200.00","Costa Rica","San José","Urban"
"CRC - Costa Rican Colon","2,000.00","2,200.00","Costa Rica","La Fortuna, San Carlos","Rural"
"CAD - Canadian Dollar","17.60","6.50","Canada","Hamilton","Suburban"
"CAD - Canadian Dollar","17.85","6.50","Canada","Victoria","Urban"
"CAD - Canadian Dollar","15.30","6.50","Canada","Hamilton","Urban"
"JPY - Yen","1,150.00","750.00","Japan","Tokyo","Urban"
"USD - US dollar","17.00","4.71","USA","Houston, TX","Urban"
"USD - US dollar","21.00","4.71","USA","Lubbock","Urban"
"USD - US dollar","12.50","4.70","USA","Raleigh","Urban"
"USD - US dollar","12.00","4.70","USA","Atlanta","Suburban"
"USD - US dollar","15.00","4.69","USA","Jacksonville","Suburban"
"SGD - Singapore Dollar","20.00","6.00","Singapore","Singapore","Urban"
"SGD - Singapore Dollar","25.00","6.00","Singapore","Singapore","Urban"
"SGD - Singapore Dollar","14.50","6.00","Singapore","Singapore","Urban"
"SGD - Singapore Dollar","20.00","6.00","Singapore","Singapore","Urban, Suburban"
"SGD - Singapore Dollar","8.00","6.00","Singapore","","Urban"
"OMR - Rial Omani","1.00","1.80","Oman","Muscat","Urban"
"OMR - Rial Omani","1.10","1.80","Oman","Muscat","Urban"
"GBP - Pound Sterling","13.50","3.50","UK","Glasgow","Urban"
"GBP - Pound Sterling","12.21","3.50","UK","Newcastle upon Tyne","Urban"
"GBP - Pound Sterling","13.75","3.50","UK","Gorleston","Suburban"
"GBP - Pound Sterling","20.00","3.50","UK","Exeter","Urban, Suburban"
"GBP - Pound Sterling","12.22","3.50","UK","","Rural"
"GBP - Pound Sterling","12.50","3.50","UK","Glasgow","Urban"
"GBP - Pound Sterling","12.32","3.50","UK","Sheffield","Suburban"
"GBP - Pound Sterling","12.80","3.50","UK","Nailsea","Suburban"
"GBP - Pound Sterling","12.50","3.50","UK","Brighton","Urban"
"GBP - Pound Sterling","12.50","3.50","UK","Anglesey","Rural"
"GBP - Pound Sterling","15.00","3.50","UK","Northampton","Urban"
"GBP - Pound Sterling","15.00","3.50","UK","","Urban"
"GBP - Pound Sterling","13.60","3.50","UK","Edinburgh","Urban"
"GBP - Pound Sterling","13.60","3.50","UK","Edinburgh","Urban"
"GBP - Pound Sterling","14.00","3.50","UK","Trowbridge","Suburban"
"GBP - Pound Sterling","15.00","3.50","UK","London","Urban, Suburban"
"GBP - Pound Sterling","13.00","3.50","UK","Hertford","Suburban"
"GBP - Pound Sterling","12.51","3.50","UK","Manchester","Suburban"
"GBP - Pound Sterling","12.21","3.50","UK","Manchester","Urban"
"GBP - Pound Sterling","16.00","3.50","UK","London","Suburban"
"GBP - Pound Sterling","12.21","3.50","UK","","Rural"
"GBP - Pound Sterling","14.00","3.50","UK","Halifax","Urban"
"GBP - Pound Sterling","12.50","3.50","UK","Cheltenham","Suburban"
"GBP - Pound Sterling","14.85","3.50","UK","London","Urban"
"GBP - Pound Sterling","13.50","3.50","UK","Bigton, Shetland","Rural"
"GBP - Pound Sterling","12.21","3.50","UK","Salford","Suburban"
"GBP - Pound Sterling","12.60","3.50","UK","Brighton","Suburban"
"GBP - Pound Sterling","12.21","3.50","UK","","Rural"
"GBP - Pound Sterling","12.90","3.50","UK","Leamington Spa","Suburban"
"GBP - Pound Sterling","12.50","3.50","UK","Isle of Arran","Rural"
"GBP - Pound Sterling","13.00","3.50","UK","Belfast","Urban"
"GBP - Pound Sterling","13.50","3.50","UK","Swansea","Suburban"
"GBP - Pound Sterling","13.45","3.50","UK","Cardiff","Urban"
"GBP - Pound Sterling","13.00","3.50","UK","Norwich","Urban"
"GBP - Pound Sterling","13.00","3.50","UK","Lincoln","Urban"
"GBP - Pound Sterling","11.00","3.50","UK","Swansea","Suburban"
"GBP - Pound Sterling","12.50","3.50","UK","Congleton","Suburban"
"GBP - Pound Sterling","13.44","3.50","UK","Nottingham","Urban"
"GBP - Pound Sterling","12.50","3.50","UK","Oxford","Urban"
"GBP - Pound Sterling","12.21","3.50","UK","Edinburgh","Rural"
"GBP - Pound Sterling","13.10","3.50","UK","","Rural"
"GBP - Pound Sterling","10.40","3.50","UK","Bristol","Urban"
"GBP - Pound Sterling","13.00","3.50","UK","London","Urban"
"GBP - Pound Sterling","12.60","3.50","UK","Brighton","Urban"
"GBP - Pound Sterling","15.00","3.50","UK","","Rural"
"GBP - Pound Sterling","10.00","3.50","UK","","Rural"
"GBP - Pound Sterling","11.00","3.50","UK","Weybridge","Urban"
"GBP - Pound Sterling","12.44","3.50","UK","Edinburgh","Urban"
"USD - US dollar","15.25","4.68","USA","Ocala, Florida","Suburban"
"USD - US dollar","15.00","4.68","USA","Washington DC","Suburban"
"USD - US dollar","17.25","4.66","USA","Saint Paul, MN","Urban"
"USD - US dollar","18.00","4.65","USA","Cincinnati","Suburban"
"USD - US dollar","15.25","4.65","USA","West Lafayette, IN","Urban"
"USD - US dollar","12.50","4.65","USA","Forest, VA","Suburban"
"USD - US dollar","20.10","4.65","USA","Santa Clarita","Suburban"
"USD - US dollar","22.88","4.65","USA","Oregon City","Urban"
"USD - US dollar","15.75","4.65","USA","Fayetteville, AR","Suburban"
"USD - US dollar","24.17","4.65","USA","Mineola","Suburban"
"NOK - Norwegian Krone","180.00","45.00","Norway","Oslo","Urban"
"EUR - Euro","13.00","4.00","Netherlands","Amsterdam","Urban"
"EUR - Euro","14.71","4.00","Netherlands","Hilversum","Urban"
"EUR - Euro","25.00","4.00","Netherlands","The Hague","Suburban"
"EUR - Euro","12.00","4.00","France","Bordeaux","Urban"
"EUR - Euro","35.00","4.00","France","Nantes","Suburban"
"EUR - Euro","14.00","4.00","Germany","Rhede","Rural"
"EUR - Euro","21.00","4.00","Germany","Bielefeld","Urban"
"EUR - Euro","8.00","4.00","Greece","Chania","Urban"
"EUR - Euro","14.50","4.00","Ireland","","Suburban"
"EUR - Euro","19.00","4.00","Netherlands","Amsterdam","Suburban"
"EUR - Euro","24.00","4.00","Netherlands","Amsterdam","Urban"
"EUR - Euro","15.13","4.00","Netherlands","Rotterdam","Urban"
"EUR - Euro","14.40","4.00","Netherlands","Groningen","Urban"
"EUR - Euro","12.00","4.00","Austria","Vienna","Urban"
"EUR - Euro","15.00","4.00","Belgium","Antwerp","Urban"
"EUR - Euro","14.60","4.00","Belgium","Antwerp","Urban"
"EUR - Euro","16.50","4.00","Belgium","Ghent","Urban"
"EUR - Euro","14.00","4.00","Belgium","Brussels","Urban"
"EUR - Euro","17.20","4.00","Belgium","Antwerp","Urban"
"EUR - Euro","13.47","4.00","France","Lyon","Urban"
"EUR - Euro","18.00","4.00","France","","Urban"
"EUR - Euro","18.00","4.00","Germany","Hamburg","Urban"
"EUR - Euro","16.50","4.00","Germany","Oldenburg","Urban"
"EUR - Euro","22.00","4.00","Germany","Munich","Urban"
"EUR - Euro","25.00","4.00","Germany","Neu-Ulm","Suburban"
"EUR - Euro","19.00","4.00","Germany","Neu-Ulm","Suburban"
"EUR - Euro","14.00","4.00","Germany","Neu-Ulm","Suburban"
"EUR - Euro","13.00","4.00","Germany","Mannheim","Urban"
"EUR - Euro","19.00","4.00","Germany","Hamburg","Urban"
"EUR - Euro","16.00","4.00","Germany","Hamburg","Urban"
"EUR - Euro","13.90","4.00","Germany","Esslingen","Urban"
"EUR - Euro","13.90","4.00","Germany","Leipzig","Urban"
"EUR - Euro","14.00","4.00","Germany","Bielefeld","Urban"
"EUR - Euro","15.00","4.00","Germany","Munchen","Urban"
"EUR - Euro","5.00","4.00","Greece","Corfu","Urban"
"EUR - Euro","6.50","4.00","Greece","","Suburban"
"EUR - Euro","5.00","4.00","Greece","Nafplio","Rural"
"EUR - Euro","14.50","4.00","Ireland","Galway","Urban"
"EUR - Euro","14.80","4.00","Ireland","Limerick","Urban"
"EUR - Euro","13.00","4.00","Ireland","Galway","Suburban"
"EUR - Euro","14.50","4.00","Ireland","Lahinch","Rural"
"EUR - Euro","14.50","4.00","Ireland","Dublin","Urban"
"EUR - Euro","15.00","4.00","Ireland","Cork","Suburban"
"EUR - Euro","14.80","4.00","Ireland","Drogheda","Suburban"
"EUR - Euro","19.04","4.00","Netherlands","Eindhoven","Urban"
"EUR - Euro","16.00","4.00","Netherlands","Delft","Urban"
"EUR - Euro","14.55","4.00","Netherlands","Amsterdam","Urban"
"EUR - Euro","15.00","4.00","Netherlands","Den Haag","Suburban"
"EUR - Euro","14.84","4.00","Netherlands","Amersfoort","Urban"
"EUR - Euro","15.79","4.00","Netherlands","Rotterdam","Urban"
"EUR - Euro","17.00","4.00","Netherlands","Amsterdam","Urban"
"EUR - Euro","5.25","4.00","Portugal","Porto","Urban"
"EUR - Euro","7.50","4.00","Portugal","Lisbon","Suburban"
"EUR - Euro","15.00","4.00","Germany","Potsdam","Urban"
"EUR - Euro","20.00","4.00","Germany","Leipzig","Urban"
"EUR - Euro","14.00","4.00","Germany","Essen","Urban"
"GBP - Pound Sterling","13.70","3.45","UK","Newcastle","Urban"
"GBP - Pound Sterling","14.25","3.45","UK","Cardiff","Urban"
"GBP - Pound Sterling","10.50","3.45","UK","Stockport","Suburban"
"USD - US dollar","15.00","4.61","USA","Boise, ID","Urban"
"CAD - Canadian Dollar","18.00","6.33","Canada","","Rural"
"PLN - Zloty","31.40","17.00","Poland","Kraków","Urban"
"PLN - Zloty","31.40","17.00","Poland","Gdańsk","Urban"
"PLN - Zloty","31.40","17.00","Poland","Warsaw","Urban"
"PLN - Zloty","35.50","17.00","Poland","Gdańsk","Urban"
"PLN - Zloty","31.40","17.00","Poland","Wrocław","Urban"
"PLN - Zloty","29.00","17.00","Poland","Kraków","Urban"
"PLN - Zloty","32.50","17.00","Poland","","Urban"
"PLN - Zloty","30.00","17.00","Poland","Warsaw","Urban"
"PLN - Zloty","39.00","17.00","Poland","Warsaw","Urban"
"PLN - Zloty","40.00","17.00","Poland","Warsaw","Urban"
"USD - US dollar","18.00","4.60","USA","Pittsburgh","Urban"
"USD - US dollar","9.50","4.60","USA","Waco, Texas","Urban"
"USD - US dollar","17.00","4.60","USA","Newburgh, New York","Urban"
"USD - US dollar","12.15","4.59","USA","Fort Collins, CO","Urban"
"IQD - Iraqi Dinar","3,540.00","6,000.00","Iraq","Erbil","Urban"
"USD - US dollar","19.25","4.58","USA","Poplar Bluff, MO","Rural"
"USD - US dollar","19.25","4.58","USA","Poplar Bluff, MO","Rural"
"MVR - Rufiyaa","60.00","70.80","Maldives","Malé","Urban"
"PLN - Zloty","33.50","16.90","Poland","Warsaw","Urban"
"EUR - Euro","15.00","3.95","Netherlands","Heemstede","Suburban"
"EUR - Euro","14.15","3.95","Ireland","Dublin","Suburban"
"USD - US dollar","7.25","4.56","USA","Greenwood, sc","Rural"
"USD - US dollar","15.25","4.55","USA","","Suburban"
"GBP - Pound Sterling","12.90","3.40","UK","Edinburgh","Urban"
"GBP - Pound Sterling","13.00","3.40","UK","Brighton and Hove","Urban"
"GBP - Pound Sterling","12.60","3.40","UK","Liverpool","Urban"
"GBP - Pound Sterling","12.21","3.40","UK","","Rural"
"GBP - Pound Sterling","13.50","3.40","UK","","Rural"
"GBP - Pound Sterling","13.00","3.40","UK","Bournemouth","Urban"
"GBP - Pound Sterling","13.50","3.40","UK","Birmingham","Urban"
"GBP - Pound Sterling","12.25","3.40","UK","Bolton","Urban"
"GBP - Pound Sterling","13.77","3.40","UK","Manchester","Urban"
"GBP - Pound Sterling","12.21","3.40","UK","Newcastle","Urban"
"GBP - Pound Sterling","12.41","3.40","UK","Newcastle","Urban"
"GBP - Pound Sterling","13.00","3.40","UK","Bristol","Urban"
"GBP - Pound Sterling","12.75","3.40","UK","","Rural"
"GBP - Pound Sterling","12.21","3.40","UK","","Urban"
"RON - Romanian Leu","28.85","20.00","Romania","Bucharest","Urban"
"USD - US dollar","11.00","4.54","USA","Knoxville","Suburban"
"GBP - Pound Sterling","12.25","3.39","UK","Glasgow","Urban"
"USD - US dollar","16.00","4.53","USA","Montclair","Urban"
"AUD - Australian Dollar","32.31","6.50","Australia","Canberra","Urban"
"AUD - Australian Dollar","30.00","6.50","Australia","Ballarat","Urban"
"AUD - Australian Dollar","31.00","6.50","Australia","Uluru","Rural"
"AUD - Australian Dollar","32.00","6.50","Australia","Melbourne","Suburban"
"AUD - Australian Dollar","36.00","6.50","Australia","Sydney","Suburban"
"AUD - Australian Dollar","35.00","6.50","Australia","Melbourne","Urban"
"EUR - Euro","15.00","3.90","Germany","","Urban"
"EUR - Euro","14.00","3.90","Germany","Landsberg am Lech","Urban"
"EUR - Euro","13.90","3.90","Germany","Düsseldorf","Urban, Suburban"
"EUR - Euro","14.00","3.90","Germany","Würzburg","Urban"
"EUR - Euro","14.00","3.90","Germany","Bremen","Urban"
"EUR - Euro","14.00","3.90","Germany","Jena","Urban"
"EUR - Euro","14.75","3.90","Ireland","","Rural"
"EUR - Euro","15.00","3.90","Belgium","Antwerp","Urban"
"EUR - Euro","15.60","3.90","Finland","Mikkeli","Urban"
"EUR - Euro","14.00","3.90","Germany","Berlin","Urban"
"EUR - Euro","23.00","3.90","Germany","Munich","Urban"
"EUR - Euro","15.00","3.90","Germany","Regensburg","Urban"
"EUR - Euro","14.00","3.90","Germany","Hamburg","Urban"
"EUR - Euro","13.90","3.90","Germany","Coburg","Urban"
"EUR - Euro","14.50","3.90","Ireland","","Rural"
"EUR - Euro","17.00","3.90","Ireland","Dublin","Urban"
"EUR - Euro","15.50","3.90","Ireland","","Suburban"
"EUR - Euro","10.60","3.90","Austria","Vienna","Urban"
"EUR - Euro","14.00","3.90","Austria","Vienna","Urban"
"EUR - Euro","16.88","3.90","Belgium","Ghent","Urban"
"EUR - Euro","19.50","3.90","Belgium","","Urban"
"EUR - Euro","13.00","3.90","France","Lyon","Urban"
"EUR - Euro","13.90","3.90","Germany","Oldenburg","Urban"
"EUR - Euro","16.00","3.90","Germany","","Urban"
"EUR - Euro","13.90","3.90","Germany","Cologne","Urban"
"EUR - Euro","15.50","3.90","Germany","Karlsruhe","Urban"
"EUR - Euro","16.00","3.90","Germany","Munich","Urban"
"EUR - Euro","14.00","3.90","Germany","Karlsruhe","Rural"
"EUR - Euro","14.00","3.90","Germany","Berlin","Urban"
"EUR - Euro","14.21","3.90","Germany","Münster","Urban"
"EUR - Euro","18.00","3.90","Germany","Munich","Urban"
"EUR - Euro","14.00","3.90","Germany","Berlin","Urban"
"EUR - Euro","16.00","3.90","Germany","Saarbrücken","Urban"
"EUR - Euro","17.00","3.90","Germany","Giessen","Urban"
"EUR - Euro","15.32","3.90","Germany","Erfurt","Urban"
"EUR - Euro","14.75","3.90","Ireland","Galway","Suburban"
"EUR - Euro","17.62","3.90","Netherlands","Rotterdam","Urban"
"EUR - Euro","14.40","3.90","Netherlands","Maastricht","Urban"
"EUR - Euro","17.00","3.90","Netherlands","Amsterdam","Urban"
"EUR - Euro","14.50","3.90","Germany","Freiburg","Urban"
"EUR - Euro","13.90","3.90","Germany","Karlsruhe","Urban"
"EUR - Euro","14.00","3.90","Germany","Jena","Urban"
"EUR - Euro","15.00","3.90","Germany","Hamburg","Urban"
"EUR - Euro","13.50","3.90","Germany","Freiburg im Breisgau","Urban"
"EUR - Euro","18.00","3.90","Germany","Überlingen","Rural"
"EUR - Euro","22.00","3.90","Germany","Hamburg","Urban"
"EUR - Euro","18.00","3.90","Germany","Hamburg","Urban"
"EUR - Euro","14.00","3.90","Germany","Berlin","Urban"
"EUR - Euro","20.00","3.90","Germany","Hamburg","Urban"
"EUR - Euro","16.00","3.90","Ireland","Castlebar","Suburban"
"EUR - Euro","4.50","3.90","Latvia","Riga","Urban"
"EUR - Euro","14.40","3.90","Netherlands","Maastricht","Urban"
"HUF - Forint","3,600.00","1,520.00","Hungary","Budapest","Urban"
"USD - US dollar","18.00","4.50","USA","Washington DC","Urban"
"USD - US dollar","13.00","4.50","USA","Austin, Texas","Urban"
"USD - US dollar","15.00","4.50","USA","DC","Urban"
"USD - US dollar","12.00","4.50","USA","Cypress","Suburban"
"USD - US dollar","16.00","4.50","USA","Pittsburgh, Pennsylvania","Urban"
"USD - US dollar","16.50","4.50","USA","Phoenixville","Suburban"
"USD - US dollar","20.00","4.50","USA","Redlands","Suburban"
"USD - US dollar","16.90","4.50","USA","Hayfork","Rural"
"USD - US dollar","15.97","4.50","USA","Minneapolis","Urban"
"USD - US dollar","16.50","4.50","USA","Rockland","Suburban"
"USD - US dollar","19.75","4.50","USA","Omaha, Nebraska","Suburban"
"USD - US dollar","13.00","4.50","USA","Carmel, Indiana","Suburban"
"USD - US dollar","9.00","4.50","USA","Brownsville","Suburban"
"USD - US dollar","17.50","4.50","USA","","Rural"
"USD - US dollar","15.00","4.50","USA","","Urban"
"USD - US dollar","12.00","4.50","USA","Atlanta","Suburban"
"USD - US dollar","18.00","4.50","USA","Greenville","Urban"
"USD - US dollar","20.00","4.50","USA","Alpharetta","Urban"
"USD - US dollar","18.50","4.50","USA","Rochester","Suburban"
"USD - US dollar","24.00","4.50","USA","San Francisco","Urban"
"USD - US dollar","15.00","4.50","USA","Salt Lake City","Urban"
"USD - US dollar","23.00","4.50","USA","Seattle","Urban"
"USD - US dollar","26.00","4.50","USA","Indianapolis","Suburban"
"USD - US dollar","16.50","4.50","USA","Long Branch, NJ","Suburban"
"USD - US dollar","16.50","4.50","USA","Milwaukee","Urban"
"USD - US dollar","16.25","4.50","USA","Phoenix","Suburban"
"USD - US dollar","11.75","4.50","USA","Austin","Urban"
"USD - US dollar","10.00","4.50","USA","Lafayette, LA","Urban"
"USD - US dollar","15.00","4.50","USA","New Hampshire","Rural"
"USD - US dollar","12.00","4.50","USA","Houston, TX","Urban"
"USD - US dollar","19.00","4.50","USA","Richmond, VA","Urban"
"USD - US dollar","15.00","4.50","USA","Madison","Urban"
"USD - US dollar","18.00","4.50","USA","St. Louis, MO","Suburban"
"USD - US dollar","18.00","4.50","USA","San Diego California","Urban"
"USD - US dollar","14.00","4.50","USA","Fort Worth","Suburban"
"USD - US dollar","11.00","4.50","USA","Gainesville, FL","Suburban"
"USD - US dollar","13.00","4.50","USA","Missoula, MT","Suburban"
"USD - US dollar","12.00","4.50","USA","Sawyer, MI","Rural"
"USD - US dollar","13.00","4.50","USA","Nashville, TN","Urban"
"USD - US dollar","15.00","4.50","USA","Kokomo","Suburban"
"USD - US dollar","10.50","4.50","USA","","Rural"
"USD - US dollar","16.35","4.50","USA","Naugatuck, CT","Suburban"
"USD - US dollar","14.00","4.50","USA","Milwaukee","Urban"
"USD - US dollar","12.00","4.50","USA","Dallas","Urban"
"USD - US dollar","12.50","4.50","USA","Bismarck, ND","Urban"
"USD - US dollar","18.00","4.50","USA","Chicago","Urban"
"USD - US dollar","10.00","4.50","USA","Austin","Urban"
"USD - US dollar","12.00","4.50","USA","Milwaukee, WI","Urban"
"USD - US dollar","18.00","4.50","USA","Portland, OR","Urban"
"USD - US dollar","16.50","4.50","USA","San Luis Obispo","Urban"
"USD - US dollar","13.78","4.50","USA","Duluth MN","Urban"
"USD - US dollar","12.50","4.50","USA","Columbus, OH","Urban"
"USD - US dollar","18.75","4.50","USA","Lexington, KY","Urban"
"USD - US dollar","21.00","4.50","USA","Madison, WI","Urban"
"USD - US dollar","20.00","4.50","USA","Mission Viejo","Suburban"
"USD - US dollar","21.00","4.50","USA","Minneapolis","Urban"
"USD - US dollar","16.50","4.50","USA","Portland, OR","Urban"
"USD - US dollar","13.00","4.50","USA","Uniontown, OH","Suburban"
"USD - US dollar","28.00","4.50","USA","Denver, CO","Suburban"
"USD - US dollar","7.50","4.50","USA","Athens, GA","Suburban"
"USD - US dollar","13.00","4.50","USA","Omaha","Urban"
"USD - US dollar","17.50","4.50","USA","Waitsburg, WA","Rural"
"USD - US dollar","14.00","4.50","USA","Orlando","Urban"
"USD - US dollar","24.00","4.50","USA","Kansas City","Urban"
"USD - US dollar","18.00","4.50","USA","Orange County","Urban"
"USD - US dollar","16.50","4.50","USA","Chicago","Urban"
"USD - US dollar","20.75","4.50","USA","San Francisco","Urban"
"USD - US dollar","12.25","4.50","USA","Knoxville","Suburban"
"USD - US dollar","23.50","4.50","USA","Arlington, VA","Urban"
"USD - US dollar","23.00","4.50","USA","Minneapolis","Urban"
"USD - US dollar","16.00","4.50","USA","Arlington, VA","Urban"
"USD - US dollar","14.00","4.50","USA","Philadelphia","Urban"
"USD - US dollar","15.00","4.50","USA","Gainesville, GA","Suburban"
"USD - US dollar","11.00","4.50","USA","Pittsburgh","Urban"
"USD - US dollar","17.50","4.50","USA","Portland, OR","Suburban"
"USD - US dollar","13.50","4.50","USA","Fort Collins, CO","Suburban"
"USD - US dollar","14.00","4.50","USA","Bozeman","Urban"
"USD - US dollar","16.50","4.50","USA","Portland","Urban"
"USD - US dollar","20.00","4.50","USA","Albany NY","Suburban"
"USD - US dollar","18.00","4.50","USA","Atlanta","Urban"
"USD - US dollar","16.00","4.50","USA","Fairlee, VT","Rural"
"CZK - Czech Koruna","170.00","95.00","Czechia","Prague","Urban"
"CZK - Czech Koruna","220.00","95.00","Czechia","Prague","Urban"
"SEK - Swedish Krona","158.00","42.00","Sweden","Växjö","Urban"
"USD - US dollar","11.40","4.49","USA","Wilmington, NC","Urban"
"GBP - Pound Sterling","10.00","3.35","UK","London","Urban"
"GBP - Pound Sterling","10.00","3.35","UK","Liverpool","Urban"
"ILS - New Israeli Sheqel","38.00","14.00","Israel","Be'er Sheva","Urban"
"PLN - Zloty","33.00","16.50","Poland","Warsaw","Urban"
"EUR - Euro","15.52","3.85","Ireland","Dublin","Suburban"
"HUF - Forint","2,800.00","1,500.00","Hungary","Budapest","Urban"
"SGD - Singapore Dollar","12.50","5.70","Singapore","","Urban"
"USD - US dollar","15.00","4.45","USA","Boston","Urban"
"USD - US dollar","14.03","4.45","USA","Milwaukee","Urban"
"USD - US dollar","17.10","4.45","USA","Milwaukee","Urban"
"USD - US dollar","16.00","4.45","USA","Columbus","Suburban"
"JMD - Jamaican Dollar","500.00","700.00","Jamaica","Kingston","Urban"
"USD - US dollar","12.75","4.44","USA","Pooler","Suburban"
"GBP - Pound Sterling","12.25","3.30","UK","Preston","Rural"
"GBP - Pound Sterling","12.70","3.30","UK","Brighton","Urban"
"GBP - Pound Sterling","12.51","3.30","UK","Newcastle","Urban"
"USD - US dollar","11.00","4.41","USA","Atlanta, GA","Urban"
"JPY - Yen","1,200.00","700.00","Japan","Tokyo","Suburban"
"USD - US dollar","16.00","4.40","USA","Ann Arbor","Urban"
"USD - US dollar","21.00","4.40","USA","Chaimpaign, Illinois","Suburban"
"EUR - Euro","15.00","3.80","Ireland","","Urban"
"EUR - Euro","6.25","3.80","Latvia","Riga","Urban"
"EUR - Euro","18.00","3.80","Netherlands","Bergen op Zoom","Urban"
"EUR - Euro","17.00","3.80","Netherlands","Amsterdam","Urban"
"EUR - Euro","14.00","3.80","Netherlands","Amsterdam","Urban"
"EUR - Euro","14.00","3.80","Germany","Hamburg","Urban"
"EUR - Euro","16.00","3.80","Germany","Berlin","Urban"
"EUR - Euro","13.90","3.80","Germany","Münster","Suburban"
"EUR - Euro","14.00","3.80","Germany","Cologne","Urban"
"EUR - Euro","14.40","3.80","Germany","Munich","Urban"
"EUR - Euro","16.72","3.80","Netherlands","Amsterdam","Urban"
"EUR - Euro","14.80","3.80","Netherlands","Amsterdam","Urban"
"EUR - Euro","16.00","3.80","Belgium","Ghent","Urban"
"EUR - Euro","15.00","3.80","Belgium","Antwerp","Suburban"
"EUR - Euro","9.86","3.80","France","","Suburban"
"EUR - Euro","13.90","3.80","Germany","Münster","Urban"
"EUR - Euro","14.00","3.80","Germany","Frankfurt","Suburban"
"EUR - Euro","14.00","3.80","Germany","Munich","Urban"
"EUR - Euro","20.00","3.80","Germany","Munich","Urban"
"EUR - Euro","13.00","3.80","Germany","Berlin","Urban"
"EUR - Euro","14.00","3.80","Germany","Berlin","Urban"
"EUR - Euro","15.50","3.80","Germany","Berlin","Urban"
"EUR - Euro","14.50","3.80","Germany","Leipzig","Urban"
"EUR - Euro","15.50","3.80","Germany","Berlin","Urban"
"EUR - Euro","13.50","3.80","Germany","Hamburg","Suburban"
"EUR - Euro","19.00","3.80","Germany","Würzburg","Urban"
"EUR - Euro","13.90","3.80","Germany","Aachen","Urban"
"EUR - Euro","13.00","3.80","Germany","Heidelberg","Urban"
"EUR - Euro","6.00","3.80","Greece","Rhodes","Suburban"
"EUR - Euro","14.50","3.80","Ireland","Cork","Urban"
"EUR - Euro","16.50","3.80","Ireland","","Rural"
"EUR - Euro","15.75","3.80","Ireland","","Suburban"
"EUR - Euro","15.35","3.80","Netherlands","The Hague","Urban"
"EUR - Euro","15.00","3.80","Netherlands","Haarlem","Urban"
"EUR - Euro","14.95","3.80","Netherlands","","Suburban"
"EUR - Euro","12.13","3.80","France","Anglet","Urban"
"EUR - Euro","9.00","3.80","Slovakia","Poprad","Suburban"
"CAD - Canadian Dollar","19.50","6.04","Canada","Calgary","Urban"
"CAD - Canadian Dollar","20.00","6.00","Canada","Sherbrooke","Urban"
"CAD - Canadian Dollar","18.19","6.00","Canada","Halifax","Urban"
"CAD - Canadian Dollar","17.75","6.00","Canada","Guelph","Urban"
"CAD - Canadian Dollar","25.00","6.00","Canada","Toronto","Urban"
"CAD - Canadian Dollar","17.50","6.00","Canada","Montréal","Urban"
"CAD - Canadian Dollar","18.00","6.00","Canada","Nova Scotia","Rural"
"CLP - Chilean Peso","3,750.00","3,990.00","Chile","Talcahuano","Urban"
"USD - US dollar","16.00","4.35","USA","Chandler, AZ","Urban"
"USD - US dollar","12.25","4.35","USA","Rock Hill","Urban"
"USD - US dollar","18.00","4.35","USA","Queen Creek","Urban"
"USD - US dollar","20.05","4.35","USA","Greer, South Carolina","Suburban"
"USD - US dollar","29.00","4.35","USA","Minneapolis","Suburban"
"USD - US dollar","16.11","4.35","USA","O'Fallon, Missouri","Suburban"
"USD - US dollar","15.25","4.35","USA","Baton Rouge","Suburban"
"USD - US dollar","19.76","4.35","USA","Little Rock, Arkansas","Suburban"
"USD - US dollar","16.25","4.35","USA","Phoenix","Suburban"
"USD - US dollar","19.00","4.35","USA","Dallas","Suburban"
"USD - US dollar","20.00","4.35","USA","Winston-Salem, NC","Suburban"
"USD - US dollar","16.84","4.35","USA","Lehi","Suburban"
"GBP - Pound Sterling","12.25","3.25","UK","","Urban"
"USD - US dollar","12.00","4.34","USA","Salt Lake City","Suburban"
"USD - US dollar","17.09","4.34","USA","Nashville, TN","Urban"
"USD - US dollar","13.75","4.34","USA","Columbia MO","Urban"
"EUR - Euro","10.00","3.75","Netherlands","Sittard","Urban"
"EUR - Euro","14.71","3.75","Netherlands","Amsterdam","Urban"
"EUR - Euro","14.40","3.75","Netherlands","Eindhoven","Suburban"
"EUR - Euro","14.71","3.75","Netherlands","Elst","Suburban"
"EUR - Euro","14.00","3.75","Netherlands","Rotterdam","Suburban"
"PLN - Zloty","31.00","16.00","Poland","Gdańsk","Urban"
"PLN - Zloty","31.40","16.00","Poland","Kraków","Urban"
"PLN - Zloty","25.00","16.00","Poland","Kraków","Urban"
"PLN - Zloty","32.00","16.00","Poland","Poznań","Urban"
"PLN - Zloty","32.00","16.00","Poland","Warsaw","Urban"
"PLN - Zloty","30.40","16.00","Poland","Kraków","Urban"
"PLN - Zloty","31.40","16.00","Poland","Kolobrzeg","Urban"
"PLN - Zloty","31.40","16.00","Poland","Gdańsk","Urban"
"PLN - Zloty","31.00","16.00","Poland","Kraków","Urban"
"PLN - Zloty","31.40","16.00","Poland","Opole","Suburban"
"PLN - Zloty","28.00","16.00","Poland","Kraków","Urban"
"PLN - Zloty","25.00","16.00","Poland","Gliwice","Urban"
"PLN - Zloty","80.00","16.00","Poland","Warsaw","Urban"
"PLN - Zloty","31.40","16.00","Poland","Wrocław","Urban"
"PLN - Zloty","31.40","16.00","Poland","Łódź","Urban"
"USD - US dollar","15.00","4.33","USA","Peoria","Urban"
"USD - US dollar","16.00","4.33","USA","Amarillo, TX","Urban"
"USD - US dollar","9.25","4.32","USA","Philadelphia","Urban"
"CAD - Canadian Dollar","17.60","5.93","Canada","Toronto","Urban"
"PLN - Zloty","30.50","15.90","Poland","Żory","Urban, Suburban"
"USD - US dollar","15.00","4.30","USA","Forest, VA","Suburban"
"USD - US dollar","15.00","4.30","USA","Tulsa, OK","Urban"
"SGD - Singapore Dollar","12.00","5.50","Singapore","Singapore","Urban"
"SGD - Singapore Dollar","14.00","5.50","Singapore","","Urban"
"SGD - Singapore Dollar","15.00","5.50","Singapore","","Urban"
"SGD - Singapore Dollar","8.00","5.50","Singapore","Singapore","Urban"
"SGD - Singapore Dollar","12.00","5.50","Singapore","","Urban"
"ARS - Argentine Peso","4,000.00","6,000.00","Argentina","Buenos Aires","Urban"
"USD - US dollar","13.00","4.29","USA","Lincoln","Urban"
"EUR - Euro","12.82","3.70","Germany","","Rural"
"EUR - Euro","15.00","3.70","Belgium","Brussels","Urban"
"EUR - Euro","8.00","3.70","Estonia","Tallinn","Suburban"
"EUR - Euro","13.90","3.70","Germany","Berlin","Urban"
"EUR - Euro","14.10","3.70","Ireland","Cork","Urban"
"EUR - Euro","13.00","3.70","Germany","Cologne","Urban"
"EUR - Euro","23.00","3.70","Netherlands","Amsterdam","Urban"
"EUR - Euro","14.95","3.70","Netherlands","Nijmegen","Urban"
"EUR - Euro","14.71","3.70","Netherlands","Utrecht","Urban"
"EUR - Euro","15.00","3.70","Germany","Cologne","Urban"
"EUR - Euro","14.00","3.70","Germany","","Suburban"
"EUR - Euro","23.00","3.70","Netherlands","Amsterdam","Suburban"
"EUR - Euro","15.00","3.70","Netherlands","Amsterdam","Urban"
"USD - US dollar","8.00","4.28","USA","Liberty, IN","Rural"
"GBP - Pound Sterling","12.61","3.20","UK","","Suburban"
"GBP - Pound Sterling","12.75","3.20","UK","","Rural"
"GBP - Pound Sterling","13.45","3.20","UK","Liverpool","Urban"
"GBP - Pound Sterling","13.00","3.20","UK","Poole, Dorset","Suburban"
"GBP - Pound Sterling","13.50","3.20","UK","","Suburban"
"GBP - Pound Sterling","12.40","3.20","UK","Birmingham","Urban"
"GBP - Pound Sterling","13.00","3.20","UK","Sunerland","Urban"
"SEK - Swedish Krona","180.00","40.00","Sweden","Lund","Urban"
"CZK - Czech Koruna","160.00","90.00","Czechia","Brno","Urban"
"USD - US dollar","15.00","4.25","USA","Clarksville, Tennessee","Suburban"
"USD - US dollar","13.50","4.25","USA","Charleston","Suburban"
"USD - US dollar","13.50","4.25","USA","Winfield","Suburban"
"USD - US dollar","7.25","4.25","USA","","Suburban"
"USD - US dollar","19.50","4.25","USA","Glendora, California","Suburban"
"USD - US dollar","9.00","4.25","USA","San Antonio","Urban"
"USD - US dollar","17.25","4.25","USA","San Diego","Urban"
"USD - US dollar","19.00","4.25","USA","Fresno","Suburban"
"USD - US dollar","12.00","4.25","USA","Albuquerque","Urban"
"USD - US dollar","15.05","4.25","USA","Salem, Oregon","Suburban"
"USD - US dollar","16.00","4.25","USA","Lake Zurich, IL","Suburban"
"USD - US dollar","12.75","4.25","USA","","Suburban"
"USD - US dollar","18.00","4.25","USA","Belmont","Suburban"
"USD - US dollar","21.00","4.25","USA","Ann Arbor","Suburban"
"USD - US dollar","17.00","4.25","USA","Cincinnati","Urban"
"USD - US dollar","16.25","4.25","USA","Newberg, Oregon","Suburban"
"USD - US dollar","10.00","4.25","USA","Charlottesville","Urban"
"USD - US dollar","11.00","4.25","USA","Johns Creek","Suburban"
"USD - US dollar","17.25","4.25","USA","Iowa City, IA","Urban"
"USD - US dollar","18.00","4.25","USA","Delmar NY","Rural"
"USD - US dollar","15.00","4.25","USA","Jacksonville","Suburban"
"USD - US dollar","19.00","4.25","USA","Cincinnati","Urban"
"USD - US dollar","15.45","4.25","USA","Tucson","Urban"
"USD - US dollar","15.00","4.25","USA","Beverly, MA","Suburban"
"USD - US dollar","9.50","4.25","USA","Lafayette, LA","Urban"
"USD - US dollar","21.50","4.25","USA","","Suburban"
"USD - US dollar","16.00","4.24","USA","Spruce Pine","Suburban, Rural"
"USD - US dollar","9.50","4.24","USA","Harrisburg, PA","Urban"
"CAD - Canadian Dollar","18.70","5.80","Canada","Toronto","Urban"
"GBP - Pound Sterling","12.40","3.15","UK","Bovey Tracey","Rural"
"GBP - Pound Sterling","12.21","3.15","UK","Cardiff","Urban"
"CAD - Canadian Dollar","20.45","5.78","Canada","Vancouver","Urban"
"USD - US dollar","18.50","4.20","USA","St. Louis","Suburban"
"MXN - Mexican Peso","40.00","75.00","Mexico","Mérida","Urban"
"MXN - Mexican Peso","39.30","75.00","Mexico","México city","Urban"
"CAD - Canadian Dollar","19.00","5.75","Canada","Toronto","Urban"
"CAD - Canadian Dollar","20.00","5.75","Canada","Montréal","Urban"
"CAD - Canadian Dollar","15.00","5.75","Canada","Edmonton","Urban"
"CAD - Canadian Dollar","17.85","5.75","Canada","Victoria","Urban"
"CAD - Canadian Dollar","19.00","5.75","Canada","Montréal","Urban"
"AUD - Australian Dollar","33.50","6.00","Australia","Launceston","Urban"
"AUD - Australian Dollar","32.00","6.00","Australia","Katoomba","Suburban"
"AUD - Australian Dollar","32.00","6.00","Australia","Canberra","Urban"
"AUD - Australian Dollar","38.00","6.00","Australia","Melbourne","Suburban"
"AUD - Australian Dollar","33.38","6.00","Australia","Perth","Urban"
"AUD - Australian Dollar","32.00","6.00","Australia","Newcastle","Urban"
"AUD - Australian Dollar","25.85","6.00","Australia","Canberra","Urban"
"AUD - Australian Dollar","25.85","6.00","Australia","Katoomba","Rural"
"AUD - Australian Dollar","32.25","6.00","Australia","","Urban, Suburban"
"AUD - Australian Dollar","31.32","6.00","Australia","Geelong","Suburban"
"AUD - Australian Dollar","33.00","6.00","Australia","Melbourne","Urban"
"AUD - Australian Dollar","34.50","6.00","Australia","Melbourne","Urban"
"AUD - Australian Dollar","32.31","6.00","Australia","Melbourne","Suburban"
"AUD - Australian Dollar","28.00","6.00","Australia","Melbourne","Urban"
"AUD - Australian Dollar","26.00","6.00","Australia","Melbourne","Urban"
"AUD - Australian Dollar","26.55","6.00","Australia","Melbourne","Suburban"
"AUD - Australian Dollar","35.50","6.00","Australia","Melbourne","Suburban"
"AUD - Australian Dollar","30.13","6.00","Australia","","Rural"
"AUD - Australian Dollar","31.00","6.00","Australia","Brisbane","Urban"
"AUD - Australian Dollar","32.31","6.00","Australia","Melbourne","Urban"
"AUD - Australian Dollar","34.00","6.00","Australia","Sydney","Urban"
"EUR - Euro","9.52","3.60","France","Strasbourg","Urban"
"EUR - Euro","14.60","3.60","Netherlands","Nijmegen","Urban"
"EUR - Euro","16.00","3.60","Germany","Bremen","Urban"
"EUR - Euro","19.00","3.60","Germany","Freiburg","Urban"
"EUR - Euro","14.00","3.60","Germany","Berlin","Urban"
"EUR - Euro","15.00","3.60","Ireland","","Rural"
"EUR - Euro","17.70","3.60","Netherlands","The Hague","Urban"
"EUR - Euro","14.00","3.60","Germany","Berlin","Urban"
"EUR - Euro","13.00","3.60","Germany","Bonn","Urban"
"EUR - Euro","14.00","3.60","Germany","Trier","Suburban"
"EUR - Euro","14.60","3.60","Germany","Bonn","Urban"
"EUR - Euro","16.30","3.60","Netherlands","Amsterdam","Urban"
"EUR - Euro","17.00","3.60","Germany","Berlin","Urban"
"EUR - Euro","14.07","3.60","Netherlands","Groningen","Urban"
"HUF - Forint","2,900.00","1,400.00","Hungary","Budapest","Urban"
"HUF - Forint","2,900.00","1,400.00","Hungary","Budapest","Urban"
"ILS - New Israeli Sheqel","40.00","13.00","Israel","","Rural"
"ARS - Argentine Peso","6,700.00","5,800.00","Argentina","Ciudad Autónoma de Buenos Aires","Urban"
"USD - US dollar","16.50","4.15","USA","Dallas, TX","Urban"
"CLP - Chilean Peso","2,500.00","3,800.00","Chile","Santiago","Urban"
"CAD - Canadian Dollar","17.00","5.70","Canada","Montréal","Urban"
"CAD - Canadian Dollar","19.20","5.70","Canada","Toronto","Urban"
"GBP - Pound Sterling","14.42","3.10","UK","Aldershot","Urban"
"GBP - Pound Sterling","13.50","3.10","UK","Huddersfield","Urban"
"GBP - Pound Sterling","13.50","3.10","UK","Manchester","Suburban"
"GBP - Pound Sterling","12.21","3.10","UK","Torquay","Suburban"
"GBP - Pound Sterling","12.50","3.10","UK","","Urban"
"MYR - Malaysian Ringgit","11.00","16.40","Malaysia","Kuala Lumpur","Urban"
"SGD - Singapore Dollar","12.00","5.30","Singapore","","Urban"
"CAD - Canadian Dollar","18.00","5.69","Canada","Toronto","Urban"
"USD - US dollar","17.81","4.12","USA","Ellensburg","Suburban"
"CAD - Canadian Dollar","17.60","5.65","Canada","Toronto","Urban"
"CAD - Canadian Dollar","21.00","5.65","Canada","Toronto","Urban"
"EUR - Euro","4.75","3.55","Cyprus","Larnaca","Urban"
"USD - US dollar","16.00","4.10","USA","Hillsborough, NC","Suburban"
"CAD - Canadian Dollar","18.25","5.63","Canada","Vancouver","Urban"
"JPY - Yen","1,200.00","650.00","Japan","Tokyo","Urban"
"JPY - Yen","1,250.00","650.00","Japan","Koenji, Tokyo","Suburban"
"RUB - Russian Ruble","240.00","330.00","Russia","Kazan","Urban"
"RON - Romanian Leu","21.00","18.00","Romania","Cluj-Napoca","Urban"
"USD - US dollar","11.50","4.08","USA","Louisville","Urban"
"CAD - Canadian Dollar","20.00","5.60","Canada","Toronto","Urban"
"CAD - Canadian Dollar","15.50","5.60","Canada","Edmonton, Alberta","Urban"
"CAD - Canadian Dollar","18.00","5.60","Canada","Toronto","Urban"
"CAD - Canadian Dollar","18.35","5.60","Canada","Vancouver","Urban"
"CAD - Canadian Dollar","20.00","5.59","Canada","Kingston, ON","Suburban"
"PLN - Zloty","31.40","15.00","Poland","Wrocław","Urban"
"PLN - Zloty","31.40","15.00","Poland","Kraków","Urban"
"PLN - Zloty","32.00","15.00","Poland","Poznań","Urban"
"PLN - Zloty","27.00","15.00","Poland","Warsaw","Urban"
"PLN - Zloty","37.00","15.00","Poland","Warsaw","Urban"
"PLN - Zloty","45.00","15.00","Poland","Warsaw","Urban"
"PLN - Zloty","32.00","15.00","Poland","Wrocław","Urban"
"PLN - Zloty","32.00","15.00","Poland","Toruń","Urban"
"PLN - Zloty","37.50","15.00","Poland","Warsaw","Urban"
"PLN - Zloty","50.00","15.00","Poland","Warsaw","Urban"
"PLN - Zloty","27.00","15.00","Poland","Cieszyn","Urban"
"PLN - Zloty","34.00","15.00","Poland","Warsaw","Urban"
"PLN - Zloty","33.00","15.00","Poland","Warsaw","Urban"
"PLN - Zloty","31.40","15.00","Poland","Kraków","Suburban"
"PLN - Zloty","31.40","15.00","Poland","Warsaw","Urban"
"PLN - Zloty","32.00","15.00","Poland","Kraków","Urban"
"PLN - Zloty","32.00","15.00","Poland","Warsaw","Urban"
"PLN - Zloty","31.40","15.00","Poland","Kraków","Urban"
"TRY - Turkish Lira","197.00","180.00","Turkey","Istanbul","Urban"
"EUR - Euro","20.00","3.50","Germany","Hamburg","Urban"
"EUR - Euro","15.00","3.50","Germany","Giessen","Urban"
"EUR - Euro","8.00","3.50","Portugal","Lisbon","Rural"
"EUR - Euro","9.50","3.50","Spain","Málaga","Urban"
"EUR - Euro","14.00","3.50","Germany","Berlin","Suburban"
"EUR - Euro","7.50","3.50","Lithuania","Vilnius","Urban"
"EUR - Euro","9.00","3.50","Spain","Barcelona","Urban"
"EUR - Euro","8.00","3.50","Spain","Barcelona","Urban"
"EUR - Euro","15.00","3.50","Belgium","Antwerp","Urban"
"EUR - Euro","9.00","3.50","France","Châtellaion-Plage","Suburban"
"EUR - Euro","16.00","3.50","Germany","","Rural"
"EUR - Euro","35.00","3.50","Germany","Munich","Urban"
"EUR - Euro","13.50","3.50","Germany","Olpe","Suburban"
"EUR - Euro","15.00","3.50","Germany","","Urban"
"EUR - Euro","14.50","3.50","Germany","Cologne","Urban"
"EUR - Euro","13.00","3.50","Germany","Münster","Urban"
"EUR - Euro","17.00","3.50","Germany","Düsseldorf","Urban"
"EUR - Euro","13.00","3.50","Germany","","Urban"
"EUR - Euro","13.00","3.50","Germany","Heidelberg","Urban"
"EUR - Euro","14.50","3.50","Ireland","Galway","Urban"
"EUR - Euro","7.70","3.50","Latvia","Riga","Suburban"
"EUR - Euro","15.00","3.50","Netherlands","Amsterdam","Urban"
"EUR - Euro","21.00","3.50","Netherlands","Wageningen","Suburban"
"EUR - Euro","15.00","3.50","Netherlands","Arnhem","Urban"
"EUR - Euro","14.70","3.50","Netherlands","Boskoop","Rural"
"EUR - Euro","7.50","3.50","Portugal","Cascais","Suburban"
"EUR - Euro","5.49","3.50","Portugal","Porto","Urban"
"EUR - Euro","9.26","3.50","Spain","Málaga","Urban"
"EUR - Euro","10.00","3.50","Spain","Barcelona","Urban"
"EUR - Euro","15.00","3.50","Germany","","Rural"
"EUR - Euro","17.00","3.50","Germany","Coburg","Urban"
"USD - US dollar","13.00","4.05","USA","Greenville","Suburban"
"MYR - Malaysian Ringgit","8.00","16.00","Malaysia","Petaling Jaya","Suburban"
"MYR - Malaysian Ringgit","31.25","16.00","Malaysia","Kuala Lumpur","Urban"
"AUD - Australian Dollar","33.50","5.80","Australia","Brisbane","Suburban"
"MXN - Mexican Peso","39.38","72.00","Mexico","Ciudad de México","Urban"
"CZK - Czech Koruna","200.00","85.00","Czechia","Prague","Urban"
"CZK - Czech Koruna","160.00","85.00","Czechia","Prague","Urban"
"CZK - Czech Koruna","155.00","85.00","Czechia","Brno","Urban"
"CZK - Czech Koruna","180.00","85.00","Czechia","Prague","Urban"
"CZK - Czech Koruna","218.00","85.00","Czechia","Brno","Suburban"
"CZK - Czech Koruna","160.00","85.00","Czechia","Prague","Urban"
"CZK - Czech Koruna","160.00","85.00","Czechia","Brno","Urban"
"CZK - Czech Koruna","150.00","85.00","Czechia","Prague","Urban"
"CZK - Czech Koruna","150.00","85.00","Czechia","Prague","Urban"
"CZK - Czech Koruna","170.00","85.00","Czechia","Prague","Urban"
"CZK - Czech Koruna","200.00","85.00","Czechia","Prague","Urban"
"CZK - Czech Koruna","225.00","85.00","Czechia","Prague","Urban"
"CZK - Czech Koruna","200.00","85.00","Czechia","Česke Budějovice","Urban"
"CZK - Czech Koruna","200.00","85.00","Czechia","Brno","Urban"
"CZK - Czech Koruna","150.00","85.00","Czechia","Olomouc","Urban"
"GBP - Pound Sterling","12.18","3.00","UK","Southampton","Suburban, Rural"
"GBP - Pound Sterling","13.00","3.00","UK","Winchester","Urban"
"GBP - Pound Sterling","12.50","3.00","UK","","Rural"
"GBP - Pound Sterling","12.61","3.00","UK","Newark","Urban"
"GBP - Pound Sterling","12.50","3.00","UK","Torbay","Urban"
"GBP - Pound Sterling","14.00","3.00","UK","Canterbury","Suburban"
"GBP - Pound Sterling","10.00","3.00","UK","","Rural"
"GBP - Pound Sterling","11.00","3.00","UK","York","Urban"
"GBP - Pound Sterling","12.21","3.00","UK","Sheffield","Urban"
"GBP - Pound Sterling","7.55","3.00","UK","Gowerton","Suburban"
"CAD - Canadian Dollar","18.75","5.51","Canada","Vancouver","Suburban"
"ARS - Argentine Peso","5,769.00","5,600.00","Argentina","Buenos Aires","Suburban"
"CAD - Canadian Dollar","25.25","5.50","Canada","Peterborough","Urban"
"CAD - Canadian Dollar","22.00","5.50","Canada","North Vancouver","Suburban"
"CAD - Canadian Dollar","15.00","5.50","Canada","Edmonton","Suburban"
"CAD - Canadian Dollar","14.00","5.50","Canada","Montréal","Urban"
"CAD - Canadian Dollar","22.00","5.50","Canada","Saskatoon","Urban"
"CAD - Canadian Dollar","18.00","5.50","Canada","Rocky Mountain House","Rural"
"CAD - Canadian Dollar","19.00","5.50","Canada","Vancouver","Urban"
"CAD - Canadian Dollar","19.00","5.50","Canada","Port Moody","Suburban"
"CAD - Canadian Dollar","23.50","5.50","Canada","Ottawa","Suburban"
"CAD - Canadian Dollar","23.00","5.50","Canada","Ottawa","Suburban"
"CAD - Canadian Dollar","20.00","5.50","Canada","Toronto","Urban"
"CAD - Canadian Dollar","17.50","5.50","Canada","Vancouver","Urban"
"CAD - Canadian Dollar","18.00","5.50","Canada","Toronto","Urban"
"CAD - Canadian Dollar","18.00","5.50","Canada","Toronto","Urban"
"CAD - Canadian Dollar","19.00","5.50","Canada","Victoria","Urban"
"CAD - Canadian Dollar","19.50","5.50","Canada","Vancouver","Urban"
"USD - US dollar","15.00","4.00","USA","Cleveland","Urban"
"USD - US dollar","15.00","4.00","USA","","Suburban"
"USD - US dollar","11.00","4.00","USA","","Urban, Suburban, Rural"
"USD - US dollar","16.00","4.00","USA","Frostburg","Rural"
"USD - US dollar","16.00","4.00","USA","Milwaukee, WI","Urban"
"USD - US dollar","16.50","4.00","USA","","Suburban"
"USD - US dollar","13.00","4.00","USA","Chambersburg, Pennsylvania","Suburban"
"USD - US dollar","15.00","4.00","USA","Dallas","Suburban"
"USD - US dollar","15.00","4.00","USA","Little Rock, Arkansas","Suburban"
"USD - US dollar","24.00","4.00","USA","Orland Park","Suburban"
"USD - US dollar","20.00","4.00","USA","","Urban"
"USD - US dollar","11.00","4.00","USA","Waco","Suburban"
"USD - US dollar","18.80","4.00","USA","Lafayette, IN","Suburban"
"USD - US dollar","16.00","4.00","USA","Westminster","Urban"
"USD - US dollar","20.50","4.00","USA","Cartersville","Suburban"
"USD - US dollar","22.00","4.00","USA","Seattle","Urban"
"USD - US dollar","11.00","4.00","USA","Greensboro","Urban, Suburban"
"USD - US dollar","21.00","4.00","USA","San Francisco","Urban"
"USD - US dollar","18.00","4.00","USA","Chagrin Falls","Rural"
"USD - US dollar","14.40","4.00","USA","","Suburban"
"USD - US dollar","18.00","4.00","USA","Northfield, Illinois","Suburban"
"USD - US dollar","12.00","4.00","USA","Boise, Idaho","Urban"
"USD - US dollar","13.00","4.00","USA","Moscow, Idaho","Suburban"
"USD - US dollar","11.00","4.00","USA","milwaukee","Suburban"
"USD - US dollar","12.00","4.00","USA","Scranton","Urban"
"USD - US dollar","9.25","4.00","USA","Richmond, IN","Rural"
"USD - US dollar","9.00","4.00","USA","","Urban"
"USD - US dollar","12.00","4.00","USA","Little Rock","Urban, Suburban"
"USD - US dollar","24.00","4.00","USA","Portland, ME","Suburban"
"USD - US dollar","16.00","4.00","USA","","Suburban"
"USD - US dollar","19.29","4.00","USA","Denver","Urban"
"USD - US dollar","2.50","4.00","El Salvador","San Salvador","Urban"
"USD - US dollar","15.00","4.00","USA","Dallas","Suburban"
"USD - US dollar","13.00","4.00","USA","Indianapolis","Urban"
"USD - US dollar","18.00","4.00","USA","San Francisco","Urban"
"USD - US dollar","15.00","4.00","USA","Houston, TX","Urban"
"USD - US dollar","12.00","4.00","USA","Glen Ellyn, IL","Suburban"
"CAD - Canadian Dollar","18.00","5.48","Canada","Welland","Urban"
"USD - US dollar","19.35","3.98","USA","Flagstaff","Urban"
"CAD - Canadian Dollar","16.25","5.46","Canada","Calgary","Urban"
"CZK - Czech Koruna","163.00","84.00","Czechia","Brno","Urban"
"RUB - Russian Ruble","440.00","320.00","Russia","Moscow","Urban"
"RUB - Russian Ruble","380.00","320.00","Russia","Moscow","Urban"
"CAD - Canadian Dollar","18.86","5.45","Canada","Halifax","Urban"
"CAD - Canadian Dollar","18.00","5.45","Canada","Montréal","Urban"
"CAD - Canadian Dollar","19.50","5.45","Canada","Vancouver","Urban"
"AUD - Australian Dollar","45.00","5.70","Australia","Alice Springs","Urban"
"USD - US dollar","14.00","3.95","USA","Madison, WI","Suburban"
"USD - US dollar","10.00","3.95","USA","Warner Robins","Urban"
"USD - US dollar","15.00","3.95","USA","San Antonio","Suburban"
"GBP - Pound Sterling","12.25","2.95","UK","Cardiff","Urban"
"ARS - Argentine Peso","6,250.00","5,500.00","Argentina","Buenos Aires","Urban"
"ARS - Argentine Peso","5,000.00","5,500.00","Argentina","Mar del Plata","Urban"
"EUR - Euro","9.00","3.40","Portugal","","Rural"
"EUR - Euro","7.00","3.40","Cyprus","Nicosia","Urban"
"EUR - Euro","17.30","3.40","Germany","Munich","Suburban"
"EUR - Euro","10.70","3.40","Spain","Madrid","Urban"
"EUR - Euro","15.00","3.40","Ireland","Cork","Urban"
"EUR - Euro","8.90","3.40","Spain","Valencia","Urban"
"EUR - Euro","15.00","3.40","Germany","Dussseldorf","Suburban"
"CLP - Chilean Peso","3,180.00","3,600.00","Chile","Santiago","Urban"
"CAD - Canadian Dollar","18.25","5.40","Canada","Vancouver","Urban"
"CZK - Czech Koruna","145.00","83.00","Czechia","Ostrava","Urban"
"MXN - Mexican Peso","35.50","70.00","Mexico","Monterrey","Urban"
"MXN - Mexican Peso","50.00","70.00","Mexico","Mérida","Suburban"
"MXN - Mexican Peso","33.50","70.00","Mexico","CDMX","Suburban"
"CAD - Canadian Dollar","20.50","5.37","Canada","Toronto","Urban"
"SGD - Singapore Dollar","12.00","5.00","Singapore","Singapore","Urban"
"SGD - Singapore Dollar","12.00","5.00","Singapore","Singapore","Urban"
"AUD - Australian Dollar","30.02","5.60","Australia","","Rural"
"AUD - Australian Dollar","29.80","5.60","Australia","Melbourne","Suburban"
"CAD - Canadian Dollar","17.85","5.35","Canada","Kelowna","Urban"
"GBP - Pound Sterling","12.21","2.90","UK","Dundee","Urban"
"GBP - Pound Sterling","17.10","2.90","UK","London","Urban"
"RON - Romanian Leu","24.00","17.00","Romania","Bucharest","Urban"
"RON - Romanian Leu","26.50","17.00","Romania","Bucharest","Urban"
"HUF - Forint","2,300.00","1,300.00","Hungary","Budapest","Urban"
"HUF - Forint","2,350.00","1,300.00","Hungary","Budapest","Urban"
"USD - US dollar","10.85","3.85","USA","Billings","Urban"
"ILS - New Israeli Sheqel","71.00","12.00","Israel","Karmiel (north)","Urban, Suburban"
"ILS - New Israeli Sheqel","35.00","12.00","Israel","Jerusalem","Urban"
"TRY - Turkish Lira","144.00","170.00","Turkey","Çanakkale","Urban"
"CLP - Chilean Peso","12,250.00","3,509.00","Chile","Santiago","Urban"
"IQD - Iraqi Dinar","3,400.00","5,000.00","Iraq","Baghdad","Urban"
"AUD - Australian Dollar","33.00","5.50","Australia","Melbourne","Urban"
"AUD - Australian Dollar","25.00","5.50","Australia","Melbourne","Suburban"
"AUD - Australian Dollar","26.00","5.50","Australia","Townsville","Urban"
"AUD - Australian Dollar","31.00","5.50","Australia","Brisbane","Suburban"
"AUD - Australian Dollar","32.00","5.50","Australia","Melbourne","Urban"
"AUD - Australian Dollar","26.00","5.50","Australia","Brisbane","Suburban"
"AUD - Australian Dollar","32.00","5.50","Australia","Melbourne","Urban"
"AUD - Australian Dollar","31.00","5.50","Australia","Melbourne","Urban"
"AUD - Australian Dollar","33.00","5.50","Australia","Sydney","Suburban"
"AUD - Australian Dollar","29.88","5.50","Australia","Melbourne","Suburban"
"AUD - Australian Dollar","36.00","5.50","Australia","Melbourne","Urban"
"AUD - Australian Dollar","33.00","5.50","Australia","Brisbane","Urban"
"AUD - Australian Dollar","30.19","5.50","Australia","Sydney","Urban"
"AUD - Australian Dollar","33.00","5.50","Australia","Melbourne","Urban"
"AUD - Australian Dollar","33.00","5.50","Australia","Melbourne","Urban"
"AUD - Australian Dollar","35.00","5.50","Australia","Cronulla","Suburban"
"AUD - Australian Dollar","32.00","5.50","Australia","Melbourne","Urban"
"AUD - Australian Dollar","30.35","5.50","Australia","Newcastle","Suburban"
"AUD - Australian Dollar","30.00","5.50","Australia","Sydney","Urban"
"AUD - Australian Dollar","31.00","5.50","Australia","Rockhampton","Urban"
"AUD - Australian Dollar","33.38","5.50","Australia","Perth","Urban"
"AUD - Australian Dollar","40.00","5.50","Australia","Sydney","Suburban"
"AUD - Australian Dollar","35.00","5.50","Australia","Sydney","Urban"
"AUD - Australian Dollar","31.70","5.50","Australia","Melbourne","Urban"
"AUD - Australian Dollar","25.00","5.50","Australia","Sydney","Suburban"
"AUD - Australian Dollar","35.00","5.50","Australia","Melbourne","Urban"
"AUD - Australian Dollar","33.38","5.50","Australia","Brisbane","Urban"
"AUD - Australian Dollar","23.50","5.50","Australia","Hobart","Suburban"
"AUD - Australian Dollar","30.00","5.50","Australia","Torquay","Suburban"
"AUD - Australian Dollar","35.00","5.50","Australia","Sydney","Urban"
"AUD - Australian Dollar","32.31","5.50","Australia","Perth","Suburban"
"AUD - Australian Dollar","33.90","5.50","Australia","Townsville","Suburban"
"AUD - Australian Dollar","32.00","5.50","Australia","Melbourne","Urban"
"AUD - Australian Dollar","31.00","5.50","Australia","Wollongong","Suburban"
"AUD - Australian Dollar","33.38","5.50","Australia","Melbourne","Suburban"
"AUD - Australian Dollar","32.24","5.50","Australia","Melbourne","Suburban"
"AUD - Australian Dollar","22.70","5.50","Australia","Sydney","Suburban"
"AUD - Australian Dollar","28.00","5.50","Australia","Melbourne","Urban"
"AUD - Australian Dollar","35.00","5.50","Australia","Melbourne","Urban"
"CLP - Chilean Peso","4,000.00","3,500.00","Chile","Santiago","Urban"
"EUR - Euro","18.00","3.30","Germany","Berlin","Urban"
"EUR - Euro","18.00","3.30","Germany","","Urban"
"EUR - Euro","7.00","3.30","Slovakia","Bratislava","Urban"
"EUR - Euro","13.90","3.30","Germany","Berlin","Urban"
"EUR - Euro","11.00","3.30","Austria","Vienna","Urban"
"CAD - Canadian Dollar","21.00","5.25","Canada","Nelson BC","Urban"
"CAD - Canadian Dollar","19.43","5.25","Canada","Vaughan","Suburban"
"CAD - Canadian Dollar","17.00","5.25","Canada","Calgary","Suburban"
"CAD - Canadian Dollar","23.00","5.25","Canada","Vancouver","Urban"
"GBP - Pound Sterling","15.60","2.85","UK","","Suburban"
"MXN - Mexican Peso","55.00","68.00","Mexico","Tijuana","Urban"
"USD - US dollar","15.00","3.80","USA","Columbus, OH","Urban"
"USD - US dollar","17.25","3.80","USA","Columbus, OH","Urban"
"USD - US dollar","11.10","3.80","USA","Columbus, OH","Urban"
"ARS - Argentine Peso","4,500.00","5,300.00","Argentina","Ciudad Autónoma de Buenos Aires","Urban"
"MYR - Malaysian Ringgit","10.00","15.00","Malaysia","Kuala Lumpur","Urban"
"PLN - Zloty","31.40","14.00","Poland","Toruń","Urban"
"PLN - Zloty","31.00","14.00","Poland","Warsaw","Urban"
"PLN - Zloty","33.00","14.00","Poland","Gdańsk","Urban"
"PLN - Zloty","31.00","14.00","Poland","Warsaw","Urban"
"PLN - Zloty","25.00","14.00","Poland","Warsaw","Urban"
"PLN - Zloty","70.00","14.00","Poland","Elbląg","Urban"
"PLN - Zloty","34.00","14.00","Poland","Gdańsk","Urban"
"PLN - Zloty","33.00","14.00","Poland","Poznań","Urban"
"PLN - Zloty","31.40","14.00","Poland","Łódź","Urban"
"PLN - Zloty","31.00","14.00","Poland","Gliwice","Urban"
"PLN - Zloty","31.00","14.00","Poland","Łódź","Urban"
"PLN - Zloty","30.00","14.00","Poland","Warsaw","Urban"
"PLN - Zloty","26.50","14.00","Poland","Kraków","Urban"
"PLN - Zloty","25.00","14.00","Poland","Częstochowa","Urban"
"PLN - Zloty","32.00","14.00","Poland","Wrocław","Urban"
"PLN - Zloty","29.00","14.00","Poland","Warsaw","Urban"
"PLN - Zloty","28.00","14.00","Poland","Warsaw","Urban"
"CAD - Canadian Dollar","18.00","5.20","Canada","Ottawa","Urban"
"CAD - Canadian Dollar","16.00","5.20","Canada","Vancouver","Urban"
"CAD - Canadian Dollar","19.40","5.20","Canada","Vancouver","Urban"
"CZK - Czech Koruna","180.00","80.00","Czechia","Olomouc","Urban"
"CZK - Czech Koruna","270.00","80.00","Czechia","Prague","Suburban"
"CZK - Czech Koruna","150.00","80.00","Czechia","Prague","Suburban"
"CZK - Czech Koruna","170.00","80.00","Czechia","Kutná Hora","Urban"
"CZK - Czech Koruna","140.00","80.00","Czechia","Prague","Urban"
"CZK - Czech Koruna","160.00","80.00","Czechia","Ostrava","Urban"
"CZK - Czech Koruna","222.00","80.00","Czechia","Prague","Urban"
"CZK - Czech Koruna","160.00","80.00","Czechia","Prague","Urban"
"CZK - Czech Koruna","150.00","80.00","Czechia","Prague","Urban"
"CZK - Czech Koruna","200.00","80.00","Czechia","Česke Budějovice","Suburban"
"CZK - Czech Koruna","155.00","80.00","Czechia","Znojmo","Urban"
"CZK - Czech Koruna","160.00","80.00","Czechia","Prague","Urban"
"CZK - Czech Koruna","150.00","80.00","Czechia","Brno","Suburban"
"CZK - Czech Koruna","134.00","80.00","Czechia","Brno","Urban"
"CZK - Czech Koruna","250.00","80.00","Czechia","Prague","Urban"
"CZK - Czech Koruna","250.00","80.00","Czechia","Prague","Urban"
"CZK - Czech Koruna","190.00","80.00","Czechia","Prague","Urban"
"CZK - Czech Koruna","140.00","80.00","Czechia","Brno","Urban"
"NZD - New Zealand Dollar","26.00","6.50","New Zealand","Auckland","Urban"
"NZD - New Zealand Dollar","28.00","6.50","New Zealand","Christchurch","Urban"
"NZD - New Zealand Dollar","26.50","6.50","New Zealand","","Suburban"
"NZD - New Zealand Dollar","30.00","6.50","New Zealand","Hawkes Bay","Urban"
"NZD - New Zealand Dollar","33.80","6.50","New Zealand","Auckland","Suburban"
"NZD - New Zealand Dollar","26.00","6.50","New Zealand","Auckland","Suburban"
"JPY - Yen","1,270.00","600.00","Japan","Kyoto","Urban"
"CAD - Canadian Dollar","16.50","5.18","Canada","Sherbrooke","Urban"
"EUR - Euro","16.50","3.25","Netherlands","Amsterdam","Urban"
"EUR - Euro","14.71","3.25","Netherlands","Heerlen","Urban"
"AUD - Australian Dollar","31.00","5.40","Australia","Adelaide","Urban"
"AUD - Australian Dollar","28.55","5.40","Australia","Albury","Rural"
"USD - US dollar","17.75","3.75","USA","Cullman","Urban, Rural"
"USD - US dollar","18.13","3.75","USA","Arlington, WA","Rural"
"USD - US dollar","20.00","3.75","USA","Kansas City","Suburban"
"USD - US dollar","12.00","3.75","USA","Charlotte, NC","Urban"
"USD - US dollar","10.00","3.75","USA","Butler, Pennsylvania","Urban"
"GBP - Pound Sterling","13.95","2.80","UK","London","Urban"
"ARS - Argentine Peso","5,000.00","5,200.00","Argentina","Buenos Aires","Urban"
"HUF - Forint","2,270.00","1,250.00","Hungary","","Urban"
"EUR - Euro","20.00","3.20","Germany","Hagen","Urban"
"EUR - Euro","16.00","3.20","Germany","Hannover","Urban"
"EUR - Euro","16.40","3.20","Netherlands","Den Burg","Rural"
"EUR - Euro","8.00","3.20","Slovakia","Bratislava","Urban"
"EUR - Euro","6.70","3.20","Latvia","Riga","Urban"
"EUR - Euro","5.00","3.20","Portugal","Porto","Urban"
"EUR - Euro","5.20","3.20","Bulgaria","Sofia","Urban"
"EUR - Euro","5.60","3.20","Bulgaria","Sofia","Suburban"
"EUR - Euro","11.50","3.20","Germany","Munich","Urban"
"EUR - Euro","15.00","3.20","Germany","Munich","Urban"
"EUR - Euro","18.00","3.20","Germany","Schwäbisch Hall","Urban"
"EUR - Euro","6.00","3.20","Bulgaria","Sofia","Urban"
"EUR - Euro","5.00","3.20","Greece","Patras","Urban"
"USD - US dollar","3.75","3.70","Lebanon","Jal El Dib","Urban"
"CAD - Canadian Dollar","18.25","5.08","Canada","Ottawa","Urban"
"AUD - Australian Dollar","30.35","5.30","Australia","Sydney","Urban"
"AUD - Australian Dollar","30.00","5.30","Australia","Melbourne","Urban"
"AUD - Australian Dollar","31.19","5.30","Australia","Melbourne","Urban"
"AUD - Australian Dollar","25.00","5.30","Australia","Adelaide","Suburban"
"GBP - Pound Sterling","8.56","2.75","UK","Kelso","Rural"
"GBP - Pound Sterling","12.60","2.75","UK","Bristol","Suburban"
"KRW - Won","12,000.00","5,500.00","South Korea","Songdo-dong","Urban"
"EUR - Euro","3.80","3.17","Bulgaria","Rouse","Urban"
"USD - US dollar","22.00","3.65","USA","rutland","Urban"
"USD - US dollar","15.45","3.65","USA","Richmond, VA","Urban, Suburban"
"AUD - Australian Dollar","23.00","5.25","Australia","","Suburban"
"CAD - Canadian Dollar","19.00","5.00","Canada","Hamilton","Urban"
"CAD - Canadian Dollar","45.00","5.00","Canada","Shawinigan","Urban"
"CAD - Canadian Dollar","15.00","5.00","Canada","Kingston","Suburban"
"CAD - Canadian Dollar","20.00","5.00","Canada","Fonthill, Ontario","Suburban"
"CAD - Canadian Dollar","18.00","5.00","Canada","Vancouver","Suburban"
"CAD - Canadian Dollar","21.00","5.00","Canada","Fredericton","Urban"
"CAD - Canadian Dollar","21.00","5.00","Canada","Cambridge","Suburban"
"CAD - Canadian Dollar","18.00","5.00","Canada","Tantramar","Rural"
"CAD - Canadian Dollar","20.00","5.00","Canada","Toronto","Urban"
"CAD - Canadian Dollar","20.00","5.00","Canada","London","Urban"
"CAD - Canadian Dollar","26.00","5.00","Canada","Vancouver","Urban"
"CAD - Canadian Dollar","19.50","5.00","Canada","Vancouver","Urban"
"CAD - Canadian Dollar","15.00","5.00","Canada","Montréal","Urban"
"CAD - Canadian Dollar","16.00","5.00","Canada","Winnipeg","Urban"
"CAD - Canadian Dollar","18.00","5.00","Canada","Montréal","Urban"
"CAD - Canadian Dollar","17.50","5.00","Canada","Montréal","Urban"
"CAD - Canadian Dollar","21.00","5.00","Canada","Kenora","Rural"
"CAD - Canadian Dollar","17.40","5.00","Canada","Vancouver","Urban"
"CAD - Canadian Dollar","22.05","5.00","Canada","Waterloo ontario","Urban"
"MXN - Mexican Peso","45.00","65.00","Mexico","México city","Urban"
"MXN - Mexican Peso","61.54","65.00","Mexico","CDMX","Urban"
"MXN - Mexican Peso","40.00","65.00","Mexico","Puebla","Urban"
"MXN - Mexican Peso","40.00","65.00","Mexico","Mexicali","Urban, Suburban"
"MXN - Mexican Peso","55.00","65.00","Mexico","Axtla de Terrazas","Rural"
"RON - Romanian Leu","25.00","16.00","Romania","Bucharest","Urban"
"RON - Romanian Leu","45.00","16.00","Romania","Bucharest","Urban"
"RON - Romanian Leu","11.00","16.00","Romania","Cluj-Napoca","Urban"
"RON - Romanian Leu","30.00","16.00","Romania","Bucharest","Urban"
"RON - Romanian Leu","13.00","16.00","Romania","Bucharest","Urban"
"RON - Romanian Leu","20.00","16.00","Romania","Brasov","Urban"
"CAD - Canadian Dollar","18.10","4.98","Canada","Toronto","Suburban"
"AUD - Australian Dollar","32.00","5.20","Australia","Moonah","Suburban"
"AUD - Australian Dollar","35.00","5.20","Australia","Brisbane","Suburban"
"AUD - Australian Dollar","28.80","5.20","Australia","Geelong","Suburban"
"AUD - Australian Dollar","33.20","5.20","Australia","Lismore","Suburban"
"AUD - Australian Dollar","35.00","5.20","Australia","Sunshine Coast","Suburban"
"AUD - Australian Dollar","32.31","5.20","Australia","Perth","Urban"
"AUD - Australian Dollar","17.70","5.20","Australia","Newcastle, NSW","Urban, Suburban"
"GBP - Pound Sterling","12.90","2.70","UK","Birmingham","Urban"
"GBP - Pound Sterling","13.00","2.70","UK","Cheltenham","Suburban"
"TRY - Turkish Lira","300.00","160.00","Turkey","Ankara","Urban"
"TRY - Turkish Lira","162.00","160.00","Turkey","Ordu","Urban"
"TRY - Turkish Lira","200.00","160.00","Turkey","Istanbul","Urban"
"NZD - New Zealand Dollar","25.40","6.20","New Zealand","Wellington","Urban"
"CLP - Chilean Peso","2,500.00","3,300.00","Chile","Santiago","Urban"
"CAD - Canadian Dollar","17.85","4.95","Canada","Vancouver","Urban"
"CAD - Canadian Dollar","17.00","4.95","Canada","Bradford","Suburban, Rural"
"CAD - Canadian Dollar","22.00","4.95","Canada","Toronto","Urban"
"CAD - Canadian Dollar","17.75","4.95","Canada","Toronto","Urban"
"CAD - Canadian Dollar","17.60","4.95","Canada","Toronto","Urban"
"RUB - Russian Ruble","360.00","290.00","Russia","Moscow","Urban"
"CLP - Chilean Peso","3,330.00","3,290.00","Chile","San Pedro de la Paz","Urban"
"EUR - Euro","4.05","3.10","Bulgaria","Plovdiv","Urban"
"EUR - Euro","14.50","3.10","Germany","Weimar","Urban"
"ARS - Argentine Peso","4,464.00","5,000.00","Argentina","Bariloche","Urban"
"ARS - Argentine Peso","3,500.00","5,000.00","Argentina","La Plata","Urban"
"ARS - Argentine Peso","5,284.00","5,000.00","Argentina","Ciudad Autónoma de Buenos Aires","Urban"
"ARS - Argentine Peso","1,600.00","5,000.00","Argentina","Córdoba","Urban"
"HUF - Forint","2,500.00","1,200.00","Hungary","Budapest","Urban"
"HUF - Forint","1,790.00","1,200.00","Hungary","Pécs","Urban"
"HUF - Forint","2,200.00","1,200.00","Hungary","Budapest","Urban"
"CAD - Canadian Dollar","18.00","4.88","Canada","Vancouver","Urban"
"CAD - Canadian Dollar","18.25","4.88","Canada","Mont-Tremblant, Québec","Suburban"
"CZK - Czech Koruna","165.00","75.00","Czechia","Brno","Urban"
"CZK - Czech Koruna","150.00","75.00","Czechia","Vyškov","Suburban"
"CZK - Czech Koruna","150.00","75.00","Czechia","Brno","Suburban"
"CZK - Czech Koruna","140.00","75.00","Czechia","Olomouc","Urban"
"CZK - Czech Koruna","150.00","75.00","Czechia","Brno","Urban"
"CZK - Czech Koruna","140.00","75.00","Czechia","Olomouc","Urban"
"CZK - Czech Koruna","150.00","75.00","Czechia","Brno","Urban"
"CZK - Czech Koruna","110.00","75.00","Czechia","Prague","Urban"
"CZK - Czech Koruna","200.00","75.00","Czechia","Prague","Urban"
"CZK - Czech Koruna","135.00","75.00","Czechia","Brno","Suburban"
"CZK - Czech Koruna","140.00","75.00","Czechia","Chrudim","Urban"
"CZK - Czech Koruna","150.00","75.00","Czechia","Bořetice","Rural"
"CZK - Czech Koruna","145.00","75.00","Czechia","Olomouc","Urban"
"CZK - Czech Koruna","140.00","75.00","Czechia","Olomouc","Urban"
"CZK - Czech Koruna","187.00","75.00","Czechia","Prague","Suburban"
"CZK - Czech Koruna","145.00","75.00","Czechia","Olomouc","Urban, Suburban"
"CZK - Czech Koruna","160.00","75.00","Czechia","Brno","Urban"
"GBP - Pound Sterling","13.00","2.65","UK","Cheltenham","Suburban"
"MYR - Malaysian Ringgit","12.00","14.00","Malaysia","Kuala Lumpur","Urban"
"MYR - Malaysian Ringgit","15.62","14.00","Malaysia","Kuala Lumpur","Urban"
"MYR - Malaysian Ringgit","10.00","14.00","Malaysia","Kuala Lumpur","Urban"
"MYR - Malaysian Ringgit","10.00","14.00","Malaysia","Petaling Jaya","Suburban"
"CAD - Canadian Dollar","17.00","4.85","Canada","Calgary","Suburban"
"CAD - Canadian Dollar","17.01","4.85","Canada","Halifax","Urban"
"HUF - Forint","1,800.00","1,188.00","Hungary","Pécs","Urban"
"PLN - Zloty","21.00","13.00","Poland","Lublin","Urban"
"PLN - Zloty","31.40","13.00","Poland","Katowice","Urban"
"PLN - Zloty","35.00","13.00","Poland","Gdynia","Urban"
"PLN - Zloty","20.00","13.00","Poland","Lubliniec","Urban"
"SGD - Singapore Dollar","14.00","4.50","Singapore","Singapore","Urban"
"SGD - Singapore Dollar","15.00","4.50","Singapore","Singapore","Urban"
"KZT - Tenge","2,000.00","1,690.00","Kazakstan","Almaty","Urban"
"USD - US dollar","7.25","3.50","USA","Rome","Rural"
"USD - US dollar","9.00","3.50","USA","Marion","Suburban"
"USD - US dollar","8.45","3.50","USA","Springfield, MO","Urban"
"USD - US dollar","18.36","3.50","USA","Northbrook","Suburban"
"USD - US dollar","16.00","3.50","USA","Ontario","Suburban"
"USD - US dollar","25.00","3.50","USA","Portland, OR","Urban"
"USD - US dollar","2.80","3.50","Ecuador","Quito","Urban"
"USD - US dollar","22.00","3.50","USA","Portland","Urban"
"USD - US dollar","12.50","3.50","USA","Cincinnati","Urban"
"CLP - Chilean Peso","2,500.00","3,200.00","Chile","Pucón","Urban"
"CAD - Canadian Dollar","17.85","4.80","Canada","Vancouver","Urban"
"CAD - Canadian Dollar","17.25","4.80","Canada","Guelph","Suburban"
"NZD - New Zealand Dollar","32.64","6.00","New Zealand","Auckland","Urban"
"NZD - New Zealand Dollar","30.00","6.00","New Zealand","Auckland","Suburban"
"NZD - New Zealand Dollar","26.00","6.00","New Zealand","Wellington","Urban"
"NZD - New Zealand Dollar","23.50","6.00","New Zealand","Christchurch","Urban"
"NZD - New Zealand Dollar","28.00","6.00","New Zealand","Christchurch","Urban"
"NZD - New Zealand Dollar","23.50","6.00","New Zealand","Wellington","Suburban"
"NZD - New Zealand Dollar","35.00","6.00","New Zealand","Dunedin","Urban"
"NZD - New Zealand Dollar","27.00","6.00","New Zealand","Palmerston North","Urban"
"NZD - New Zealand Dollar","27.00","6.00","New Zealand","Taupo","Urban"
"NZD - New Zealand Dollar","26.00","6.00","New Zealand","Christchurch","Urban"
"NZD - New Zealand Dollar","25.00","6.00","New Zealand","Auckland","Urban"
"CAD - Canadian Dollar","21.84","4.78","Canada","Calgary","Urban"
"AUD - Australian Dollar","33.21","5.00","Australia","Melbourne","Urban"
"AUD - Australian Dollar","30.00","5.00","Australia","Sydney","Suburban"
"AUD - Australian Dollar","25.00","5.00","Australia","Melbourne","Suburban"
"AUD - Australian Dollar","31.00","5.00","Australia","Adelaide","Suburban"
"AUD - Australian Dollar","25.85","5.00","Australia","Perth","Suburban"
"AUD - Australian Dollar","31.19","5.00","Australia","","Rural"
"AUD - Australian Dollar","25.00","5.00","Australia","Cootamundra","Rural"
"AUD - Australian Dollar","30.00","5.00","Australia","Ballarat","Rural"
"AUD - Australian Dollar","35.00","5.00","Australia","Brisbane","Urban"
"AUD - Australian Dollar","31.20","5.00","Australia","Adelaide","Suburban"
"AUD - Australian Dollar","29.00","5.00","Australia","Sydney","Urban"
"AUD - Australian Dollar","31.00","5.00","Australia","Melbourne","Urban"
"AUD - Australian Dollar","37.00","5.00","Australia","Melbourne","Suburban"
"AUD - Australian Dollar","34.33","5.00","Australia","Perth","Suburban"
"AUD - Australian Dollar","33.19","5.00","Australia","Cessnock","Suburban"
"AUD - Australian Dollar","33.31","5.00","Australia","Melbourne","Urban"
"AUD - Australian Dollar","24.00","5.00","Australia","Melbourne","Urban"
"AUD - Australian Dollar","32.00","5.00","Australia","Brisbane","Urban"
"AUD - Australian Dollar","31.00","5.00","Australia","Melbourne","Suburban"
"AUD - Australian Dollar","33.00","5.00","Australia","","Rural"
"AUD - Australian Dollar","31.75","5.00","Australia","Melbourne","Urban"
"AUD - Australian Dollar","30.00","5.00","Australia","Brisbane","Suburban"
"AUD - Australian Dollar","39.00","5.00","Australia","","Suburban, Rural"
"AUD - Australian Dollar","27.00","5.00","Australia","Launceston","Urban"
"AUD - Australian Dollar","25.00","5.00","Australia","Darwin","Urban"
"AUD - Australian Dollar","33.19","5.00","Australia","Brisbane","Suburban"
"AUD - Australian Dollar","30.13","5.00","Australia","Melbourne","Suburban"
"AUD - Australian Dollar","40.00","5.00","Australia","Townsville","Suburban"
"AUD - Australian Dollar","35.00","5.00","Australia","Sydney","Urban"
"AUD - Australian Dollar","35.00","5.00","Australia","Sydney","Urban"
"AUD - Australian Dollar","31.00","5.00","Australia","Melbourne","Suburban"
"AUD - Australian Dollar","26.00","5.00","Australia","Brisbane","Suburban"
"AUD - Australian Dollar","34.15","5.00","Australia","Sunshine Coast","Suburban"
"AUD - Australian Dollar","35.00","5.00","Australia","Sydney","Urban"
"AUD - Australian Dollar","35.00","5.00","Australia","Castlemaine","Rural"
"AUD - Australian Dollar","31.00","5.00","Australia","Gold Coast","Urban"
"AUD - Australian Dollar","24.96","5.00","Australia","Adelaide","Suburban"
"AUD - Australian Dollar","32.31","5.00","Australia","Brisbane","Urban"
"AUD - Australian Dollar","30.60","5.00","Australia","Melbourne","Suburban"
"AUD - Australian Dollar","22.80","5.00","Australia","","Suburban"
"AUD - Australian Dollar","33.38","5.00","Australia","Adelaide","Suburban"
"AUD - Australian Dollar","28.00","5.00","Australia","Dunsborough","Urban"
"AUD - Australian Dollar","30.00","5.00","Australia","","Rural"
"AUD - Australian Dollar","34.00","5.00","Australia","Adelaide","Suburban"
"AUD - Australian Dollar","36.00","5.00","Australia","Sydney","Suburban"
"AUD - Australian Dollar","30.00","5.00","Australia","Hastings","Urban"
"AUD - Australian Dollar","32.00","5.00","Australia","Townsville","Suburban"
"AUD - Australian Dollar","32.00","5.00","Australia","Brisbane","Urban"
"AUD - Australian Dollar","31.00","5.00","Australia","Sunshine Coast","Suburban"
"EUR - Euro","18.50","3.00","Germany","Berlin","Urban"
"EUR - Euro","14.00","3.00","Germany","Landau in der Pfalz","Urban"
"EUR - Euro","9.00","3.00","Netherlands","Amstelveen","Suburban"
"EUR - Euro","12.00","3.00","Germany","Berlin","Urban"
"EUR - Euro","14.00","3.00","Germany","Wernau","Urban"
"EUR - Euro","6.63","3.00","Portugal","Porto","Urban"
"EUR - Euro","9.38","3.00","Spain","Valencia","Urban"
"EUR - Euro","11.00","3.00","Austria","Vienna","Urban"
"EUR - Euro","6.00","3.00","Bulgaria","Burgas","Urban"
"EUR - Euro","6.20","3.00","Croatia","Zagreb","Urban"
"EUR - Euro","7.00","3.00","Cyprus","Nicosia","Urban"
"EUR - Euro","5.00","3.00","Greece","Mytilene","Suburban"
"EUR - Euro","5.00","3.00","Greece","Arta","Suburban"
"EUR - Euro","6.00","3.00","Portugal","Matosinhos","Urban"
"EUR - Euro","6.80","3.00","Portugal","Lisbon","Urban"
"EUR - Euro","7.00","3.00","Portugal","Lisbon","Urban"
"EUR - Euro","6.00","3.00","Spain","Girona","Suburban"
"EUR - Euro","9.70","3.00","Spain","Barcelona","Urban"
"EUR - Euro","13.90","3.00","Germany","Jena","Urban"
"EUR - Euro","9.00","3.00","Slovenia","Ljubljana","Urban"
"EUR - Euro","11.00","3.00","Croatia","Zagreb","Urban"
"EUR - Euro","8.40","3.00","Spain","Valencia","Urban"
"EUR - Euro","8.75","3.00","Spain","Madrid","Urban"
"JPY - Yen","1,050.00","550.00","Japan","Kiryu, Gunma","Urban, Suburban"
"AMD - Armenian Dram","1,500.00","1,300.00","Armenia","Yerevan","Urban"
"CAD - Canadian Dollar","21.00","4.75","Canada","Toronto","Urban"
"CAD - Canadian Dollar","22.00","4.75","Canada","Montréal","Urban"
"CAD - Canadian Dollar","16.50","4.75","Canada","Montréal","Urban"
"USD - US dollar","20.25","3.45","USA","Santa Rosa, CA","Suburban"
"ARS - Argentine Peso","5,000.00","4,800.00","Argentina","Buenos Aires","Urban"
"CAD - Canadian Dollar","16.25","4.71","Canada","Sherbrooke","Urban"
"BRL - Brazilian Real","14.00","18.00","Brazil","Marilia","Urban"
"VND - Dong","32,000.00","90,000.00","Vietnam","Ho Chi Minh city","Urban"
"HUF - Forint","2,600.00","1,150.00","Hungary","Budapest","Urban"
"RON - Romanian Leu","17.00","15.00","Romania","Cluj-Napoca","Urban"
"RON - Romanian Leu","18.00","15.00","Romania","Iaşi","Urban"
"RON - Romanian Leu","19.00","15.00","Romania","Iaşi","Urban"
"RON - Romanian Leu","17.00","15.00","Romania","Iaşi","Urban"
"AUD - Australian Dollar","30.00","4.90","Australia","Brisbane","Suburban"
"AUD - Australian Dollar","24.00","4.90","Australia","Sydney","Suburban"
"AUD - Australian Dollar","19.40","4.90","Australia","Brisbane","Urban"
"CZK - Czech Koruna","125.00","72.00","Czechia","Prostějov","Suburban"
"TRY - Turkish Lira","150.00","150.00","Turkey","Istanbul","Urban"
"CAD - Canadian Dollar","30.00","4.65","Canada","Montréal","Urban"
"CAD - Canadian Dollar","17.83","4.65","Canada","Edmonton","Urban"
"NZD - New Zealand Dollar","24.50","5.80","New Zealand","Auckland","Urban"
"NZD - New Zealand Dollar","23.15","5.80","New Zealand","Cambridge","Urban, Suburban"
"NZD - New Zealand Dollar","26.00","5.80","New Zealand","Tāmaki Makaurau (Auckland)","Suburban"
"ARS - Argentine Peso","3,400.00","4,700.00","Argentina","Mendoza","Urban"
"EUR - Euro","5.50","2.90","Slovakia","Dubnica nad Váhom","Urban"
"EUR - Euro","8.75","2.90","Spain","Madrid","Urban"
"EUR - Euro","6.85","2.90","Spain","Ibiza","Urban"
"EUR - Euro","5.41","2.90","Spain","Barcelona","Urban"
"EUR - Euro","6.00","2.90","Slovakia","Trenčín","Urban"
"EUR - Euro","13.90","2.90","Germany","Berlin","Urban"
"EUR - Euro","13.50","2.90","Ireland","Cork","Suburban"
"EUR - Euro","6.40","2.90","Slovakia","Bratislava","Urban"
"EUR - Euro","6.57","2.90","Spain","A Coruña","Urban"
"EUR - Euro","7.20","2.90","Slovakia","Bratislava","Urban"
"EUR - Euro","7.00","2.90","Spain","Madrid","Urban"
"EUR - Euro","9.22","2.90","Spain","Madrid","Urban"
"MXN - Mexican Peso","50.00","60.00","Mexico","Mérida","Urban"
"MXN - Mexican Peso","52.00","60.00","Mexico","Monterrey","Urban"
"MXN - Mexican Peso","100.00","60.00","Mexico","Guadalajara","Urban"
"CAD - Canadian Dollar","17.50","4.60","Canada","Charlottetown","Urban"
"KRW - Won","10,500.00","5,000.00","South Korea","Seoul","Urban"
"AUD - Australian Dollar","33.20","4.80","Australia","Sydney","Suburban"
"AUD - Australian Dollar","32.00","4.80","Australia","Adelaide","Urban"
"RSD - Serbian Dinar","450.00","335.00","Serbia","Belgrade","Urban"
"CAD - Canadian Dollar","23.00","4.55","Canada","Cambridge","Urban"
"CAD - Canadian Dollar","22.75","4.55","Canada","Squamish","Suburban"
"CAD - Canadian Dollar","27.00","4.55","Canada","Calgary","Urban"
"CAD - Canadian Dollar","21.21","4.55","Canada","Calgary","Urban"
"CZK - Czech Koruna","170.00","70.00","Czechia","Prague","Urban"
"CZK - Czech Koruna","160.00","70.00","Czechia","Příbram","Urban"
"CZK - Czech Koruna","140.00","70.00","Czechia","Ústí nad Labem","Urban"
"CZK - Czech Koruna","134.00","70.00","Czechia","Příbram","Suburban"
"AUD - Australian Dollar","33.00","4.75","Australia","Melbourne","Urban"
"USD - US dollar","17.00","3.30","USA","Saratoga","Suburban"
"USD - US dollar","13.00","3.30","USA","Gadsden, AL","Suburban, Rural"
"EUR - Euro","9.00","2.85","Spain","Las Palmas de Gran Canaria","Urban"
"ARS - Argentine Peso","5,000.00","4,600.00","Argentina","La plata","Urban"
"USD - US dollar","17.00","3.29","USA","Buffalo, NY","Urban"
"CAD - Canadian Dollar","19.00","4.52","Canada","Canmore","Urban"
"MYR - Malaysian Ringgit","9.00","13.00","Malaysia","Kuala Lumpur","Urban"
"CAD - Canadian Dollar","22.00","4.50","Canada","Calgary","Urban"
"CAD - Canadian Dollar","18.20","4.50","Canada","Toronto","Urban"
"CAD - Canadian Dollar","19.00","4.50","Canada","Toronto","Urban"
"CAD - Canadian Dollar","22.00","4.50","Canada","Dartmouth, Nova Scotia","Urban"
"CAD - Canadian Dollar","21.32","4.50","Canada","Invermere","Rural"
"CAD - Canadian Dollar","16.00","4.50","Canada","Fredericton","Suburban"
"CAD - Canadian Dollar","30.63","4.50","Canada","Toronto","Urban"
"CAD - Canadian Dollar","19.50","4.50","Canada","Montréal","Urban"
"GTQ - Quetzal","21.35","25.00","Guatemala","Ciudad de Guatemala","Urban"
"AUD - Australian Dollar","32.00","4.70","Australia","Perth","Suburban"
"AUD - Australian Dollar","35.00","4.70","Australia","Melbourne","Suburban"
"AUD - Australian Dollar","40.00","4.70","Australia","Melbourne","Urban"
"AUD - Australian Dollar","21.25","4.70","Australia","Brisbane","Suburban"
"HUF - Forint","2,450.00","1,100.00","Hungary","Budapest","Urban"
"USD - US dollar","16.75","3.25","USA","St. Paul","Urban"
"PLN - Zloty","34.00","12.00","Poland","Łódź","Suburban"
"PLN - Zloty","32.00","12.00","Poland","Tychy","Urban"
"EUR - Euro","5.50","2.80","Greece","Athens","Urban"
"EUR - Euro","5.50","2.80","Slovakia","Košice","Urban"
"EUR - Euro","13.50","2.80","Germany","Stuttgart","Suburban"
"EUR - Euro","6.40","2.80","Slovakia","Bratislava","Urban"
"EUR - Euro","8.25","2.80","Spain","Seville","Urban"
"BRL - Brazilian Real","20.00","17.00","Brazil","Florianópolis","Urban"
"RUB - Russian Ruble","340.00","260.00","Russia","Obninsk","Urban"
"ARS - Argentine Peso","3,100.00","4,500.00","Argentina","Tucuman","Urban"
"ARS - Argentine Peso","4,500.00","4,500.00","Argentina","Crespo, Entre Rios","Urban"
"USD - US dollar","19.00","3.21","USA","Chicago","Urban"
"GBP - Pound Sterling","12.44","2.40","UK","Norwich","Suburban"
"NZD - New Zealand Dollar","23.50","5.50","New Zealand","Wellington","Urban"
"NZD - New Zealand Dollar","27.50","5.50","New Zealand","Paraparaumu, Kapit Coast","Suburban"
"NZD - New Zealand Dollar","28.00","5.50","New Zealand","Palmerston North","Suburban"
"NZD - New Zealand Dollar","26.00","5.50","New Zealand","Auckland","Suburban"
"NZD - New Zealand Dollar","28.00","5.50","New Zealand","Palmerston North","Urban"
"INR - Indian Rupee","115.00","300.00","India","Bangalore","Urban"
"AUD - Australian Dollar","33.17","4.60","Australia","Brisbane","Urban"
"AUD - Australian Dollar","28.00","4.60","Australia","Melbourne","Urban"
"MXN - Mexican Peso","39.38","57.00","Mexico","Colima","Urban"
"RON - Romanian Leu","35.00","14.00","Romania","Bucharest","Urban"
"CAD - Canadian Dollar","22.97","4.36","Canada","Nanaimo","Urban"
"CZK - Czech Koruna","150.00","67.00","Czechia","","Urban"
"RSD - Serbian Dinar","550.00","320.00","Serbia","","Urban, Suburban"
"JPY - Yen","1,500.00","500.00","Japan","Nishinoomote","Rural"
"MDL - Moldovan Leu","90.00","55.00","Moldova","Chisinau","Urban"
"NZD - New Zealand Dollar","26.00","5.40","New Zealand","Christchurch","Suburban"
"AUD - Australian Dollar","18.75","4.50","Australia","Horsham","Rural"
"AUD - Australian Dollar","32.50","4.50","Australia","Sydney","Suburban"
"AUD - Australian Dollar","32.00","4.50","Australia","Perth","Suburban"
"AUD - Australian Dollar","31.60","4.50","Australia","Melbourne","Suburban"
"AUD - Australian Dollar","30.00","4.50","Australia","","Suburban"
"AUD - Australian Dollar","32.50","4.50","Australia","Melbourne","Urban"
"AUD - Australian Dollar","24.00","4.50","Australia","Sydney","Urban"
"AUD - Australian Dollar","32.00","4.50","Australia","Townsville","Urban"
"AUD - Australian Dollar","32.00","4.50","Australia","Brisbane","Suburban"
"AUD - Australian Dollar","33.00","4.50","Australia","Melbourne","Urban"
"AUD - Australian Dollar","35.00","4.50","Australia","Brisbane","Suburban"
"AUD - Australian Dollar","26.25","4.50","Australia","Melbourne","Suburban"
"AUD - Australian Dollar","55.00","4.50","Australia","Sydney","Urban"
"AUD - Australian Dollar","27.50","4.50","Australia","Sydney","Suburban"
"AUD - Australian Dollar","31.20","4.50","Australia","Sydney","Suburban"
"AUD - Australian Dollar","28.00","4.50","Australia","Newcastle","Urban"
"EUR - Euro","6.00","2.70","Croatia","Zagreb","Suburban"
"EUR - Euro","5.90","2.70","Greece","Thessaloniki","Urban"
"EUR - Euro","8.80","2.70","Spain","Málaga","Urban"
"EUR - Euro","7.74","2.70","Slovenia","Ljubljana","Urban"
"CAD - Canadian Dollar","17.00","4.25","Canada","Montréal","Urban"
"CAD - Canadian Dollar","19.50","4.25","Canada","Montréal","Urban"
"ARS - Argentine Peso","6,000.00","4,300.00","Argentina","La plata","Urban"
"ARS - Argentine Peso","5,500.00","4,300.00","Argentina","Buenos Aires","Urban"
"ARS - Argentine Peso","6,000.00","4,300.00","Argentina","La Plata","Urban"
"MXN - Mexican Peso","62.00","55.00","Mexico","Matamoros","Urban"
"MXN - Mexican Peso","35.00","55.00","Mexico","Puebla","Urban"
"MXN - Mexican Peso","40.00","55.00","Mexico","Puebla","Urban"
"MXN - Mexican Peso","46.16","55.00","Mexico","Tepic","Urban"
"MXN - Mexican Peso","75.00","55.00","Mexico","México city","Urban"
"CZK - Czech Koruna","220.00","65.00","Czechia","Olomouc","Urban"
"CZK - Czech Koruna","150.00","65.00","Czechia","Brno","Suburban"
"RSD - Serbian Dinar","371.00","310.00","Serbia","Novi Sad","Urban"
"AUD - Australian Dollar","28.80","4.40","Australia","Melbourne","Urban"
"CLP - Chilean Peso","3,000.00","2,800.00","Chile","Santiago","Urban"
"CAD - Canadian Dollar","17.25","4.20","Canada","Vancouver","Urban"
"USD - US dollar","16.07","3.04","USA","Columbus, OH","Urban"
"BRL - Brazilian Real","20.00","16.00","Brazil","Londrina","Urban"
"BRL - Brazilian Real","24.00","16.00","Brazil","São Paulo","Urban"
"BRL - Brazilian Real","11.00","16.00","Brazil","Erechim / Rio Grande do Sul","Urban"
"RUB - Russian Ruble","230.00","245.00","Russia","Rostov-in-Don","Urban"
"RUB - Russian Ruble","270.00","245.00","Russia","Obninsk","Urban"
"MYR - Malaysian Ringgit","8.00","12.00","Malaysia","Kuala Lumpur","Urban"
"MYR - Malaysian Ringgit","14.00","12.00","Malaysia","Shah Alam","Suburban"
"MYR - Malaysian Ringgit","10.00","12.00","Malaysia","Klang","Suburban"
"CZK - Czech Koruna","150.00","64.00","Czechia","Poděbrady","Urban"
"CZK - Czech Koruna","170.00","64.00","Czechia","Poděbrady","Urban"
"NZD - New Zealand Dollar","26.50","5.20","New Zealand","Wellington","Suburban"
"RSD - Serbian Dinar","460.00","305.00","Serbia","Belgrade","Urban"
"EUR - Euro","5.63","2.60","Croatia","Zagreb","Urban"
"EUR - Euro","9.37","2.60","Spain","Valencia","Urban"
"EUR - Euro","5.00","2.60","Latvia","Riga","Urban"
"ARS - Argentine Peso","5,000.00","4,200.00","Argentina","Rosario","Urban"
"PHP - Philippine Peso","58.75","180.00","Philippines","Baguio City","Urban"
"USD - US dollar","17.50","3.00","USA","Modesto, CA","Suburban"
"USD - US dollar","17.00","3.00","USA","","Suburban"
"USD - US dollar","7.00","3.00","USA","Baltimore","Urban"
"USD - US dollar","10.00","3.00","USA","Houston, TX","Urban"
"USD - US dollar","12.00","3.00","USA","","Suburban"
"USD - US dollar","15.00","3.00","USA","","Rural"
"AUD - Australian Dollar","30.00","4.30","Australia","Melbourne","Urban"
"INR - Indian Rupee","80.00","280.00","India","lucknow uttar pradesh","Urban, Suburban, Rural"
"PLN - Zloty","33.00","11.00","Poland","Lublin","Urban"
"PLN - Zloty","32.00","11.00","Poland","Rawa Mazowiecka","Urban"
"PLN - Zloty","32.99","10.99","Poland","Warsaw","Urban, Suburban"
"NZD - New Zealand Dollar","26.00","5.10","New Zealand","Auckland","Suburban"
"CLP - Chilean Peso","4,350.00","2,700.00","Chile","Santiago","Urban"
"CAD - Canadian Dollar","16.95","4.00","Canada","","Urban"
"CAD - Canadian Dollar","18.00","4.00","Canada","Fredericton","Urban"
"CAD - Canadian Dollar","19.00","4.00","Canada","Princeton, BC","Rural"
"NZD - New Zealand Dollar","26.00","5.00","New Zealand","Auckland","Urban"
"NZD - New Zealand Dollar","29.00","5.00","New Zealand","Auckland","Urban"
"NZD - New Zealand Dollar","26.00","5.00","New Zealand","Christchurch","Urban"
"NZD - New Zealand Dollar","27.00","5.00","New Zealand","Auckland","Urban"
"USD - US dollar","12.50","2.90","USA","","Suburban"
"BOB - Boliviano","13.75","20.00","Bolivia","La Paz","Urban"
"EUR - Euro","8.00","2.50","Malta","Sliema","Urban"
"EUR - Euro","6.00","2.50","Portugal","","Suburban"
"EUR - Euro","10.00","2.50","Spain","Madrid","Urban"
"EUR - Euro","5.90","2.50","Greece","Athens","Urban"
"EUR - Euro","5.00","2.50","Greece","Athens","Urban"
"EUR - Euro","4.50","2.50","Greece","Drama","Urban"
"EUR - Euro","10.00","2.50","Italy","Milan","Urban"
"EUR - Euro","6.00","2.50","Italy","Pesaro","Urban"
"RSD - Serbian Dinar","350.00","290.00","Serbia","Belgrade","Urban"
"BRL - Brazilian Real","19.00","15.00","Brazil","Florianópolis","Urban, Suburban"
"HUF - Forint","1,856.00","950.00","Hungary","Szeged","Urban"
"MYR - Malaysian Ringgit","10.00","11.00","Malaysia","Selangor","Urban, Suburban"
"MYR - Malaysian Ringgit","8.00","11.00","Malaysia","Kota Kinabalu","Suburban"
"MYR - Malaysian Ringgit","6.00","11.00","Malaysia","Kuala Lumpur","Urban"
"MYR - Malaysian Ringgit","12.00","11.00","Malaysia","Subang Jaya","Urban"
"AUD - Australian Dollar","35.00","4.00","Australia","Sydney","Urban"
"SEK - Swedish Krona","250.00","26.00","Sweden","Stockholm","Urban"
"AUD - Australian Dollar","38.00","4.00","Australia","Perth","Suburban"
"AUD - Australian Dollar","32.50","4.00","Australia","Melbourne","Suburban"
"EUR - Euro","4.00","2.40","Latvia","Liepaja","Urban"
"EUR - Euro","19.20","2.40","Netherlands","The Hague","Urban"
"EUR - Euro","5.50","2.40","Greece","Thessaloniki","Urban"
"EUR - Euro","5.00","2.40","Greece","Thessaloniki","Urban"
"EUR - Euro","10.00","2.40","Slovenia","Celje","Urban"
"EUR - Euro","12.00","2.40","Spain","Girona","Urban"
"EUR - Euro","6.81","2.40","Croatia","Omiš","Urban"
"EUR - Euro","15.00","2.40","Germany","","Urban"
"EUR - Euro","4.50","2.40","Greece","Thessaloniki","Suburban"
"EUR - Euro","11.45","2.40","Ireland","Galway","Urban"
"EUR - Euro","8.00","2.40","Croatia","Zagreb","Urban"
"INR - Indian Rupee","130.00","260.00","India","Hyderabad","Urban"
"RSD - Serbian Dinar","400.00","280.00","Serbia","Novi Sad","Suburban"
"PHP - Philippine Peso","86.88","165.00","Philippines","Manila","Urban"
"USD - US dollar","18.00","2.75","USA","Lakewood","Suburban"
"UAH - Hryvnia","80.00","120.00","Ukraine","Kyiv","Urban"
"RUB - Russian Ruble","350.00","220.00","Russia","Khabarovsk","Urban"
"RON - Romanian Leu","19.00","12.00","Romania","Iaşi","Urban"
"ARS - Argentine Peso","6,200.00","3,800.00","Argentina","San Miguel de Tucumán","Urban"
"ARS - Argentine Peso","4,500.00","3,800.00","Argentina","Córdoba","Urban"
"MUR - Mauritius Rupee","120.00","125.00","Mauritius","Pamplemousses","Rural"
"KRW - Won","11,000.00","4,000.00","South Korea","Seoul","Urban"
"PHP - Philippine Peso","112.50","160.00","Philippines","Makati City","Urban"
"PHP - Philippine Peso","69.00","160.00","Philippines","Malolos City","Suburban"
"IDR - Rupiah","20,000.00","45,000.00","Indonesia","Bali","Urban"
"INR - Indian Rupee","111.00","250.00","India","Ludhiana","Urban"
"EUR - Euro","5.00","2.30","Greece","Kastoria","Suburban"
"EUR - Euro","8.75","2.30","Spain","Gijon","Urban"
"EUR - Euro","8.00","2.30","Italy","Florence","Urban"
"EUR - Euro","15.00","2.30","Slovenia","Ljubljana","Urban"
"EUR - Euro","8.50","2.30","Spain","Oviedo","Urban"
"BRL - Brazilian Real","13.89","14.00","Brazil","Joinville, SC","Urban"
"BRL - Brazilian Real","20.00","14.00","Brazil","São Sebastião","Suburban"
"BRL - Brazilian Real","16.52","14.00","Brazil","Joinville, SC","Urban"
"BRL - Brazilian Real","8.00","14.00","Brazil","Caxias do Sul","Urban"
"BRL - Brazilian Real","12.00","14.00","Brazil","Porto Alegre","Urban"
"NZD - New Zealand Dollar","28.10","4.50","New Zealand","Palmerston North","Urban"
"NZD - New Zealand Dollar","24.50","4.50","New Zealand","Wellington","Urban"
"GTQ - Quetzal","34.00","20.00","Guatemala","Antigua","Urban"
"INR - Indian Rupee","100.00","245.00","India","Mumbai","Urban"
"BOB - Boliviano","15.00","18.00","Bolivia","Santa Cruz","Urban"
"USD - US dollar","10.50","2.60","Puerto Rico","Arecibo","Urban"
"NIO - Cordoba Oro","45.83","95.00","Nicaragua","Estelí","Urban"
"ZAR - Rand","49.00","44.00","South Africa","Modderfontein","Suburban"
"BRL - Brazilian Real","7.63","13.50","Brazil","Rio de Janeiro","Suburban"
"COP - Colombian Peso","7,959.00","9,500.00","Colombia","Monteria","Urban"
"INR - Indian Rupee","90.00","240.00","India","Delhi","Urban"
"EUR - Euro","9.35","2.20","Spain","Madrid","Urban"
"EUR - Euro","7.00","2.20","Croatia","Rijeka","Urban"
"EUR - Euro","11.00","2.20","Italy","Milan","Urban"
"EUR - Euro","5.50","2.20","Croatia","Osijek","Urban"
"CAD - Canadian Dollar","16.50","3.50","Canada","St. John’s","Urban"
"MYR - Malaysian Ringgit","12.00","10.00","Malaysia","Kuala Lumpur","Suburban"
"JPY - Yen","1,500.00","400.00","Japan","Kobe","Urban"
"MXN - Mexican Peso","83.00","45.00","Mexico","Ciudad Guzmán","Urban"
"PKR - Pakistan Rupee","170.00","700.00","Pakistan","Islamabad","Urban"
"PKR - Pakistan Rupee","135.00","700.00","Pakistan","Lahore","Urban"
"USD - US dollar","8.00","2.50","Ecuador","Quito","Urban"
"RUB - Russian Ruble","230.00","200.00","Russia","Krasnoyarsk","Urban"
"JOD - Jordanian Dinar","1.35","1.75","Jordan","Amman","Suburban"
"BRL - Brazilian Real","12.00","13.00","Brazil","Belém","Suburban"
"VND - Dong","24,000.00","65,000.00","Vietnam","Hanoi","Urban"
"CAD - Canadian Dollar","25.00","3.36","Canada","Edmonton","Urban"
"AUD - Australian Dollar","32.35","3.50","Australia","Sydney","Urban"
"EUR - Euro","7.00","2.10","Greece","Athens","Urban"
"COP - Colombian Peso","7,000.00","9,000.00","Colombia","Chia","Urban"
"INR - Indian Rupee","22.00","225.00","India","Mumbai","Urban"
"INR - Indian Rupee","58.00","225.00","India","Lucknow","Urban"
"HUF - Forint","1,800.00","800.00","Hungary","Budapest","Urban"
"CZK - Czech Koruna","150.00","50.00","Czechia","","Rural"
"RUB - Russian Ruble","250.00","190.00","Russia","","Urban"
"RUB - Russian Ruble","274.00","190.00","Russia","Tomsk","Urban"
"PHP - Philippine Peso","120.00","140.00","Philippines","Makati City","Urban"
"PHP - Philippine Peso","86.00","140.00","Philippines","Makati City","Urban"
"PHP - Philippine Peso","80.00","140.00","Philippines","Makati City","Urban"
"EUR - Euro","8.50","2.00","Croatia","Zagreb","Urban"
"EUR - Euro","10.00","2.00","Italy","Modena","Urban"
"EUR - Euro","9.50","2.00","Italy","Udine","Urban"
"EUR - Euro","8.00","2.00","Italy","Milano","Urban"
"EUR - Euro","5.00","2.00","Italy","Rome","Urban"
"EUR - Euro","12.00","2.00","Italy","Rome","Urban"
"EUR - Euro","16.00","2.00","Spain","San Sebastian basque country","Urban"
"EUR - Euro","10.00","2.00","Spain","Alicante","Urban"
"IQD - Iraqi Dinar","4,500.00","3,000.00","Iraq","Sulaymaniyah","Urban"
"ZAR - Rand","21.00","39.00","South Africa","Gqeberha","Urban"
"BRL - Brazilian Real","20.00","12.00","Brazil","São Paulo","Urban"
"VND - Dong","20,000.00","60,000.00","Vietnam","Hanoi","Urban"
"VND - Dong","23,000.00","60,000.00","Vietnam","Hanoi","Urban"
"MYR - Malaysian Ringgit","10.00","9.00","Malaysia","Shah Alam","Urban"
"RON - Romanian Leu","19.30","10.00","Romania","Bucharest","Urban"
"MKD - Denar","235.00","120.00","North Macedonia","Skopje","Urban"
"DJF - Djiboutian Franc","138.80","400.00","Djibouti","Djibouti","Urban, Suburban"
"RUB - Russian Ruble","210.00","180.00","Russia","Saint-Petersburg","Urban"
"RUB - Russian Ruble","400.00","180.00","Russia","Moscow","Urban"
"ZAR - Rand","150.00","38.00","South Africa","Johannesburg","Urban"
"GEL - Lari","8.00","6.00","Georgia","Tbilisi","Urban"
"CAD - Canadian Dollar","18.00","3.00","Canada","Vancouver","Urban"
"PHP - Philippine Peso","75.00","130.00","Philippines","Batangas city","Suburban"
"ZAR - Rand","40.00","37.00","South Africa","Rosendal","Rural"
"COP - Colombian Peso","7,959.00","8,000.00","Colombia","Bucaramanga, Santander","Urban"
"ZAR - Rand","34.50","36.00","South Africa","Durban north","Suburban"
"VND - Dong","23,000.00","55,000.00","Vietnam","Hanoi","Urban"
"VND - Dong","20,000.00","55,000.00","Vietnam","Hanoi","Urban"
"AUD - Australian Dollar","32.50","3.00","Australia","Perth","Urban"
"PHP - Philippine Peso","50.00","125.00","Philippines","La Carlota City","Suburban"
"IDR - Rupiah","15,000.00","35,000.00","Indonesia","Jakarta","Urban"
"IDR - Rupiah","13,500.00","35,000.00","Indonesia","Surabaya","Urban"
"UAH - Hryvnia","150.00","90.00","Ukraine","Kyiv","Urban"
"ZAR - Rand","120.00","35.00","South Africa","","Suburban"
"BYN - Belarussian Ruble","4.00","6.00","Belarus","Zhlobin","Urban"
"BYN - Belarussian Ruble","6.50","6.00","Belarus","Minsk","Urban"
"RSD - Serbian Dinar","350.00","200.00","Serbia","Belgrade","Urban"
"EUR - Euro","10.00","1.70","Italy","Verona","Suburban"
"EUR - Euro","8.00","1.70","Italy","Casalbuttano (CR)","Rural"
"MXN - Mexican Peso","55.00","35.00","Mexico","México city","Urban"
"UAH - Hryvnia","130.00","85.00","Ukraine","Odesa","Urban, Suburban"
"KRW - Won","10,320.00","2,900.00","South Korea","Wonju","Suburban"
"HUF - Forint","2,100.00","650.00","Hungary","Szeged","Urban"
"INR - Indian Rupee","60.00","180.00","India","Bangalore","Urban"
"LKR - Sri Lanka Rupee","260.00","600.00","Sri Lanka","Wattala","Suburban"
"IDR - Rupiah","18,000.00","32,000.00","Indonesia","Makassar","Urban"
"DZD - Algerian Dinar","173.08","250.00","Algeria","Algiers","Urban"
"COP - Colombian Peso","9,500.00","7,000.00","Colombia","Pasto","Urban"
"EUR - Euro","8.00","1.60","Italy","Padua","Urban"
"EUR - Euro","4.50","1.60","Greece","Thessaloniki","Urban"
"EUR - Euro","7.50","1.60","Spain","Sant Cugat del Vallés","Urban"
"THB - Baht","75.00","60.00","Thailand","Pathum Thani","Suburban"
"UAH - Hryvnia","130.00","80.00","Ukraine","Kyiv","Urban"
"EGP - Egyptian Pound","52.00","90.00","Egypt","Cairo","Urban"
"ZAR - Rand","30.00","29.00","South Africa","Mosselbay","Urban"
"PHP - Philippine Peso","60.00","100.00","Philippines","Bacolod City","Urban"
"PHP - Philippine Peso","38.00","100.00","Philippines","Antipolo City","Urban"
"EUR - Euro","15.00","1.40","Italy","Rieti","Rural"
"ZAR - Rand","31.00","27.00","South Africa","Potchefstroom","Suburban"
"EUR - Euro","7.00","1.30","Italy","Sezto Fiorentino","Urban"
"COP - Colombian Peso","9,200.00","5,500.00","Colombia","Bogotá","Suburban"
"COP - Colombian Peso","9,200.00","5,500.00","Colombia","Bogotá","Suburban"
"IDR - Rupiah","21,000.00","25,000.00","Indonesia","Bandung","Urban"
"EUR - Euro","16.00","1.20","Italy","Ancona","Suburban"
"INR - Indian Rupee","52.00","120.00","India","Meerut","Suburban"
"IDR - Rupiah","9,000.00","21,000.00","Indonesia","Sleman","Suburban"
"IDR - Rupiah","12,980.00","20,000.00","Indonesia","Samarinda","Urban"
"IDR - Rupiah","70,000.00","20,000.00","Indonesia","Jakarta","Urban"
